has_seq_scan,seq_scan_count,has_index_scan,has_index_only_scan,has_bitmap_scan,max_scan_cost,has_nested_loop,has_hash_join,has_merge_join,num_join_nodes,total_rows_estimated,max_rows_estimated,log_total_rows,total_startup_cost,total_run_cost,max_node_cost,has_filter,has_sort,has_aggregate,has_hash,index_coverage_ratio,num_index_scans,num_total_scans,has_no_index,plan_depth,num_nodes,has_subquery,has_cte,num_tables_accessed,max_width,query_id,category
0,0,1,1,0,318722.48,0,0,0,0,6250486,6250482,6.795913856251758,955167.42,1257263.27,318722.48,0,0,1,0,1.0,1,1,0,7,5,0,0,0,8,AGG_Q001,aggregation
1,1,0,0,0,1563521.39,0,0,0,0,24992984,24992980,7.397818128539833,4689563.68,6064637.71,1563521.39,0,0,1,0,0.0,0,1,1,7,5,0,0,1,32,AGG_Q002,aggregation
1,1,0,0,0,44796.97,0,0,0,0,625023,625019,5.795896693931992,133390.44,175624.86,44796.97,0,0,1,0,0.0,0,1,1,7,5,0,0,1,32,AGG_Q003,aggregation
1,1,0,0,0,54489.79,0,0,0,0,833175,833171,5.920736751412909,162468.9,211792.84,54489.79,0,0,1,0,0.0,0,1,1,7,5,0,0,1,64,AGG_Q004,aggregation
1,1,0,0,0,1438556.48,0,0,0,0,24992984,24992980,7.397818128539833,4314668.97,5689743.0,1438556.48,0,0,1,0,0.0,0,1,1,7,5,0,0,1,32,AGG_Q005,aggregation
1,1,0,0,0,2684513.2,0,0,0,0,30002317,15001158,7.4771548099102985,5294020.59,5742807.07,2684513.2,0,1,1,0,0.0,0,1,1,4,4,0,0,1,8,AGG_Q006,aggregation
1,1,0,0,0,1438556.48,0,0,0,0,24992984,24992980,7.397818128539833,4314668.97,5689743.0,1438556.48,0,0,1,0,0.0,0,1,1,7,5,0,0,1,32,AGG_Q007,aggregation
0,0,1,1,0,2903.32,0,0,0,0,100001,100000,5.00000868580278,2903.6,5556.63,2903.32,0,0,1,0,1.0,1,1,0,1,2,0,0,0,8,AGG_Q008,aggregation
1,1,0,0,0,217728.61,0,0,0,0,3333795,3333791,6.522939021171376,652185.38,860579.52,217728.61,0,0,1,0,0.0,0,1,1,7,5,0,0,1,8,AGG_Q009,aggregation
1,1,0,0,0,217728.62,0,0,0,0,3333795,3333791,6.522939021171376,652185.39,860579.53,217728.62,0,0,1,0,0.0,0,1,1,7,5,0,0,1,32,AGG_Q010,aggregation
1,1,0,0,0,356029.47,0,0,0,0,6250486,6250482,6.795913856251758,1067087.92,1390864.99,356029.47,0,0,1,0,0.0,0,1,1,7,5,0,0,1,64,AGG_Q011,aggregation
1,1,0,0,0,1466923.51,0,0,0,0,11346817,11346813,7.054874088948468,4399770.0600000005,5837326.54,1466923.51,1,0,1,0,0.0,0,1,1,10,6,0,0,1,8,AGG_Q012,aggregation
1,1,0,0,0,1438556.48,0,0,0,0,24992984,24992980,7.397818128539833,4314668.97,5689743.0,1438556.48,0,0,1,0,0.0,0,1,1,7,5,0,0,1,32,AGG_Q013,aggregation
1,1,0,0,0,1438556.48,0,0,0,0,24992984,24992980,7.397818128539833,4314668.97,5689743.0,1438556.48,0,0,1,0,0.0,0,1,1,7,5,0,0,1,32,AGG_Q014,aggregation
1,1,0,0,0,52667.71,0,0,0,0,104345,104341,5.018475805474078,157002.68,208409.55,52667.71,1,0,1,0,0.0,0,1,1,10,6,0,0,1,8,AGG_Q015,aggregation
1,1,0,0,0,1501038.93,0,0,0,0,24992984,24992980,7.397818128539833,4502116.32,5877190.35,1501038.93,0,0,1,0,0.0,0,1,1,7,5,0,0,1,32,AGG_Q016,aggregation
1,1,0,0,0,46220.84,0,0,0,0,569558,569554,5.75553871884047,137662.07,181459.03,46220.84,1,0,1,0,0.0,0,1,1,10,6,0,0,1,8,AGG_Q017,aggregation
1,1,0,0,0,340403.27,0,0,0,0,6250486,6250482,6.795913856251758,1020209.3200000001,1343986.38,340403.27,0,0,1,0,0.0,0,1,1,7,5,0,0,1,32,AGG_Q018,aggregation
0,0,1,1,0,43392.34,0,0,0,0,833175,833171,5.920736751412909,129176.98,169485.97,43392.34,0,0,1,0,1.0,1,1,0,7,5,0,0,0,8,AGG_Q019,aggregation
1,1,0,0,0,46359.51,0,0,0,0,625023,625019,5.795896693931992,138078.06,180312.48,46359.51,0,0,1,0,0.0,0,1,1,7,5,0,0,1,64,AGG_Q020,aggregation
1,1,0,0,0,356030.07,0,0,0,0,6250497,6250482,6.79591462054982,1422117.15,1745895.48,356030.07,0,1,1,1,0.0,0,1,1,10,9,0,0,1,10,AGG_Q021,aggregation
1,1,0,0,0,1484643.54,0,0,0,0,6144945,6144941,6.788518070785521,4452930.15,5890486.63,1484643.54,1,0,1,0,0.0,0,1,1,10,6,0,0,1,32,AGG_Q022,aggregation
1,1,0,0,0,18.86,0,0,0,0,341,170,2.534026106056135,36.85,48.98,18.86,0,1,1,0,0.0,0,1,1,4,4,0,0,1,8,AGG_Q023,aggregation
1,1,0,0,0,52406.86,0,0,0,0,833175,833171,5.920736751412909,156220.13,205544.07,52406.86,0,0,1,0,0.0,0,1,1,7,5,0,0,1,32,AGG_Q024,aggregation
0,0,1,1,0,1274818.61,0,0,0,0,24992984,24992980,7.397818128539833,3823455.94,5034791.55,1274818.61,0,0,1,0,1.0,1,1,0,7,5,0,0,0,8,AGG_Q025,aggregation
1,1,0,0,0,343612.37,0,0,0,0,1283645,1283641,6.108445271829677,1029836.64,1369239.9,343612.37,1,0,1,0,0.0,0,1,1,10,6,0,0,1,32,AGG_Q026,aggregation
1,1,0,0,0,53664.74,0,0,0,0,503156,503152,5.701703519041602,159993.77,211400.64,53664.74,1,0,1,0,0.0,0,1,1,10,6,0,0,1,8,AGG_Q027,aggregation
1,1,0,0,0,3514.01,0,0,0,0,100001,100000,5.00000868580278,3514.0,6778.01,3514.01,0,0,1,0,0.0,0,1,1,1,2,0,0,1,32,AGG_Q028,aggregation
1,1,0,0,0,1501038.93,0,0,0,0,24992984,24992980,7.397818128539833,4502116.32,5877190.35,1501038.93,0,0,1,0,0.0,0,1,1,7,5,0,0,1,64,AGG_Q029,aggregation
1,1,0,0,0,12.13,0,0,0,0,171,170,2.2355284469075487,12.12,23.83,12.13,0,0,1,0,0.0,0,1,1,1,2,0,0,1,8,AGG_Q030,aggregation
1,1,0,0,0,1155988.72,0,0,0,0,11448300,6250482,7.058741039420531,4330499.58,5137731.87,1155988.72,0,1,1,1,0.0,0,1,1,13,12,0,0,1,12,AGG_Q031,aggregation
1,1,0,0,0,3564807.24,0,0,0,0,27527614,24992980,7.439768585632026,16871495.81,18706803.42,3564807.24,0,1,1,1,0.0,0,1,1,13,12,0,0,1,36,AGG_Q032,aggregation
1,1,0,0,0,46367.36,0,0,0,0,625169,625019,5.795998129380644,229807.16,272054.14,46367.36,0,1,1,1,0.0,0,1,1,13,11,0,0,1,36,AGG_Q033,aggregation
1,1,0,0,0,54491.03,0,0,0,0,833201,833171,5.92075030374801,270449.64999999997,319775.85,54491.03,0,1,1,1,0.0,0,1,1,13,11,0,0,1,34,AGG_Q034,aggregation
1,1,0,0,0,465146.18,0,0,0,0,3920165,3333791,6.593304457672902,2155948.1799999997,2439417.9,465146.18,0,1,1,1,0.0,0,1,1,13,11,0,0,1,12,AGG_Q035,aggregation
1,1,0,0,0,684998.21,0,0,0,0,5991227,3333791,6.777515847258155,2648981.14,3116566.26,684998.21,0,1,1,1,0.0,0,1,1,13,12,0,0,1,36,AGG_Q036,aggregation
1,1,0,0,0,356030.7,0,0,0,0,6250512,6250482,6.795915662772281,1778148.0100000002,2101927.34,356030.7,0,1,1,1,0.0,0,1,1,13,11,0,0,1,24,AGG_Q037,aggregation
1,1,0,0,0,1501040.85,0,0,0,0,24993022,24992980,7.397818788852227,7503196.24,8878273.62,1501040.85,0,1,1,1,0.0,0,1,1,13,11,0,0,1,43,AGG_Q038,aggregation
1,1,0,0,0,1501040.85,0,0,0,0,24993022,24992980,7.397818788852227,7503196.24,8878273.62,1501040.85,0,1,1,1,0.0,0,1,1,13,11,0,0,1,43,AGG_Q039,aggregation
1,1,0,0,0,1626004.47,0,0,0,0,24992995,24992980,7.397818319682998,6502014.640000001,7877089.97,1626004.47,0,1,1,1,0.0,0,1,1,10,9,0,0,1,34,AGG_Q040,aggregation
1,1,0,0,0,3764.89,0,0,0,0,100050,100000,5.0002214337249695,7528.83,10793.14,3764.89,0,1,1,1,0.0,0,1,1,4,5,0,0,1,12,AGG_Q041,aggregation
1,1,0,0,0,54541.81,0,0,0,0,834071,833171,5.921203542068224,270521.61,319922.09,54541.81,0,1,1,1,0.0,0,1,1,13,11,0,0,1,53,AGG_Q042,aggregation
1,1,0,0,0,372460.3,0,0,0,0,6262512,6250482,6.7967486404038295,1485135.46,1825775.65,372460.3,0,1,1,1,0.0,0,1,1,10,9,0,0,1,64,AGG_Q043,aggregation
1,1,0,0,0,1501039.26,0,0,0,0,24992990,24992980,7.397818232799752,6002154.930000001,7377229.73,1501039.26,0,1,1,1,0.0,0,1,1,10,9,0,0,1,10,AGG_Q044,aggregation
1,1,0,0,0,372460.3,0,0,0,0,6262512,6250482,6.7967486404038295,1485135.46,1825775.65,372460.3,0,1,1,1,0.0,0,1,1,10,9,0,0,1,64,AGG_Q045,aggregation
1,1,0,0,0,642415.25,0,0,0,0,5548321,3333791,6.744161657658126,2013271.3000000003,2477534.63,642415.25,0,1,1,1,0.0,0,1,1,10,10,0,0,1,68,AGG_Q046,aggregation
1,1,0,0,0,4367892.99,0,0,0,0,36574462,24992980,7.563177958369492,17995678.84,20602530.64,4367892.99,0,1,1,1,0.0,0,1,1,13,12,0,0,1,36,AGG_Q047,aggregation
1,1,0,0,0,46360.75,0,0,0,0,625049,625019,5.795914759512959,229798.23,272034.93,46360.75,0,1,1,1,0.0,0,1,1,13,11,0,0,1,19,AGG_Q048,aggregation
1,1,0,0,0,46360.8,0,0,0,0,625049,625019,5.795914759512959,229798.33,272035.08,46360.8,0,1,1,1,0.0,0,1,1,13,11,0,0,1,43,AGG_Q049,aggregation
1,1,0,0,0,3396256.26,0,0,0,0,25597306,24992980,7.408194277164977,16571976.940000001,18242661.65,3396256.26,0,1,1,1,0.0,0,1,1,13,12,0,0,1,36,AGG_Q050,aggregation
1,1,0,0,0,54497.39,0,0,0,0,833321,833171,5.920812847507257,270458.12,319794.37,54497.39,0,1,1,1,0.0,0,1,1,13,11,0,0,1,19,AGG_Q051,aggregation
1,1,0,0,0,54497.46,0,0,0,0,833321,833171,5.920812847507257,270458.18,319794.5,54497.46,0,1,1,1,0.0,0,1,1,13,11,0,0,1,43,AGG_Q052,aggregation
1,1,0,0,0,388074.47,0,0,0,0,6262512,6250482,6.7967486404038295,1547640.27,1903894.64,388074.47,0,1,1,1,0.0,0,1,1,10,9,0,0,1,40,AGG_Q053,aggregation
1,1,0,0,0,3502324.79,0,0,0,0,27527614,24992980,7.439768585632026,16559083.559999999,18394391.17,3502324.79,0,1,1,1,0.0,0,1,1,13,12,0,0,1,36,AGG_Q054,aggregation
1,1,0,0,0,3271291.36,0,0,0,0,25597306,24992980,7.408194277164977,15947152.44,17617837.15,3271291.36,0,1,1,1,0.0,0,1,1,13,12,0,0,1,36,AGG_Q055,aggregation
1,1,0,0,0,54502.35,0,0,0,0,833411,833171,5.920859749416511,270464.94,319808.73,54502.35,0,1,1,1,0.0,0,1,1,13,11,0,0,1,19,AGG_Q056,aggregation
1,1,0,0,0,356030.75,0,0,0,0,6250512,6250482,6.795915662772281,1778148.0999999999,2101927.48,356030.75,0,1,1,1,0.0,0,1,1,13,11,0,0,1,48,AGG_Q057,aggregation
1,1,0,0,0,3020703.08,0,0,0,0,25597306,24992980,7.408194277164977,14760071.379999999,16380934.48,3020703.08,0,1,1,1,0.0,0,1,1,13,11,0,0,1,12,AGG_Q058,aggregation
1,1,0,0,0,1026780.06,0,0,0,0,9715694,6250482,6.9874738727555625,2356313.9299999997,2990540.21,1026780.06,0,0,1,1,0.0,0,1,1,7,9,0,0,1,8,AGG_Q059,aggregation
1,1,0,0,0,1026780.06,0,0,0,0,9715694,6250482,6.9874738727555625,2356313.9299999997,2990540.21,1026780.06,0,0,1,1,0.0,0,1,1,7,9,0,0,1,8,AGG_Q060,aggregation
1,2,0,0,0,1218314.33,0,1,0,1,14051752,6250482,7.14773050721166,4783399.19,5709804.37,1218314.33,0,1,1,1,0.0,0,2,1,16,14,0,0,2,68,AGG_Q061,aggregation
1,1,0,0,0,1491131.57,0,0,0,0,13751062,6250482,7.138336271780108,4098387.88,5251769.92,1491131.57,0,1,1,1,0.0,0,1,1,10,10,0,0,1,28,AGG_Q062,aggregation
1,1,0,0,0,1688492.38,0,0,0,0,24993085,24992980,7.3978198835784585,6751946.42,8127031.02,1688492.38,0,1,1,1,0.0,0,1,1,10,9,0,0,1,45,AGG_Q063,aggregation
1,1,0,0,0,889223.82,0,0,0,0,8134451,3333791,6.910328300801772,3039080.7800000003,3693447.49,889223.82,0,1,1,1,0.0,0,1,1,13,12,0,0,1,40,AGG_Q064,aggregation
1,1,0,0,0,56890.69,0,0,0,0,838171,833171,5.923333148685127,224469.49,274297.4,56890.69,0,1,1,1,0.0,0,1,1,10,9,0,0,1,30,AGG_Q065,aggregation
1,2,0,0,0,2072423.54,0,1,0,1,51674802,24992980,7.71327882964038,10470495.13,13588094.77,2072423.54,0,1,1,1,0.0,0,2,1,19,15,0,0,2,64,AGG_Q066,aggregation
1,2,0,0,0,512775.84,0,1,0,1,13811152,6250482,7.140229936408848,2130918.69,2910749.95,512775.84,0,1,1,1,0.0,0,2,1,16,13,0,0,2,51,AGG_Q067,aggregation
1,1,0,0,0,1563525.34,0,0,0,0,24993050,24992980,7.39781927539756,6252085.98,7627166.97,1563525.34,0,1,1,1,0.0,0,1,1,10,9,0,0,1,45,AGG_Q068,aggregation
1,3,0,0,0,523627.77,0,1,0,2,20006924,6250482,7.301180344100769,2764686.4600000004,3957739.68,523627.77,0,1,1,1,0.0,0,3,1,22,19,0,0,3,147,AGG_Q069,aggregation
1,1,0,0,0,3814238.27,0,0,0,0,28518215,24992980,7.455122354083438,14113332.04,16143826.97,3814238.27,0,1,1,1,0.0,0,1,1,10,10,0,0,1,47,AGG_Q070,aggregation
1,1,0,0,0,391385.36,0,0,0,0,6310632,6250482,6.800072924159979,1550023.6400000001,1895552.33,391385.36,0,1,1,1,0.0,0,1,1,10,9,0,0,1,56,AGG_Q071,aggregation
1,1,0,0,0,47961.0,0,0,0,0,625644,625019,5.796327978141365,189705.12,232003.58,47961.0,0,1,1,1,0.0,0,1,1,10,9,0,0,1,47,AGG_Q072,aggregation
1,4,0,0,0,2181296.72,0,1,0,3,28297746,6250482,7.4517518593964365,8116175.1400000015,10228014.89,2181296.72,0,1,1,1,0.0,0,4,1,22,22,0,0,4,168,AGG_Q073,aggregation
1,1,0,0,0,56610.41,0,0,0,0,833796,833171,5.921060328202381,224306.82,273693.56,56610.41,0,1,1,1,0.0,0,1,1,10,9,0,0,1,45,AGG_Q074,aggregation
1,2,0,0,0,2404586.53,0,1,0,1,62571134,24992980,7.796374032870541,10353037.66,13838389.48,2404586.53,0,1,1,1,0.0,0,2,1,16,13,0,0,2,75,AGG_Q075,aggregation
1,4,0,0,0,1124050.48,0,1,0,3,15272494,3333791,7.183909991622167,5634745.38,6806165.21,1124050.48,0,1,1,1,0.0,0,4,1,25,24,0,0,4,157,AGG_Q076,aggregation
1,3,0,0,0,2912370.67,0,1,0,2,88730017,24992980,7.948070569621048,12919223.869999997,18537831.94,2912370.67,0,1,1,1,0.0,0,3,1,19,17,0,0,3,45,AGG_Q077,aggregation
1,2,0,0,0,1989947.46,0,1,0,1,51653177,24992980,7.713097046967045,8070726.029999999,11232851.04,1989947.46,0,1,1,1,0.0,0,2,1,16,13,0,0,2,54,AGG_Q078,aggregation
1,1,0,0,0,1728142.94,0,0,0,0,13751062,6250482,7.138336271780108,4960293.02,6173425.73,1728142.94,0,1,1,1,0.0,0,1,1,10,10,0,0,1,56,AGG_Q079,aggregation
1,1,0,0,0,5862732.86,0,0,0,0,53946685,24992980,7.731964770684926,16007468.62,20604209.16,5862732.86,0,1,1,1,0.0,0,1,1,10,10,0,0,1,38,AGG_Q080,aggregation
1,5,0,0,0,375327.55,0,1,0,4,18474875,3333791,7.266581532171249,1812714.28,3143744.24,375327.55,0,1,1,1,0.0,0,5,1,25,25,0,0,5,147,AGG_Q081,aggregation
1,1,0,0,0,1816111.44,0,0,0,0,25030690,24992980,7.398472838954795,7253657.0,8757649.2,1816111.44,0,1,1,1,0.0,0,1,1,10,9,0,0,1,66,AGG_Q082,aggregation
1,1,0,0,0,57218.87,0,0,0,0,843171,833171,5.925916176085503,224678.97999999998,275011.09,57218.87,0,1,1,1,0.0,0,1,1,10,9,0,0,1,23,AGG_Q083,aggregation
1,6,0,0,0,11129505.34,0,1,0,5,144542472,24992980,8.159995480858436,56280061.69000001,67896058.38,11129505.34,0,1,1,1,0.0,0,6,1,31,32,0,0,5,240,AGG_Q084,aggregation
1,1,0,0,0,59142.86,0,0,0,0,870671,833171,5.939854578178331,226019.44,279199.64,59142.86,0,1,1,1,0.0,0,1,1,10,9,0,0,1,57,AGG_Q085,aggregation
1,2,0,0,0,517469.24,0,1,0,1,13751127,6250482,7.1383383246450105,2163183.36,2945691.36,517469.24,0,1,1,1,0.0,0,2,1,16,13,0,0,2,35,AGG_Q086,aggregation
1,5,0,0,0,2950774.0,0,1,0,4,138721682,24992980,8.142144349114107,16983071.099999998,26703304.16,2950774.0,0,1,1,1,0.0,0,5,1,28,28,0,0,5,147,AGG_Q087,aggregation
1,3,0,0,0,51590.62,0,1,0,2,1879987,625019,6.274155077162395,203471.44000000003,335679.22,51590.62,0,1,1,1,0.0,0,3,1,19,17,0,0,3,147,AGG_Q088,aggregation
1,1,0,0,0,1694713.39,0,0,0,0,25080970,24992980,7.399344346025459,6756458.96,8203152.07,1694713.39,0,1,1,1,0.0,0,1,1,10,9,0,0,1,75,AGG_Q089,aggregation
1,1,0,0,0,1628550.96,0,0,0,0,25030690,24992980,7.398472838954795,6503754.470000001,7945151.09,1628550.96,0,1,1,1,0.0,0,1,1,10,9,0,0,1,42,AGG_Q090,aggregation
1,1,0,0,0,1087594.23,0,0,0,0,10293230,6250482,7.012551719292848,4263548.93,5071503.14,1087594.23,1,1,1,1,0.0,0,1,1,13,13,0,0,1,12,AGG_Q091,aggregation
1,1,0,0,0,459569.42,0,0,0,0,3789859,3333791,6.5786231671315365,2150534.3,2434085.46,459569.42,1,1,1,1,0.0,0,1,1,13,12,0,0,1,12,AGG_Q092,aggregation
1,1,0,0,0,648431.36,0,0,0,0,5400685,3333791,6.732448927803037,2613152.46,3081106.68,648431.36,1,1,1,1,0.0,0,1,1,13,13,0,0,1,36,AGG_Q093,aggregation
1,1,0,0,0,1501040.77,0,0,0,0,24993012,24992980,7.397818615085905,7503196.17,8878273.55,1501040.77,1,1,1,1,0.0,0,1,1,13,12,0,0,1,43,AGG_Q094,aggregation
1,1,0,0,0,46366.67,0,0,0,0,625135,625019,5.795974509542959,229806.31999999998,272053.07,46366.67,1,1,1,1,0.0,0,1,1,13,12,0,0,1,12,AGG_Q095,aggregation
1,1,0,0,0,3530027.68,0,0,0,0,26964362,24992980,7.430790165070959,16837420.32,18673079.96,3530027.68,1,1,1,1,0.0,0,1,1,13,13,0,0,1,36,AGG_Q096,aggregation
1,1,0,0,0,54490.99,0,0,0,0,833195,833171,5.920747176323599,270449.61,319775.82,54490.99,1,1,1,1,0.0,0,1,1,13,12,0,0,1,34,AGG_Q097,aggregation
1,1,0,0,0,1169141.12,0,0,0,0,10293230,6250482,7.012551719292848,4610193.57,5439018.78,1169141.12,1,1,1,1,0.0,0,1,1,13,13,0,0,1,36,AGG_Q098,aggregation
1,2,0,0,0,713505.88,0,0,0,0,7123654,3333791,6.852702878334106,3189126.02,3688559.92,713505.88,1,1,1,1,0.0,0,2,1,13,19,1,0,1,36,AGG_Q099,aggregation
1,1,0,0,0,228496.2,0,0,0,0,139480,69740,5.144515052361274,439718.56999999995,664671.04,228496.2,1,1,0,0,0.0,0,1,1,7,6,0,0,1,12,AGG_Q100,aggregation
1,1,0,0,0,46366.92,0,0,0,0,625135,625019,5.795974509542959,229806.75999999998,272053.76,46366.92,1,1,1,1,0.0,0,1,1,13,12,0,0,1,36,AGG_Q101,aggregation
1,1,0,0,0,1501040.77,0,0,0,0,24993012,24992980,7.397818615085905,7503196.17,8878273.55,1501040.77,1,1,1,1,0.0,0,1,1,13,12,0,0,1,43,AGG_Q102,aggregation
1,1,0,0,0,353605.68,0,0,0,0,3999236,1999610,6.60197714175351,1030821.98,1111806.5,353605.68,1,1,1,0,0.0,0,1,1,7,8,0,0,1,19,AGG_Q103,aggregation
1,1,0,0,0,359549.72,0,0,0,0,6297074,6250482,6.799138865906822,1783947.54,2112741.65,359549.72,1,1,1,1,0.0,0,1,1,13,12,0,0,1,24,AGG_Q104,aggregation
1,1,0,0,0,54536.42,0,0,0,0,833871,833171,5.921099391213283,270515.36,319914.45,54536.42,1,1,1,1,0.0,0,1,1,13,12,0,0,1,53,AGG_Q105,aggregation
1,1,0,0,0,3387739.71,0,0,0,0,25463012,24992980,7.405909791770613,16563628.26,18234396.9,3387739.71,1,1,1,1,0.0,0,1,1,13,13,0,0,1,36,AGG_Q106,aggregation
1,1,0,0,0,372462.3,0,0,0,0,6260908,6250482,6.796637391521092,1485135.46,1825777.65,372462.3,1,1,1,1,0.0,0,1,1,10,10,0,0,1,64,AGG_Q107,aggregation
1,1,0,0,0,3764.45,0,0,0,0,100016,100000,5.000073823787079,7528.43,10792.76,3764.45,1,1,1,1,0.0,0,1,1,4,6,0,0,1,12,AGG_Q108,aggregation
1,2,0,0,0,91157.73,0,0,0,0,1250066,625019,6.096933290568454,407985.69999999995,492456.88,91157.73,1,1,1,1,0.0,0,2,1,13,18,1,0,1,43,AGG_Q109,aggregation
1,1,0,0,0,3766359.93,0,0,0,0,32070553,24992980,7.506106462175552,12957460.6,15211140.8,3766359.93,1,1,1,1,0.0,0,1,1,10,12,0,0,1,12,AGG_Q110,aggregation
0,0,1,1,0,1408209.0,0,0,0,0,16067348,8001098,7.205944227127643,4097039.79,4386627.73,1408209.0,1,1,1,0,1.0,1,1,0,7,8,0,0,0,12,AGG_Q111,aggregation
1,1,0,0,0,356030.71,0,0,0,0,6250506,6250482,6.795915245883597,1778148.07,2101927.46,356030.71,1,1,1,1,0.0,0,1,1,13,12,0,0,1,48,AGG_Q112,aggregation
1,1,0,0,0,2802195.29,0,0,0,0,30579852,15001158,7.485435393390158,8020488.17,8630836.92,2802195.29,1,1,1,0,0.0,0,1,1,7,8,0,0,1,12,AGG_Q113,aggregation
1,1,0,0,0,54501.66,0,0,0,0,833357,833171,5.920831608878787,270464.31999999995,319808.24,54501.66,1,1,1,1,0.0,0,1,1,13,12,0,0,1,43,AGG_Q114,aggregation
1,1,0,0,0,1563522.04,0,0,0,0,24992994,24992980,7.39781830230635,7815606.880000001,9190682.22,1563522.04,1,1,1,1,0.0,0,1,1,13,12,0,0,1,34,AGG_Q115,aggregation
1,1,0,0,0,494799.97,0,0,0,0,3789859,3333791,6.5786231671315365,2317501.74,2607564.22,494799.97,1,1,1,1,0.0,0,1,1,13,13,0,0,1,36,AGG_Q116,aggregation
1,2,0,0,0,2997550.59,0,1,0,1,48003580,15001158,7.681273636344963,8819207.149999999,10042709.71,2997550.59,1,1,1,1,0.0,0,2,1,13,12,0,0,2,20,AGG_Q117,aggregation
1,1,0,0,0,54497.14,0,0,0,0,833273,833171,5.920787831084397,270458.12,319794.69,54497.14,1,1,1,1,0.0,0,1,1,13,12,0,0,1,43,AGG_Q118,aggregation
1,1,0,0,0,1469549.54,0,0,0,0,6198291,6198259,6.792272031890612,7345740.2700000005,8783300.03,1469549.54,1,1,1,1,0.0,0,1,1,16,13,0,0,1,19,AGG_Q119,aggregation
1,2,0,0,0,2154169.73,0,0,0,0,20875228,6250482,7.3196312483659804,9571210.780000001,11186397.29,2154169.73,1,1,1,1,0.0,0,2,1,17,25,1,0,1,32,AGG_Q121,aggregation
1,2,0,0,0,132015330096.83,0,0,0,0,1346406,666537,6.129176360880328,132015394450.94,264030710110.18,132015330096.83,1,1,1,0,0.0,0,2,1,11,8,1,0,1,32,AGG_Q122,aggregation
1,1,1,0,0,309140223.2,0,0,0,0,5334085,2667033,6.727060013420665,309133594.6,617898031.72,309140223.2,1,1,1,0,0.5,1,2,0,11,8,1,0,1,32,AGG_Q123,aggregation
1,1,0,0,0,1153053.09,0,0,0,0,11448310,6250482,7.058741418773146,5743549.03,6571652.36,1153053.09,0,1,1,1,0.0,0,1,1,16,13,0,0,1,36,AGG_Q124,aggregation
1,5,0,0,0,4381873.45,0,1,0,3,138717266,24992980,8.142130523770318,22092614.790000003,31027872.02,4381873.45,0,1,1,1,0.0,0,5,1,25,29,1,0,4,168,AGG_Q125,aggregation
1,2,0,0,0,71470086735.46,0,0,0,0,35644020,24992980,7.551986690864505,16020565.61,71484886104.36,71470086735.46,1,0,1,1,0.0,0,2,1,14,13,1,0,2,37,AGG_Q126,aggregation
1,2,0,0,0,24061976320.59,0,0,0,0,11332019,6250482,7.054307332339926,4274350.449999999,24065930188.52,24061976320.59,1,0,1,1,0.0,0,2,1,14,13,1,0,2,23,AGG_Q127,aggregation
1,2,0,0,0,1905553.53,0,1,0,1,37334321,15001158,7.572108268846748,5589899.69,6817166.29,1905553.53,0,1,1,1,0.0,0,2,1,13,12,0,0,2,43,AGG_Q128,aggregation
1,4,0,0,0,2818360.49,0,1,0,3,113724622,24992980,8.055854505807194,21476239.73,29036425.49,2818360.49,0,1,1,1,0.0,0,4,1,31,26,0,0,4,144,AGG_Q129,aggregation
1,3,0,0,0,3391884.79,0,1,0,2,39456721,8001098,7.59612100193883,5259800.510000001,10122881.76,3391884.79,0,1,1,1,0.0,0,3,1,22,20,0,0,3,162,AGG_Q130,aggregation
1,1,0,0,0,372502.4,0,0,0,0,6264918,6250482,6.796915460313338,1856962.14,2198278.05,372502.4,0,1,1,1,0.0,0,1,1,13,10,0,0,1,128,AGG_Q131,aggregation
1,2,0,0,0,6288423.63,0,1,0,1,67649182,24992980,7.830262555985611,37283976.52,44337776.75,6288423.63,0,1,1,1,0.0,0,2,1,25,20,0,0,2,84,AGG_Q132,aggregation
1,1,0,0,0,391656.03,0,0,0,0,6322662,6250482,6.800900034392567,1938270.98,2287208.36,391656.03,0,1,1,1,0.0,0,1,1,13,10,0,0,1,88,AGG_Q133,aggregation
1,1,1,1,0,15464403.21,0,1,0,1,222442196,59983152,8.347217175832416,36288137.870000005,62152898.3,15464403.21,0,1,1,1,0.5,1,2,0,19,15,0,0,1,64,AGG_Q134,aggregation
1,6,0,0,0,4892501.59,0,1,0,4,137744965,24992980,8.139075736174492,18295493.269999992,24367868.22,4892501.59,1,1,1,1,0.0,0,6,1,22,32,1,0,5,136,AGG_Q135,aggregation
0,0,1,0,0,309095725.64,0,0,0,0,40024,40005,4.602331340591338,39.4,309095802.69,309095725.64,1,0,1,0,1.0,2,2,0,8,6,1,0,0,12,AGG_Q136,aggregation
1,1,1,0,0,1272458.74,0,0,1,1,12659578,6250482,7.10241926326293,5619704.07,6849808.79,1272458.74,1,1,1,1,0.5,1,2,0,16,16,0,0,1,61,AGG_Q137,aggregation
1,1,0,0,0,1758340.13,0,0,0,0,25116166,24992980,7.399953362064976,10511363.83,11968969.8,1758340.13,0,1,1,1,0.0,0,1,1,16,13,0,0,1,107,AGG_Q138,aggregation
1,2,0,0,0,344320.37,0,1,0,1,6165935,1999610,6.789999012607309,732653.8900000001,1095214.76,344320.37,0,1,1,1,0.0,0,2,1,19,13,0,0,1,63,AGG_Q139,aggregation
1,1,0,0,0,356858.15,0,0,0,0,6264918,6250482,6.796915460313338,1778807.06,2104472.7,356858.15,0,1,1,1,0.0,0,1,1,13,10,0,0,1,68,AGG_Q140,aggregation
1,3,0,0,0,7815.8,0,1,0,1,300480,100000,5.4778170159193476,19416.61,29492.32,7815.8,1,1,1,1,0.0,0,3,1,10,15,1,0,2,112,AGG_Q141,aggregation
1,3,0,0,0,2689774.8,0,1,0,2,88729972,24992980,7.948070349365748,14718625.979999999,20190786.88,2689774.8,0,1,1,1,0.0,0,3,1,22,19,0,0,3,43,AGG_Q142,aggregation
0,0,1,1,0,3674645.73,0,0,1,1,149969020,59983152,8.176001556400667,7349364.149999999,16011011.4,3674645.73,0,1,1,1,1.0,2,2,0,10,10,0,0,0,48,AGG_Q143,aggregation
1,2,0,0,0,2064431.99,0,1,0,1,51652602,24992980,7.713092212400679,10432415.870000001,13607331.15,2064431.99,0,1,1,1,0.0,0,2,1,19,15,0,0,2,64,AGG_Q144,aggregation
1,2,0,0,0,2338394.86,0,1,0,1,62498954,24992980,7.795872755879632,10099028.51,13521935.1,2338394.86,0,1,1,1,0.0,0,2,1,16,13,0,0,2,64,AGG_Q145,aggregation
1,1,0,0,0,1370703.94,0,0,0,0,13180906,6250482,7.119945295807471,7292896.27,8138325.62,1370703.94,0,1,1,1,0.0,0,1,1,19,15,0,0,1,44,AGG_Q146,aggregation
1,2,0,0,0,4064.56,0,1,0,1,201020,100000,5.303241429100716,16246.25,23060.53,4064.56,0,1,1,1,0.0,0,2,1,16,12,0,0,2,120,AGG_Q147,aggregation
1,1,0,0,0,372478.34,0,0,0,0,6264918,6250482,6.796915460313338,1856938.06,2198211.89,372478.34,0,1,1,1,0.0,0,1,1,13,10,0,0,1,72,AGG_Q148,aggregation
1,4,0,0,0,2818360.49,0,1,0,3,113724792,24992980,8.05585515500703,24294539.88,31854769.99,2818360.49,0,1,1,1,0.0,0,4,1,34,27,0,0,4,144,AGG_Q149,aggregation
1,1,0,0,0,356858.15,0,0,0,0,6264918,6250482,6.796915460313338,1778807.06,2104472.7,356858.15,0,1,1,1,0.0,0,1,1,13,10,0,0,1,68,AGG_Q150,aggregation
1,1,0,0,0,16666745.91,0,0,0,0,229935416,59983152,8.361605870890871,22912932.840000004,50310491.91,16666745.91,0,1,0,0,0.0,0,1,1,10,9,0,0,1,24,AGG_Q152,aggregation
1,1,0,0,0,1632538.91,0,0,0,0,25098568,24992980,7.399648960798965,8134037.6899999995,9585761.18,1632538.91,0,1,1,1,0.0,0,1,1,13,10,0,0,1,107,AGG_Q153,aggregation
1,1,0,0,0,1367742.94,0,0,0,0,14047209,6250482,7.1475900749936825,8196127.289999999,9267531.46,1367742.94,0,1,1,1,0.0,0,1,1,22,16,0,0,1,40,AGG_Q154,aggregation
1,3,0,0,0,2172646.74,0,1,0,2,22455944,6250482,7.351331335936244,10051031.319999998,11843500.62,2172646.74,0,1,1,1,0.0,0,3,1,22,19,0,0,3,232,AGG_Q155,aggregation
1,1,0,0,0,1758252.14,0,0,0,0,25116166,24992980,7.399953362064976,10511363.389999999,11968793.82,1758252.14,0,1,1,1,0.0,0,1,1,16,13,0,0,1,107,AGG_Q156,aggregation
1,2,0,0,0,27992440.41,0,1,0,1,392905097,49985960,8.594287663881557,53363683.38,128642203.11,27992440.41,0,1,1,1,0.0,0,2,1,28,21,0,0,2,55,AGG_Q157,aggregation
0,0,1,0,0,1304882.7,0,0,0,0,32004392,8001098,7.505209594717237,9.7,3835893.22,1304882.7,0,1,0,0,1.0,1,1,0,7,8,0,0,0,20,AGG_Q158,aggregation
1,2,0,0,0,3849456.58,0,1,0,1,54659981,15001158,7.737669484339775,13103490.12,14738406.27,3849456.58,0,1,1,1,0.0,0,2,1,19,14,0,0,2,111,AGG_Q159,aggregation
1,4,0,0,0,2188454.57,0,1,0,3,28706766,6250482,7.457984284341803,10187711.499999998,12416469.46,2188454.57,0,1,1,1,0.0,0,4,1,25,23,0,0,4,200,AGG_Q160,aggregation
1,1,0,0,0,3600498.08,0,0,0,0,75005790,15001158,7.875094795421753,10848203.0,13298900.8,3600498.08,0,1,0,0,0.0,0,1,1,10,8,0,0,1,16,AGG_Q161,aggregation
1,3,0,0,0,5002222.91,0,1,0,2,63460015,8001098,7.802500177261885,8625551.389999999,21107899.92,5002222.91,0,1,1,1,0.0,0,3,1,31,25,0,0,3,170,AGG_Q162,aggregation
1,1,0,0,0,3049576.45,0,0,0,0,45003474,15001158,7.653246049665494,5424100.8,6210413.32,3049576.45,0,1,0,0,0.0,0,1,1,4,4,0,0,1,80,AGG_Q163,aggregation
1,2,0,0,0,4082478.86,0,1,0,1,35671009,8001098,7.552315406260608,6703910.009999999,9249102.64,4082478.86,0,1,0,1,0.0,0,2,1,16,12,0,0,2,95,AGG_Q164,aggregation
1,3,0,0,0,2171624.19,0,1,0,2,22455944,6250482,7.351331335936244,10051031.319999998,11842478.07,2171624.19,0,1,1,1,0.0,0,3,1,22,19,0,0,3,200,AGG_Q165,aggregation
1,1,0,0,0,2188347.9,0,0,0,0,24993015,24992980,7.397818667215809,8751383.3,10126460.89,2188347.9,0,1,1,1,0.0,0,1,1,10,9,0,0,1,107,AGG_Q166,aggregation
1,1,0,0,0,1274160.71,0,0,0,0,11448300,6250482,7.058741039420531,4877020.52,5700792.29,1274160.71,0,1,1,1,0.0,0,1,1,13,12,0,0,1,20,AGG_Q167,aggregation
1,1,0,0,0,387283.21,0,0,0,0,6250512,6250482,6.795915662772281,1934410.23,2273815.86,387283.21,0,1,1,1,0.0,0,1,1,13,11,0,0,1,72,AGG_Q168,aggregation
1,1,0,0,0,1750972.16,0,0,0,0,24993046,24992980,7.397819205891117,8752847.399999999,10315374.41,1750972.16,0,1,1,1,0.0,0,1,1,13,11,0,0,1,72,AGG_Q169,aggregation
1,1,0,0,0,28185.89,0,0,0,0,286358,100000,5.456910837139985,40966.94,48639.97,28185.89,0,1,1,1,0.0,0,1,1,4,6,0,0,1,72,AGG_Q170,aggregation
1,2,0,0,0,15077757.37,0,1,0,1,136628484,59983152,8.135541252703169,21687265.110000003,39796438.22,15077757.37,0,1,1,1,0.0,0,2,1,13,11,0,0,2,104,AGG_Q172,aggregation
1,1,0,0,0,223853.71,0,0,0,0,2110153,1500045,6.324314151463398,189738.61,278588.27,223853.71,0,0,1,1,0.0,0,1,1,1,4,0,0,1,104,AGG_Q174,aggregation
1,2,0,0,0,15245102.79,0,1,0,1,136628734,59983152,8.135542047365579,37886691.27,56160763.38,15245102.79,0,1,1,1,0.0,0,2,1,16,13,0,0,2,72,AGG_Q175,aggregation
1,1,0,0,0,9954097.4,0,0,0,0,79977535,24992980,7.902968019976455,36926011.53,42807514.95,9954097.4,0,1,1,0,0.0,0,1,1,13,11,0,0,1,72,AGG_Q176,aggregation
1,1,0,0,0,1813451.86,0,0,0,0,24992995,24992980,7.397818319682998,7251804.05,8626879.42,1813451.86,0,1,1,1,0.0,0,1,1,10,9,0,0,1,66,AGG_Q178,aggregation
1,2,0,0,0,1605729.04,0,0,0,0,19751582,6250482,7.295601908094863,6595931.420000001,7880676.65,1605729.04,0,1,1,1,0.0,0,2,1,19,17,0,0,2,43,AGG_Q179,aggregation
1,1,0,0,0,388146.65,0,0,0,0,6264918,6250482,6.796915460313338,1935117.23,2292083.39,388146.65,0,1,1,1,0.0,0,1,1,13,10,0,0,1,128,AGG_Q180,aggregation
1,3,0,0,0,2709642.35,0,1,0,2,30798922,13439342,7.488535530028529,15163437.19,19766586.96,2709642.35,1,1,1,1,0.0,0,3,1,31,23,0,0,3,44,AGG_Q182,aggregation
1,5,1,0,0,1392812.27,1,1,0,5,1683123,938770,6.226116112726853,9872432.0,12022730.35,1392812.27,1,1,1,1,0.1667,1,6,0,43,32,0,0,5,136,AGG_Q183,aggregation
1,1,0,0,0,1690858.61,0,0,0,0,474469,474465,5.676208757866905,5071575.359999999,6759061.64,1690858.61,1,0,1,0,0.0,0,1,1,10,6,0,0,1,32,AGG_Q184,aggregation
1,3,0,0,0,830032.53,0,1,0,1,20001518,6250482,7.3010629790773525,3902086.24,4996153.28,830032.53,0,1,1,1,0.0,0,3,1,19,21,1,0,2,75,AGG_Q185,aggregation
1,3,0,0,0,2395285.12,0,1,0,2,37456456,8001098,7.573526695139591,7971100.630000002,10717702.93,2395285.12,0,1,1,1,0.0,0,3,1,22,18,0,0,3,178,AGG_Q186,aggregation
1,2,0,0,0,14720137.01,0,1,0,1,149195682,59983152,8.173756256940921,50566998.550000004,68975442.47,14720137.01,0,1,1,1,0.0,0,2,1,19,14,0,0,2,84,AGG_Q187,aggregation
1,3,0,0,0,6377415.29,0,1,0,2,37456446,8001098,7.573526579193083,9577948.439999998,12444567.17,6377415.29,0,1,1,1,0.0,0,3,1,19,17,0,0,3,274,AGG_Q188,aggregation
1,1,1,0,0,4546580.36,1,0,0,1,108008218,15001158,8.033456804843729,23091183.299999993,26358875.97,4546580.36,0,1,1,0,0.6667,2,3,0,22,21,0,0,1,218,AGG_Q189,aggregation
1,2,0,0,0,16420519.19,0,1,0,1,137003434,59983152,8.136731456082273,39773209.7,58674321.88,16420519.19,0,1,1,1,0.0,0,2,1,16,13,0,0,2,204,AGG_Q190,aggregation
1,4,0,0,0,4671183.99,0,1,0,3,49549386,15001158,7.695038285982461,8304673.45,13721263.95,4671183.99,0,1,1,1,0.0,0,4,1,19,19,0,0,4,219,AGG_Q191,aggregation
1,5,0,0,0,5027255.29,0,1,0,4,38458514,8001098,7.5849925107980205,9762397.16,13206967.21,5027255.29,0,1,1,1,0.0,0,5,1,25,25,0,0,5,309,AGG_Q192,aggregation
1,4,0,0,0,3267939.34,0,1,0,3,113724282,24992980,8.055853207404608,18105768.330000002,25684265.65,3267939.34,0,1,1,1,0.0,0,4,1,25,23,0,0,4,208,AGG_Q193,aggregation
1,1,0,0,0,5011200.28,0,0,0,0,25080970,24992980,7.399344346025459,19530610.79,21466459.93,5011200.28,0,1,1,1,0.0,0,1,1,10,10,0,0,1,211,AGG_Q194,aggregation
1,2,0,0,0,15218944.39,0,1,0,1,136629034,59983152,8.13554300095855,67320162.72,85568071.39,15218944.39,0,1,1,1,0.0,0,2,1,22,16,0,0,2,141,AGG_Q195,aggregation
1,6,0,0,0,25303057.41,0,1,0,5,346501591,59203453,8.539705234316445,96852670.90000002,122968102.39,25303057.41,1,1,1,1,0.0,0,6,1,31,31,0,0,5,280,AGG_Q196,aggregation
1,2,0,0,0,527336.23,0,1,0,1,13859272,6250482,7.141740449585369,4285570.32,5078391.51,527336.23,0,1,1,1,0.0,0,2,1,28,19,0,0,2,139,AGG_Q197,aggregation
1,4,0,0,0,406517.47,0,1,0,3,15149244,3333791,7.180390989240676,2618705.18,3648464.83,406517.47,0,1,1,1,0.0,0,4,1,28,25,0,0,4,219,AGG_Q198,aggregation
1,1,0,0,0,1279997.68,0,0,0,0,6430932,6250482,6.808273984954893,4932722.46,5426504.46,1279997.68,0,1,1,1,0.0,0,1,1,10,10,0,0,1,218,AGG_Q199,aggregation
1,5,0,0,0,28065808.07,0,1,0,4,264933368,59983152,8.423136662185033,50302760.17,78217301.11,28065808.07,0,1,1,1,0.0,0,5,1,25,23,0,0,5,499,AGG_Q200,aggregation
1,3,1,0,0,1043600.0,1,0,0,1,12505303,6250482,7.097094253756864,3445408.780000001,4809752.18,1043600.0,1,1,1,0,0.25,1,4,0,14,24,1,0,1,35,COM_Q001,complex_queries
1,2,0,0,0,132348536945.65,0,0,0,0,1413059,666537,6.150160602836307,132348601466.4,264697117138.97,132348536945.65,1,1,1,0,0.0,0,2,1,11,8,1,0,1,54,COM_Q002,complex_queries
1,1,1,1,0,2901231.37,0,1,1,2,40503219,8001098,7.607489550934245,11278549.749999998,12162409.47,2901231.37,1,1,1,1,0.75,3,4,0,20,23,1,0,1,42,COM_Q003,complex_queries
1,2,1,1,0,4096633.52,0,1,0,2,84916732,24992980,7.928993277211277,11947584.530000001,27713911.41,4096633.52,1,1,1,1,0.5,2,4,0,23,30,1,0,1,32,COM_Q004,complex_queries
1,3,0,0,0,92906.68,0,1,0,1,1876195,625019,6.2732782057232725,416566.58,545049.79,92906.68,1,1,1,1,0.0,0,3,1,19,22,1,0,2,136,COM_Q005,complex_queries
0,0,1,0,0,309095725.64,0,0,0,0,40024,40005,4.602331340591338,39.4,309095802.69,309095725.64,1,0,1,0,1.0,2,2,0,8,6,1,0,0,32,COM_Q006,complex_queries
1,2,1,0,0,2492974.66,0,0,1,2,25030389,6250482,7.3984676164291745,12420710.689999998,14867203.67,2492974.66,1,1,1,1,0.5,2,4,0,20,32,1,0,1,66,COM_Q007,complex_queries
1,3,0,0,0,824498.55,0,1,0,1,10585691,3333791,7.024719253659937,3730272.74,4469402.26,824498.55,1,1,1,1,0.0,0,3,1,19,23,1,0,2,62,COM_Q008,complex_queries
1,2,0,0,0,112464425553510.94,0,0,0,0,39988800,19994384,7.60193838270591,112464427378458.47,224928851698871.72,112464425553510.94,1,1,1,0,0.0,0,2,1,11,8,1,0,1,32,COM_Q009,complex_queries
1,4,0,0,0,21471351.7,0,1,0,2,243266043,49985960,8.386081492685056,59193460.3,80536468.97,21471351.7,1,1,1,1,0.0,0,4,1,26,32,1,0,2,57,COM_Q011,complex_queries
1,2,1,0,0,308798243.35,0,0,0,0,2869323,2667033,6.45777959093243,7816.9800000000005,617562579.87,308798243.35,1,0,1,1,0.3333,1,3,0,11,10,1,0,2,32,COM_Q013,complex_queries
0,0,1,1,0,66080562.52,1,0,0,1,44158663,15001158,7.645015925540779,3.99,132514547.74,66080562.52,1,0,0,0,1.0,2,2,0,10,7,0,0,0,4,COM_Q014,complex_queries
1,1,0,0,0,1242588.6,0,0,0,0,10293230,6250482,7.012551719292848,4888273.87,5723596.35,1242588.6,1,1,1,1,0.0,0,1,1,13,13,0,0,1,68,COM_Q015,complex_queries
0,0,1,1,0,528736.94,0,0,0,0,16740373,8001098,7.223765156424375,786614.7900000002,1711163.16,528736.94,1,1,1,0,1.0,2,2,0,8,11,1,0,0,32,COM_Q016,complex_queries
1,6,0,0,0,571956141.76,0,1,0,3,87033002,59983152,7.939683968743847,576460023.79,1154154494.7,571956141.76,1,1,1,1,0.0,0,6,1,23,24,1,0,6,104,COM_Q017,complex_queries
0,0,1,0,0,15617874987.74,0,0,0,0,300059,299916,5.477208104931312,260.4,15617875505.96,15617874987.74,1,0,1,0,1.0,2,2,0,8,6,1,0,0,12,COM_Q018,complex_queries
1,3,0,0,0,13464635700904.03,0,0,0,0,786,375,2.8959747323590648,13464636598476.129,26929273196937.09,13464635700904.03,1,1,1,0,0.0,0,3,1,11,12,1,0,1,32,COM_Q019,complex_queries
1,1,0,0,0,656415.35,0,0,0,0,5991247,3333791,6.777517297023569,3323887.48,3790365.39,656415.35,0,1,1,1,0.0,0,1,1,16,13,0,0,1,100,COM_Q020,complex_queries
1,2,0,0,0,6957353260564.76,0,0,0,0,13001006,5000386,7.113976992122671,6957353248063.8,13914707089326.19,6957353260564.76,1,1,1,0,0.0,0,2,1,14,9,1,0,1,48,COM_Q021,complex_queries
1,4,0,0,0,3397114.46,0,1,0,2,51357003,24992980,7.710599680477086,43283409.55999999,46665229.13,3397114.46,1,1,1,1,0.0,0,4,1,23,34,1,0,2,36,COM_Q022,complex_queries
1,2,1,0,0,89602.09,1,0,0,1,625031,625019,5.79590225265233,223993.10999999996,397650.03,89602.09,1,1,1,0,0.3333,1,3,0,14,20,1,0,1,133,COM_Q023,complex_queries
0,0,1,1,0,90256782.02,1,0,0,1,30994394,15001158,7.491283163490435,107.58,355094267.13,90256782.02,1,0,0,0,1.0,3,3,0,13,11,0,0,0,8,COM_Q024,complex_queries
1,4,0,0,0,499227.35,0,1,0,2,6500860,1600045,6.812970880148332,495305.92000000004,684731.55,499227.35,0,1,0,1,0.0,0,4,1,13,14,0,0,3,168,COM_Q026,complex_queries
1,2,1,0,0,1344157.14,0,0,1,1,13217255,6250482,7.121141301764367,7933910.24,9580597.35,1344157.14,1,1,1,1,0.3333,1,3,0,22,20,0,0,2,104,COM_Q027,complex_queries
1,4,0,0,0,24063668444.93,0,1,0,1,32605745,6250482,7.513294141055583,24073547776.520004,72199379843.85,24063668444.93,1,1,1,1,0.0,0,4,1,22,31,1,0,2,31,COM_Q028,complex_queries
1,2,0,0,0,1358554.15,0,0,0,0,12668720,5067476,7.102732771893669,2300922.0,4268787.46,1358554.15,1,1,0,0,0.0,0,2,1,13,10,0,0,1,48,COM_Q029,complex_queries
1,4,0,0,0,52160.21,0,1,0,3,1452103,625019,6.161997721741939,358923.6500000001,451981.66,52160.21,0,1,1,1,0.0,0,4,1,25,30,0,0,3,112,COM_Q030,complex_queries
1,2,0,0,0,6768267.8,0,0,0,0,72646290,29058504,7.861213446034552,10132616.85,19382210.25,6768267.8,1,1,0,0,0.0,0,2,1,13,10,0,0,1,40,COM_Q031,complex_queries
1,2,0,0,0,1892361.56,0,0,0,0,2158885,863546,6.334229710014596,5373822.45,9031735.72,1892361.56,1,1,0,0,0.0,0,2,1,13,10,0,0,2,60,COM_Q032,complex_queries
1,12,0,0,0,3913035.49,0,1,1,11,67447385,24992980,7.82896512275849,28525840.119999997,36073058.94,3913035.49,1,1,0,1,0.0,0,12,1,49,57,0,0,6,15,COM_Q033,complex_queries
1,6,0,0,0,7206.1,0,1,0,4,33158,16043,4.520601424742214,13519.67,31888.34,7206.1,1,1,0,1,0.0,0,6,1,22,27,0,0,3,140,COM_Q034,complex_queries
1,7,0,0,0,3082465.22,0,1,0,5,123845003,24992980,8.092878491511316,20250198.65,28465179.43,3082465.22,0,1,1,1,0.0,0,7,1,28,43,0,0,6,168,COM_Q035,complex_queries
0,0,1,0,0,170935540.32,0,0,0,0,26051260,8557596,7.415828749980541,4.51,511004596.89,170935540.32,1,0,0,0,1.0,2,2,0,10,8,0,0,0,4,COM_Q036,complex_queries
1,7,0,0,0,4094210.78,0,1,1,6,44930266,15001158,7.652538999413905,12773622.98,20164794.06,4094210.78,0,1,1,1,0.0,0,7,1,22,41,0,0,4,224,COM_Q037,complex_queries
1,3,0,0,0,4452048.95,0,0,0,0,61093980,24992980,7.785998425508522,16230251.810000002,21135394.84,4452048.95,1,1,1,0,0.0,0,3,1,11,20,1,0,1,32,COM_Q038,complex_queries
1,4,0,0,0,13464636130809.3,0,0,0,0,450072,150012,5.6532829602774575,13464637028007.309,40393910151046.64,13464636130809.3,1,1,1,0,0.0,0,4,1,14,15,1,0,1,48,COM_Q039,complex_queries
1,6,0,0,0,49978.79,0,1,0,4,711326,625019,5.852069293624697,101129.16999999997,293502.59,49978.79,1,1,0,1,0.0,0,6,1,28,27,0,0,4,82,COM_Q041,complex_queries
1,2,0,0,0,5589685.81,0,0,0,0,50648305,20259310,7.704564924382274,9676803.83,17866755.93,5589685.81,1,1,0,0,0.0,0,2,1,13,10,0,0,1,44,COM_Q042,complex_queries
1,1,1,0,0,2705739.44,0,0,1,1,11900406,6198259,7.075561814739715,11556721.33,14581041.21,2705739.44,1,1,1,1,0.5,1,2,0,19,15,0,0,1,4,COM_Q043,complex_queries
1,5,0,0,0,541190.38,0,1,1,4,21253733,6250482,7.327435240886818,2848752.8900000006,4100931.99,541190.38,1,1,1,1,0.0,0,5,1,22,34,0,0,3,136,COM_Q044,complex_queries
1,6,0,0,0,812259.25,0,1,0,4,1503114,625019,6.176992208767096,7000713.11,7993382.28,812259.25,1,1,1,1,0.0,0,6,1,28,41,0,0,3,168,COM_Q045,complex_queries
1,2,0,0,0,110902.02,0,1,0,1,526447,138081,5.721355480121016,425608.02,585349.2,110902.02,1,0,1,1,0.0,0,2,1,16,13,0,0,1,4,COM_Q046,complex_queries
1,2,0,0,0,3047427.01,0,1,0,1,974776,299916,5.988905273394379,15178644.220000003,21242236.4,3047427.01,1,1,1,1,0.0,0,2,1,25,19,0,0,1,11,COM_Q047,complex_queries
1,2,0,0,0,547549.17,0,0,0,0,4636141,1283641,6.666156729464117,1625505.12,2153408.57,547549.17,1,1,0,1,0.0,0,2,1,13,10,0,0,2,23,COM_Q049,complex_queries
1,2,0,0,0,1527369.96,0,0,0,0,6315910,6198259,6.800436001564056,1538397.28,6024370.49,1527369.96,1,1,0,1,0.0,0,2,1,10,10,0,0,2,30,COM_Q050,complex_queries
1,6,0,0,0,1971059.81,0,1,0,4,34105878,24992980,7.532829246945315,12335842.98,16113851.76,1971059.81,1,1,0,1,0.0,0,6,1,43,28,0,0,6,37,COM_Q051,complex_queries
1,2,0,0,0,3709.5,0,0,0,0,100630,100000,5.0027317884239455,3734.65,10700.83,3709.5,0,1,0,1,0.0,0,2,1,7,7,0,0,2,108,COM_Q052,complex_queries
0,0,1,1,0,253816.16,0,0,0,0,8148733,8001098,6.911090141313955,0.86,462090.5,253816.16,1,0,1,0,1.0,1,1,0,1,4,0,0,0,8,COM_Q054,complex_queries
0,0,1,1,0,181678043748013.38,1,0,0,2,4149385,1999610,6.617983837304861,3.5900000000000003,181678044169873.66,181678043748013.38,1,0,0,0,1.0,4,4,0,8,12,1,0,0,30,COM_Q055,complex_queries
0,0,1,1,0,7949167814.76,0,0,0,0,38093,37503,4.580856577457996,1058.6899999999998,7953408608.68,7949167814.76,1,1,1,0,1.0,3,3,0,14,17,1,0,0,11,COM_Q056,complex_queries
1,2,0,0,0,96397.88,0,1,0,1,455582,126129,5.658567510086741,135456.45,317245.75,96397.88,1,0,0,1,0.0,0,2,1,10,9,0,0,1,4,COM_Q057,complex_queries
1,4,0,0,0,2993235.51,0,1,0,2,114075866,24992980,8.05719377818443,18490149.23,23938326.75,2993235.51,0,1,0,1,0.0,0,4,1,25,19,0,0,4,34,COM_Q058,complex_queries
1,2,0,0,0,1614482.9,0,0,0,0,10762705,4906955,7.031921477010569,7777834.0,9359441.2,1614482.9,1,1,0,1,0.0,0,2,1,16,11,0,0,2,37,COM_Q059,complex_queries
1,1,0,0,0,2770347.76,0,0,0,0,30006648,15001158,7.477217498188349,5219014.8,5828641.63,2770347.76,1,1,1,0,0.0,0,1,1,4,6,0,0,1,8,COM_Q060,complex_queries
1,5,0,0,0,61685.27,1,1,0,4,3201790,1500045,6.505392979516722,73159.66,301724.36,61685.27,1,1,1,1,0.0,0,5,1,16,20,0,0,4,112,COM_Q061,complex_queries
0,0,1,0,0,192186227.04,1,0,0,1,135102927,59983152,8.130664761312655,4751.96,817697036.94,192186227.04,1,1,1,0,1.0,2,2,0,19,16,0,0,0,15,COM_Q062,complex_queries
1,1,1,1,0,1652597.32,0,1,0,1,24269960,8001098,7.385069078453962,4837796.1899999995,5359956.1,1652597.32,1,1,1,1,0.5,1,2,0,13,12,0,0,1,38,COM_Q063,complex_queries
1,1,1,0,0,31175248.32,1,0,0,1,2736144,1366933,6.437139108775875,4001.29,32275920.95,31175248.32,1,0,0,0,0.5,1,2,0,13,10,0,0,1,23,COM_Q064,complex_queries
1,1,0,0,0,13023530.35,0,0,0,0,119975955,59983152,8.079094219191003,25099057.24,27447992.37,13023530.35,1,1,1,0,0.0,0,1,1,4,6,0,0,1,15,COM_Q065,complex_queries
1,2,0,0,0,6732318131108.08,0,0,0,0,768,375,2.885926339801431,6732318579893.659,13464637159772.19,6732318131108.08,1,1,1,0,0.0,0,2,1,11,8,1,0,1,32,COM_Q066,complex_queries
1,2,0,0,0,3572.18,0,0,0,0,9732,9102,3.9882467233753784,3597.34,10676.19,3572.18,1,1,0,1,0.0,0,2,1,7,8,0,0,2,108,COM_Q067,complex_queries
1,8,0,0,0,1866834.12,0,1,0,7,32162266,24992980,7.507346652977258,8737266.629999999,13816128.45,1866834.12,1,1,0,1,0.0,0,8,1,40,37,0,0,6,12,COM_Q068,complex_queries
1,1,0,0,0,2937937.87,0,0,0,0,30006648,15001158,7.477217498188349,5629200.8,6201324.74,2937937.87,1,1,1,0,0.0,0,1,1,4,6,0,0,1,20,COM_Q069,complex_queries
1,2,0,0,0,3085893.37,0,0,1,1,1562691,299916,6.193873388843504,15113177.310000002,18319918.98,3085893.37,1,1,0,0,0.0,0,2,1,19,17,0,0,1,4,COM_Q070,complex_queries
1,1,0,0,0,662082.66,0,0,0,0,5400685,3333791,6.732448927803037,2674984.87,3142200.91,662082.66,1,1,1,1,0.0,0,1,1,13,13,0,0,1,68,COM_Q071,complex_queries
1,2,0,0,0,4427064.48,0,1,0,1,66529672,24992980,7.823015388850459,21466878.830000002,25562980.43,4427064.48,1,1,1,1,0.0,0,2,1,19,17,0,0,2,36,COM_Q072,complex_queries
1,1,0,0,0,1271623.61,0,0,0,0,12315003,6250482,7.09043455723705,8467593.66,9310860.75,1271623.61,0,1,1,1,0.0,0,1,1,22,17,0,0,1,76,COM_Q074,complex_queries
1,3,0,0,0,2014017.57,0,1,0,2,21455100,8001098,7.3315305633170444,10059583.739999998,13678048.97,2014017.57,0,1,1,1,0.0,0,3,1,28,21,0,0,3,192,COM_Q075,complex_queries
1,2,1,0,0,47596977.7,0,1,1,2,4319605594,4274589889,9.635444095024475,119426099.28000002,124035644.46,47596977.7,0,1,1,1,0.3333,1,3,0,25,31,0,0,2,128,COM_Q076,complex_queries
1,2,1,0,0,5706225.79,0,1,1,2,128148846,49216813,8.107714703038482,34456466.42,37008715.48,5706225.79,0,1,1,1,0.3333,1,3,0,25,30,0,0,2,126,COM_Q077,complex_queries
1,4,0,0,0,5082692.92,0,1,0,3,47590986,15001158,7.677524711821424,16124301.469999997,25200120.04,5082692.92,0,1,1,1,0.0,0,4,1,25,23,0,0,4,280,COM_Q078,complex_queries
1,1,0,0,0,4631101.73,0,0,0,0,52504052,15001158,7.720192829645864,10510492.589999998,16919480.72,4631101.73,1,1,0,0,0.0,0,1,1,13,10,0,0,1,376,COM_Q079,complex_queries
1,1,1,0,0,4103209.12,0,0,1,1,40504339,24992980,7.607501559932412,24710270.379999995,27996458.22,4103209.12,0,1,1,1,0.5,1,2,0,19,16,0,0,1,85,COM_Q080,complex_queries
1,2,0,0,0,540790.5,0,1,0,1,13811152,6250482,7.140229936408848,2242345.73,3034565.45,540790.5,0,1,1,1,0.0,0,2,1,16,13,0,0,2,83,COM_Q081,complex_queries
1,3,0,0,0,14834499.82,0,1,0,2,185166428,34245140,8.267562251127584,69680951.08,95336804.94,14834499.82,0,1,1,1,0.0,0,3,1,28,22,0,0,3,172,COM_Q082,complex_queries
1,3,0,0,0,3012300.41,0,1,0,2,89146546,24992980,7.950104525886149,16348180.74,22077587.83,3012300.41,0,1,1,1,0.0,0,3,1,22,19,0,0,3,72,COM_Q083,complex_queries
1,1,0,0,0,1044120.26,0,0,0,0,10582597,6250482,7.024592298942614,6493234.619999999,7162661.46,1044120.26,0,1,1,1,0.0,0,1,1,19,15,0,0,1,72,COM_Q084,complex_queries
1,1,0,0,0,1688488.34,0,0,0,0,24993029,24992980,7.397818910488612,10128919.46,11503998.9,1688488.34,0,1,1,1,0.0,0,1,1,16,12,0,0,1,107,COM_Q085,complex_queries
1,2,0,0,0,3402826.07,0,1,0,1,25898027,24992980,7.413266696076473,19941180.53,21642170.31,3402826.07,0,1,1,1,0.0,0,2,1,16,15,0,0,2,78,COM_Q088,complex_queries
1,2,0,0,0,2242327.27,1,0,0,1,31252416,15001158,7.494883610453574,3652943.75,5136814.03,2242327.27,1,1,1,0,0.0,0,2,1,13,10,0,0,1,112,COM_Q092,complex_queries
1,2,0,0,0,3407786.44,0,1,0,1,26300941,24992980,7.419971303549665,36941444.60999999,38650743.91,3407786.44,0,1,1,1,0.0,0,2,1,31,22,0,0,2,126,COM_Q093,complex_queries
1,2,0,0,0,525434.97,0,1,0,1,13823182,6250482,7.1406080575221855,2701716.8200000003,3497435.45,525434.97,0,1,1,1,0.0,0,2,1,19,14,0,0,2,107,COM_Q094,complex_queries
1,1,0,0,0,1938419.46,0,0,0,0,24993035,24992980,7.397819014748342,7751664.76,9314191.91,1938419.46,0,1,1,1,0.0,0,1,1,10,9,0,0,1,104,COM_Q095,complex_queries
1,4,0,0,0,2751056.72,0,1,0,3,88730337,24992980,7.948072135877729,23277473.27,28749065.15,2751056.72,0,1,1,1,0.0,0,4,1,31,24,0,0,4,152,COM_Q096,complex_queries
1,2,0,0,0,542037.65,0,1,0,1,13835272,6250482,7.1409877331353595,3857392.87,4675823.42,542037.65,1,1,1,1,0.0,0,2,1,25,20,0,0,2,83,COM_Q097,complex_queries
1,1,1,0,0,1466925.18,0,0,1,1,15547254,6250482,7.191653721749499,8373772.42,9718333.86,1466925.18,0,1,1,1,0.5,1,2,0,22,19,0,0,1,55,COM_Q098,complex_queries
1,4,0,0,0,2120401.82,0,1,0,3,28706766,6250482,7.457984284341803,9878267.179999998,12069729.2,2120401.82,0,1,1,1,0.0,0,4,1,25,23,0,0,4,176,COM_Q099,complex_queries
1,1,0,0,0,9088013.18,0,0,0,0,79977535,24992980,7.902968019976455,34390680.41,42596628.63,9088013.18,0,1,1,0,0.0,0,1,1,13,10,0,0,1,132,COM_Q100,complex_queries
1,2,0,0,0,31683402.54,0,1,0,1,451539982,59983152,8.654696212296159,53406108.400000006,136423989.0,31683402.54,0,1,1,1,0.0,0,2,1,28,21,0,0,2,55,COM_Q101,complex_queries
1,1,0,0,0,14813914.03,0,0,0,0,229935416,59983152,8.361605870890871,22912908.740000002,48457660.03,14813914.03,0,1,0,0,0.0,0,1,1,10,7,0,0,1,16,COM_Q102,complex_queries
1,2,0,0,0,14539001.01,0,1,0,1,192488010,30002316,8.28440368491626,63019055.99,79947076.99,14539001.01,0,1,1,1,0.0,0,2,1,25,17,0,0,2,72,COM_Q103,complex_queries
1,1,1,0,0,834520.78,0,0,1,1,9319555,3333791,6.969395222295699,4848021.89,5680443.88,834520.78,0,1,1,1,0.5,1,2,0,22,19,0,0,1,55,COM_Q104,complex_queries
1,1,0,0,0,3452149.66,0,0,0,0,45003479,15001158,7.653246097916708,8443801.2,9830160.09,3452149.66,0,1,1,0,0.0,0,1,1,7,6,0,0,1,176,COM_Q105,complex_queries
1,3,0,0,0,26683976.19,0,1,1,2,254117570,34245140,8.405034695449867,121835464.67999995,148678559.51,26683976.19,0,1,1,1,0.0,0,3,1,40,29,0,0,3,236,COM_Q106,complex_queries
1,2,1,0,0,10707708.43,1,0,1,2,128009738,15001158,8.107243012093658,40371202.65999998,50683552.59,10707708.43,0,1,1,0,0.3333,1,3,0,31,30,0,0,2,180,COM_Q107,complex_queries
1,2,0,0,0,3779470.48,0,1,0,1,48852507,15001158,7.688886864525643,12958248.48,16031515.77,3779470.48,0,1,1,1,0.0,0,2,1,19,14,0,0,1,144,COM_Q109,complex_queries
1,1,0,0,0,3633895.43,0,0,0,0,74855798,15001158,7.874225450318968,15329311.3,16602786.48,3633895.43,1,1,0,0,0.0,0,1,1,13,9,0,0,1,80,COM_Q110,complex_queries
1,4,0,0,0,2264410.87,0,1,0,3,29933826,6250482,7.476162244362163,16537354.729999999,19240061.57,2264410.87,0,1,1,1,0.0,0,4,1,34,30,0,0,4,232,COM_Q111,complex_queries
1,2,0,0,0,16420230.69,0,1,0,1,282425198,59983152,8.450903443436468,46206945.120000005,73397015.55,16420230.69,0,1,1,1,0.0,0,2,1,22,15,0,0,2,100,COM_Q113,complex_queries
1,1,0,0,0,3402168.99,0,0,0,0,25905513,24992980,7.41339221369124,33523415.599999994,35232497.63,3402168.99,1,1,1,1,0.0,0,1,1,28,19,0,0,1,112,COM_Q115,complex_queries
1,2,1,0,0,5722513.41,1,1,1,3,128248847,49216813,8.108053472735198,34489042.52,37095025.9,5722513.41,0,1,1,1,0.5,2,4,0,25,33,0,0,2,226,COM_Q117,complex_queries
1,2,0,0,0,1009177.88,0,1,0,1,18811718,6250482,7.274428482849883,3787819.65,4995136.3,1009177.88,1,1,0,1,0.0,0,2,1,13,11,0,0,1,16,COM_Q118,complex_queries
1,1,1,0,0,29990219022.86,1,0,0,1,53258267,49592271,7.72638703874067,596384.55,29990977447.16,29990219022.86,1,1,0,0,0.5,1,2,0,10,10,0,0,1,36,COM_Q119,complex_queries
1,2,1,0,0,68062113.96,1,1,0,2,133703956,133425791,8.126144260499343,48254.0,68116156.28,68062113.96,1,1,0,1,0.3333,1,3,0,16,14,0,0,2,116,COM_Q120,complex_queries
1,2,0,0,0,6249159.61,0,1,0,1,90301313,40149960,7.955694069901515,5167750.84,11082354.74,6249159.61,1,1,0,1,0.0,0,2,1,13,11,0,0,1,88,COM_Q122,complex_queries
1,2,1,0,0,16937176970.15,1,1,0,2,6009824052,6006444590,9.778861757538555,744165.83,16938008586.78,16937176970.15,1,1,0,1,0.3333,1,3,0,16,14,0,0,2,127,COM_Q123,complex_queries
1,8,0,0,0,11082635.14,1,1,0,6,144483062,24992980,8.159816939986994,78208969.43000002,89825597.67,11082635.14,1,1,1,1,0.0,0,8,1,37,43,0,0,5,240,COM_Q124,complex_queries
1,1,1,0,0,33334834545.18,1,0,0,1,1311876619,1308209994,9.117892992225,607780.55,33335591597.8,33334834545.18,1,1,0,0,0.5,1,2,0,10,10,0,0,1,38,COM_Q125,complex_queries
1,2,0,0,0,4746273.19,0,1,0,1,66855998,24052266,7.8251403826631485,6581247.34,11245598.91,4746273.19,1,1,0,1,0.0,0,2,1,13,11,0,0,1,32,COM_Q126,complex_queries
1,2,0,0,0,2874598.77,0,1,0,1,36768033,13383320,7.565470408607559,4413046.45,7275756.54,2874598.77,1,1,0,1,0.0,0,2,1,13,11,0,0,1,56,COM_Q127,complex_queries
1,4,0,0,0,7042353133262.69,0,1,0,1,30077727,15001158,7.478245027586856,14084708322432.92,27859380148586.68,7042353133262.69,1,1,1,1,0.0,0,4,1,17,18,1,0,1,20,COM_Q128,complex_queries
1,2,0,0,0,931128.9,0,0,1,1,10985739,1999610,7.040829316340038,1419003.8600000003,2840836.47,931128.9,1,1,0,0,0.0,0,2,1,13,15,0,0,1,77,COM_Q129,complex_queries
0,0,1,1,0,11299672.18,1,0,0,1,207388504,48179952,8.316784680917923,25432399.070000004,50778363.54,11299672.18,0,1,1,0,1.0,2,2,0,19,16,0,0,0,16,COM_Q130,complex_queries
1,8,0,0,0,1045386.14,1,1,0,7,52526428,6250482,7.720377876373043,7183723.100000003,10439502.76,1045386.14,1,1,1,1,0.0,0,8,1,31,47,0,0,4,304,COM_Q132,complex_queries
1,4,1,0,0,364721.54,1,1,1,7,3565789,3333791,6.552155762696116,1459350.74,2417830.2,364721.54,1,1,1,1,0.5556,5,9,0,37,43,1,0,4,270,COM_Q133,complex_queries
1,1,1,0,0,1389594.04,1,0,0,1,248659,235338,5.395605929313231,5556173.199999999,7299667.6,1389594.04,1,1,1,0,0.5,1,2,0,16,14,0,0,1,24,COM_Q134,complex_queries
1,6,0,0,0,1931936.04,0,1,0,5,14815245,7624791,7.170708867125929,8607371.48,13934257.56,1931936.04,1,1,1,1,0.0,0,6,1,31,33,0,0,5,272,COM_Q135,complex_queries
1,7,1,0,0,1902631.96,1,1,0,7,27744745,24992980,7.4431807532517045,9583067.41,17581797.75,1902631.96,1,1,1,1,0.125,1,8,0,43,39,0,0,6,148,COM_Q136,complex_queries
1,4,1,0,0,1798861.66,1,1,0,5,30936346,24992980,7.490469030390974,14874996.559999997,19055376.09,1798861.66,1,1,1,1,0.3333,2,6,0,34,28,0,0,4,168,COM_Q137,complex_queries
1,2,1,0,0,2116209.07,1,1,1,3,11889618,6198259,7.075167937978764,16337684.91,20486657.39,2116209.07,1,1,1,1,0.5,2,4,0,31,28,0,0,2,279,COM_Q138,complex_queries
1,6,0,0,0,458771.13,0,1,0,4,6935658,3333791,6.841087732383539,2049179.1600000001,2931351.92,458771.13,1,1,1,1,0.0,0,6,1,28,36,1,0,3,36,COM_Q139,complex_queries
1,2,0,0,0,2180641.0,0,1,0,1,12863293,6250482,7.109352195869687,9473203.839999998,13217625.33,2180641.0,1,1,1,1,0.0,0,2,1,16,14,0,0,2,27,COM_Q140,complex_queries
1,1,1,1,0,1413639.65,0,0,0,0,19499038,6124210,7.290013207912182,5827467.16,7072912.12,1413639.65,1,1,1,1,0.5,1,2,0,19,18,0,0,1,16,COM_Q141,complex_queries
1,2,0,0,0,1581182.39,0,1,0,1,2269286,833171,6.355889425208036,4857304.6899999995,7916139.39,1581182.39,1,0,1,1,0.0,0,2,1,13,10,0,0,2,64,COM_Q142,complex_queries
1,2,1,0,0,3230163.18,1,0,0,1,2762531,927516,6.44130731740554,17460083.69,20610666.13,3230163.18,1,1,1,1,0.3333,1,3,0,20,28,1,0,1,103,COM_Q143,complex_queries
1,2,1,1,0,380510.01,0,1,0,1,3303345,1666895,6.518954065069212,1370051.83,1939721.52,380510.01,1,1,1,1,0.3333,1,3,0,20,18,1,0,2,44,COM_Q144,complex_queries
1,3,0,0,0,20686548.67,0,1,0,1,60009618,59983152,7.778220869446935,22671913.669999998,47010780.99,20686548.67,1,0,1,1,0.0,0,3,1,13,14,1,0,2,32,COM_Q145,complex_queries
1,3,1,0,0,6501349.76,0,1,1,3,142385619,59983152,8.153466130663206,68888701.32000001,77369054.88,6501349.76,1,1,1,1,0.25,1,4,0,40,33,0,0,2,71,COM_Q146,complex_queries
1,2,0,0,0,1953590.8,0,1,0,1,471726,467160,5.673690734450978,6012600.96,9840096.05,1953590.8,1,0,1,1,0.0,0,2,1,16,12,0,0,2,32,COM_Q147,complex_queries
1,4,0,0,0,23019359.47,0,1,0,3,152512392,15001158,8.18330513543908,77649701.88999999,102575602.02,23019359.47,0,1,1,1,0.0,0,4,1,37,30,0,0,4,360,COM_Q148,complex_queries
1,4,0,0,0,3867856.4,0,1,0,3,96652046,24992980,7.9852110564131005,24965106.78,31811008.3,3867856.4,0,1,1,1,0.0,0,4,1,31,24,0,0,4,201,COM_Q149,complex_queries
1,1,0,0,0,3315458.94,0,0,0,0,32601425,15001158,7.513236596705568,15048721.98,16143039.67,3315458.94,0,1,1,0,0.0,0,1,1,13,10,0,0,1,168,COM_Q150,complex_queries
1,4,0,0,0,16788288.86,0,1,0,3,205563235,59983152,8.312945445780413,77553018.04999998,100118062.41,16788288.86,0,1,1,1,0.0,0,4,1,28,25,0,0,4,51,COM_Q152,complex_queries
1,5,0,0,0,3164769.32,0,1,0,4,101242296,24992980,8.00536198993454,27048169.880000003,33847864.63,3164769.32,0,1,1,1,0.0,0,5,1,40,32,0,0,5,259,COM_Q153,complex_queries
1,2,0,0,0,3414623.73,0,1,0,1,55526285,15001158,7.744498625684918,18562522.450000003,21884006.02,3414623.73,0,1,1,1,0.0,0,2,1,25,20,0,0,2,107,COM_Q155,complex_queries
1,1,1,0,0,607183968.33,0,1,1,2,9037816532,3562158240,9.956063520939148,390339118.31,1034872859.16,607183968.33,0,1,1,1,0.6667,2,3,0,22,20,0,0,1,152,COM_Q156,complex_queries
1,2,0,0,0,3070823.41,0,1,0,1,62487134,24992980,7.795790612966106,16114376.419999998,19632253.2,3070823.41,0,1,1,1,0.0,0,2,1,19,15,0,0,2,195,COM_Q157,complex_queries
1,1,0,0,0,10971722.0,0,0,0,0,73979220,24992980,7.869109753889586,33887305.32,41035952.82,10971722.0,0,1,1,0,0.0,0,1,1,10,9,0,0,1,168,COM_Q158,complex_queries
1,5,1,0,0,40064493.43,1,1,0,5,401148908,59983152,8.603305615394493,436645854.65999985,479610145.28,40064493.43,0,1,1,1,0.1667,1,6,0,58,44,0,0,5,312,COM_Q159,complex_queries
1,3,0,0,0,6904812.71,0,1,0,2,92394346,24992980,7.965645400421304,54580862.14000001,61218339.9,6904812.71,0,1,1,1,0.0,0,3,1,31,24,0,0,3,181,COM_Q160,complex_queries
1,1,0,0,0,448786.47,0,0,0,0,14714361,14714361,7.167741436270062,0.0,448786.47,448786.47,1,0,0,0,0.0,0,1,1,1,2,0,0,1,107,SIN_Q001,single_table_filters
1,1,0,0,0,448786.47,0,0,0,0,12881317,12881317,7.109960301753803,0.0,448786.47,448786.47,1,0,0,0,0.0,0,1,1,1,2,0,0,1,107,SIN_Q002,single_table_filters
1,1,0,0,0,445351.24,0,0,0,0,1265395,893220,6.102226457291873,1000.0,800380.48,445351.24,1,0,0,0,0.0,0,1,1,4,4,0,0,1,107,SIN_Q003,single_table_filters
1,1,0,0,0,448786.47,0,0,0,0,8191026,8191026,6.91333835749552,0.0,448786.47,448786.47,1,0,0,0,0.0,0,1,1,1,2,0,0,1,107,SIN_Q004,single_table_filters
1,1,0,0,0,486289.37,0,0,0,0,2311685,2311685,6.363928842841713,0.0,486289.37,486289.37,1,0,0,0,0.0,0,1,1,1,2,0,0,1,107,SIN_Q005,single_table_filters
1,1,0,0,0,448786.47,0,0,0,0,5885544,5885544,6.769786684602318,0.0,448786.47,448786.47,1,0,0,0,0.0,0,1,1,1,2,0,0,1,8,SIN_Q006,single_table_filters
1,1,0,0,0,340404.73,0,0,0,0,24,17,1.3979400086720377,1000.0,679807.76,340404.73,1,0,0,0,0.0,0,1,1,4,4,0,0,1,8,SIN_Q007,single_table_filters
1,1,0,0,0,356392.24,0,0,0,0,5142,3630,3.71121652432109,1000.0,711421.48,356392.24,1,0,0,0,0.0,0,1,1,4,4,0,0,1,107,SIN_Q008,single_table_filters
1,1,0,0,0,353332.03,0,0,0,0,183161,129290,5.262835377071327,1000.0,692735.06,353332.03,1,0,0,0,0.0,0,1,1,4,4,0,0,1,12,SIN_Q009,single_table_filters
1,1,0,0,0,448786.47,0,0,0,0,7326065,7326065,6.864870826873802,0.0,448786.47,448786.47,1,0,0,0,0.0,0,1,1,1,2,0,0,1,107,SIN_Q010,single_table_filters
1,1,0,0,0,486289.37,0,0,0,0,5702224,5702224,6.756044349825519,0.0,486289.37,486289.37,1,0,0,0,0.0,0,1,1,1,2,0,0,1,107,SIN_Q011,single_table_filters
1,1,0,0,0,448786.47,0,0,0,0,13911901,13911901,7.143386509692677,0.0,448786.47,448786.47,1,0,0,0,0.0,0,1,1,1,2,0,0,1,12,SIN_Q012,single_table_filters
1,1,0,0,0,387127.93,0,0,0,0,661936,467249,5.8208166573334434,1000.0,726530.96,387127.93,1,0,0,0,0.0,0,1,1,4,4,0,0,1,12,SIN_Q013,single_table_filters
1,1,0,0,0,486289.37,0,0,0,0,2259251,2259251,6.353964675411531,0.0,486289.37,486289.37,1,0,0,0,0.0,0,1,1,1,2,0,0,1,8,SIN_Q014,single_table_filters
1,1,0,0,0,356570.24,0,0,0,0,7664,5410,3.884512159190394,1000.0,711599.48,356570.24,1,0,0,0,0.0,0,1,1,4,4,0,0,1,8,SIN_Q015,single_table_filters
1,1,0,0,0,356517.64,0,0,0,0,6919,4884,3.840106094456758,1000.0,711546.88,356517.64,1,0,0,0,0.0,0,1,1,4,4,0,0,1,107,SIN_Q016,single_table_filters
1,1,0,0,0,448786.47,0,0,0,0,14871866,14871866,7.1723654928595675,0.0,448786.47,448786.47,1,0,0,0,0.0,0,1,1,1,2,0,0,1,4,SIN_Q017,single_table_filters
1,1,0,0,0,448786.47,0,0,0,0,14533909,14533909,7.162382466533972,0.0,448786.47,448786.47,1,0,0,0,0.0,0,1,1,1,2,0,0,1,4,SIN_Q018,single_table_filters
1,1,0,0,0,448786.47,0,0,0,0,14126717,14126717,7.150041275786984,0.0,448786.47,448786.47,1,0,0,0,0.0,0,1,1,1,2,0,0,1,4,SIN_Q019,single_table_filters
1,1,0,0,0,448786.47,0,0,0,0,13669935,13669935,7.135766481289702,0.0,448786.47,448786.47,1,0,0,0,0.0,0,1,1,1,2,0,0,1,4,SIN_Q020,single_table_filters
1,1,0,0,0,448786.47,0,0,0,0,13155361,13155361,7.119102803196284,0.0,448786.47,448786.47,1,0,0,0,0.0,0,1,1,1,2,0,0,1,4,SIN_Q021,single_table_filters
1,1,0,0,0,448786.47,0,0,0,0,12586483,12586483,7.099904428069953,0.0,448786.47,448786.47,1,0,0,0,0.0,0,1,1,1,2,0,0,1,4,SIN_Q022,single_table_filters
1,1,0,0,0,389825.14,0,0,0,0,478775,337959,5.6801323720417995,1000.0,744854.38,389825.14,1,0,0,0,0.0,0,1,1,4,4,0,0,1,12,SIN_Q023,single_table_filters
1,1,0,0,0,418230.34,0,0,0,0,881182,622011,5.945066110043177,1000.0,773259.58,418230.34,1,0,0,0,0.0,0,1,1,4,4,0,0,1,12,SIN_Q024,single_table_filters
1,1,0,0,0,486289.37,0,0,0,0,1637191,1637191,6.214099613835225,0.0,486289.37,486289.37,1,0,0,0,0.0,0,1,1,1,2,0,0,1,12,SIN_Q025,single_table_filters
1,1,0,0,0,486289.37,0,0,0,0,1833046,1833046,6.263173600575399,0.0,486289.37,486289.37,1,0,0,0,0.0,0,1,1,1,2,0,0,1,12,SIN_Q026,single_table_filters
1,1,0,0,0,1874933.4,0,0,0,0,35991891,35991891,7.5562046769825155,0.0,1874933.4,1874933.4,1,0,0,0,0.0,0,1,1,1,2,0,0,1,117,SIN_Q027,single_table_filters
1,1,0,0,0,2024891.28,0,0,0,0,25258905,25258905,7.402414536700227,0.0,2024891.28,2024891.28,1,0,0,0,0.0,0,1,1,1,2,0,0,1,117,SIN_Q028,single_table_filters
1,1,0,0,0,1874933.4,0,0,0,0,25107661,25107661,7.399806273534395,0.0,1874933.4,1874933.4,1,0,0,0,0.0,0,1,1,1,2,0,0,1,117,SIN_Q029,single_table_filters
1,1,0,0,0,1874933.4,0,0,0,0,27232351,27232351,7.435085152045417,0.0,1874933.4,1874933.4,1,0,0,0,0.0,0,1,1,1,2,0,0,1,117,SIN_Q030,single_table_filters
1,1,0,0,0,1874933.4,0,0,0,0,24065241,24065241,7.381390233299319,0.0,1874933.4,1874933.4,1,0,0,0,0.0,0,1,1,1,2,0,0,1,117,SIN_Q031,single_table_filters
1,1,0,0,0,2024891.28,0,0,0,0,13170301,13170301,7.119595733612488,0.0,2024891.28,2024891.28,1,0,0,0,0.0,0,1,1,1,2,0,0,1,117,SIN_Q032,single_table_filters
1,1,0,0,0,1438559.35,0,0,0,0,44,31,1.6532125137753437,1000.0,2876115.6,1438559.35,1,0,0,0,0.0,0,1,1,4,4,0,0,1,8,SIN_Q033,single_table_filters
1,1,0,0,0,2024891.28,0,0,0,0,18323070,18323070,7.262998264450835,0.0,2024891.28,2024891.28,1,0,0,0,0.0,0,1,1,1,2,0,0,1,117,SIN_Q034,single_table_filters
1,1,0,0,0,2024891.28,0,0,0,0,32746802,32746802,7.515168907160424,0.0,2024891.28,2024891.28,1,0,0,0,0.0,0,1,1,1,2,0,0,1,117,SIN_Q035,single_table_filters
1,1,0,0,0,1874933.4,0,0,0,0,31283213,31283213,7.495311365575784,0.0,1874933.4,1874933.4,1,0,0,0,0.0,0,1,1,1,2,0,0,1,9,SIN_Q036,single_table_filters
1,1,0,0,0,1874933.4,0,0,0,0,14875821,14875821,7.172480973069546,0.0,1874933.4,1874933.4,1,0,0,0,0.0,0,1,1,1,2,0,0,1,117,SIN_Q037,single_table_filters
1,1,0,0,0,2024891.28,0,0,0,0,26600574,26600574,7.4248910244742286,0.0,2024891.28,2024891.28,1,0,0,0,0.0,0,1,1,1,2,0,0,1,117,SIN_Q038,single_table_filters
1,1,0,0,0,1874933.4,0,0,0,0,10659006,10659006,7.027716747419646,0.0,1874933.4,1874933.4,1,0,0,0,0.0,0,1,1,1,2,0,0,1,9,SIN_Q039,single_table_filters
1,1,0,0,0,1874933.4,0,0,0,0,19180613,19180613,7.28286250546988,0.0,1874933.4,1874933.4,1,0,0,0,0.0,0,1,1,1,2,0,0,1,9,SIN_Q040,single_table_filters
1,1,0,0,0,2024891.28,0,0,0,0,9189403,9189403,6.963287345128783,0.0,2024891.28,2024891.28,1,0,0,0,0.0,0,1,1,1,2,0,0,1,117,SIN_Q041,single_table_filters
1,1,0,0,0,1874933.4,0,0,0,0,10934928,10934928,7.038815967528359,0.0,1874933.4,1874933.4,1,0,0,0,0.0,0,1,1,1,2,0,0,1,117,SIN_Q042,single_table_filters
1,1,0,0,0,2024891.28,0,0,0,0,15065433,15065433,7.177981647200231,0.0,2024891.28,2024891.28,1,0,0,0,0.0,0,1,1,1,2,0,0,1,117,SIN_Q043,single_table_filters
1,1,0,0,0,1874933.4,0,0,0,0,54026825,54026825,7.732609454098963,0.0,1874933.4,1874933.4,1,0,0,0,0.0,0,1,1,1,2,0,0,1,4,SIN_Q044,single_table_filters
1,1,0,0,0,1874933.4,0,0,0,0,48118484,48118484,7.682311945216066,0.0,1874933.4,1874933.4,1,0,0,0,0.0,0,1,1,1,2,0,0,1,4,SIN_Q045,single_table_filters
1,1,0,0,0,1874933.4,0,0,0,0,42096176,42096176,7.6242426568049515,0.0,1874933.4,1874933.4,1,0,0,0,0.0,0,1,1,1,2,0,0,1,4,SIN_Q046,single_table_filters
1,1,0,0,0,1874933.4,0,0,0,0,30075552,30075552,7.478213621469589,0.0,1874933.4,1874933.4,1,0,0,0,0.0,0,1,1,1,2,0,0,1,4,SIN_Q047,single_table_filters
1,1,0,0,0,1874933.4,0,0,0,0,17968953,17968953,7.254522796905872,0.0,1874933.4,1874933.4,1,0,0,0,0.0,0,1,1,1,2,0,0,1,4,SIN_Q048,single_table_filters
1,1,0,0,0,2024891.28,0,0,0,0,11864668,11864668,7.074255626794514,0.0,2024891.28,2024891.28,1,0,0,0,0.0,0,1,1,1,2,0,0,1,9,SIN_Q049,single_table_filters
1,1,0,0,0,2024891.28,0,0,0,0,13332255,13332255,7.12490364419641,0.0,2024891.28,2024891.28,1,0,0,0,0.0,0,1,1,1,2,0,0,1,9,SIN_Q050,single_table_filters
1,1,0,0,0,2024891.28,0,0,0,0,25454850,25454850,7.405770559237541,0.0,2024891.28,2024891.28,1,0,0,0,0.0,0,1,1,1,2,0,0,1,9,SIN_Q051,single_table_filters
1,1,0,0,0,2024891.28,0,0,0,0,25324887,25324887,7.403547533357509,0.0,2024891.28,2024891.28,1,0,0,0,0.0,0,1,1,1,2,0,0,1,4,SIN_Q052,single_table_filters
1,1,0,0,0,1874933.4,0,0,0,0,10780972,10780972,7.032657958388899,0.0,1874933.4,1874933.4,1,0,0,0,0.0,0,1,1,1,2,0,0,1,4,SIN_Q053,single_table_filters
1,1,0,0,0,54734.56,0,0,0,0,1232835,1232835,6.0909053077131805,0.0,54734.56,54734.56,1,0,0,0,0.0,0,1,1,1,2,0,0,1,158,SIN_Q054,single_table_filters
1,1,0,0,0,54734.56,0,0,0,0,1300324,1300324,6.114051912357872,0.0,54734.56,54734.56,1,0,0,0,0.0,0,1,1,1,2,0,0,1,158,SIN_Q055,single_table_filters
1,1,0,0,0,50586.93,0,0,0,0,82028,57902,4.9139674171814836,1000.0,94383.66,50586.93,1,0,0,0,0.0,0,1,1,4,4,0,0,1,158,SIN_Q056,single_table_filters
1,1,0,0,0,54442.98,0,0,0,0,114519,80837,5.058881339349561,1000.0,99802.26,54442.98,1,0,0,0,0.0,0,1,1,4,4,0,0,1,158,SIN_Q057,single_table_filters
1,1,0,0,0,58484.68,0,0,0,0,606418,606418,5.782772799922625,0.0,58484.68,58484.68,1,0,0,0,0.0,0,1,1,1,2,0,0,1,158,SIN_Q058,single_table_filters
1,1,0,0,0,51066.93,0,0,0,0,88828,62702,4.948554773029524,1000.0,94863.66,51066.93,1,0,0,0,0.0,0,1,1,4,4,0,0,1,23,SIN_Q059,single_table_filters
1,1,0,0,0,54734.56,0,0,0,0,302709,302709,5.48102676807611,0.0,54734.56,54734.56,1,0,0,0,0.0,0,1,1,1,2,0,0,1,158,SIN_Q060,single_table_filters
1,1,0,0,0,54734.56,0,0,0,0,173715,173715,5.23983982070212,0.0,54734.56,54734.56,1,0,0,0,0.0,0,1,1,1,2,0,0,1,23,SIN_Q061,single_table_filters
1,1,0,0,0,54734.56,0,0,0,0,1206092,1206092,6.081380796883399,0.0,54734.56,54734.56,1,0,0,0,0.0,0,1,1,1,2,0,0,1,10,SIN_Q062,single_table_filters
1,1,0,0,0,54734.56,0,0,0,0,160506,160506,5.205493977520212,0.0,54734.56,54734.56,1,0,0,0,0.0,0,1,1,1,2,0,0,1,158,SIN_Q063,single_table_filters
1,1,0,0,0,50766.93,0,0,0,0,84578,59702,4.927262546062131,1000.0,94563.66,50766.93,1,0,0,0,0.0,0,1,1,4,4,0,0,1,158,SIN_Q064,single_table_filters
1,1,0,0,0,53174.18,0,0,0,0,96544,68149,4.984729786881461,1000.0,98533.46,53174.18,1,0,0,0,0.0,0,1,1,4,4,0,0,1,23,SIN_Q065,single_table_filters
1,1,0,0,0,54734.56,0,0,0,0,1000030,1000030,6.000013462920265,0.0,54734.56,54734.56,1,0,0,0,0.0,0,1,1,1,2,0,0,1,23,SIN_Q066,single_table_filters
1,1,0,0,0,54734.56,0,0,0,0,1353319,1353319,6.131400500073085,0.0,54734.56,54734.56,1,0,0,0,0.0,0,1,1,1,2,0,0,1,4,SIN_Q067,single_table_filters
1,1,0,0,0,54734.56,0,0,0,0,1326328,1326328,6.122651265518083,0.0,54734.56,54734.56,1,0,0,0,0.0,0,1,1,1,2,0,0,1,4,SIN_Q068,single_table_filters
1,1,0,0,0,54734.56,0,0,0,0,1272775,1272775,6.104751977476178,0.0,54734.56,54734.56,1,0,0,0,0.0,0,1,1,1,2,0,0,1,4,SIN_Q069,single_table_filters
1,1,0,0,0,54734.56,0,0,0,0,1163141,1163141,6.0656327379888575,0.0,54734.56,54734.56,1,0,0,0,0.0,0,1,1,1,2,0,0,1,4,SIN_Q070,single_table_filters
1,1,0,0,0,54734.56,0,0,0,0,1094066,1094066,6.039043918742664,0.0,54734.56,54734.56,1,0,0,0,0.0,0,1,1,1,2,0,0,1,4,SIN_Q071,single_table_filters
1,1,0,0,0,51659.08,0,0,0,0,75080,52998,4.875530048333828,1000.0,97018.36,51659.08,1,0,0,0,0.0,0,1,1,4,4,0,0,1,10,SIN_Q072,single_table_filters
1,1,0,0,0,53108.28,0,0,0,0,95611,67490,4.980512402806712,1000.0,98467.56,53108.28,1,0,0,0,0.0,0,1,1,4,4,0,0,1,10,SIN_Q073,single_table_filters
1,1,0,0,0,58484.68,0,0,0,0,422913,422913,5.626252062120437,0.0,58484.68,58484.68,1,0,0,0,0.0,0,1,1,1,2,0,0,1,4,SIN_Q074,single_table_filters
1,1,0,0,0,56499.14,0,0,0,0,57977,40925,4.763263229922997,1000.0,107905.78,56499.14,1,0,0,0,0.0,0,1,1,4,4,0,0,1,130,SIN_Q075,single_table_filters
1,1,0,0,0,56259.24,0,0,0,0,54578,38526,4.737025574234932,1000.0,107665.88,56259.24,1,0,0,0,0.0,0,1,1,4,4,0,0,1,130,SIN_Q076,single_table_filters
1,1,0,0,0,70986.15,0,0,0,0,441047,441047,5.644485857043191,0.0,70986.15,70986.15,1,0,0,0,0.0,0,1,1,1,2,0,0,1,130,SIN_Q077,single_table_filters
1,1,0,0,0,65987.12,0,0,0,0,1999411,1999411,6.300902294313283,0.0,65987.12,65987.12,1,0,0,0,0.0,0,1,1,1,2,0,0,1,130,SIN_Q078,single_table_filters
1,1,0,0,0,65987.12,0,0,0,0,1947753,1947753,6.289534104909666,0.0,65987.12,65987.12,1,0,0,0,0.0,0,1,1,1,2,0,0,1,130,SIN_Q079,single_table_filters
1,1,0,0,0,54489.66,0,0,0,0,2,1,0.47712125471966244,1000.0,107979.22,54489.66,1,0,0,0,0.0,0,1,1,4,4,0,0,1,130,SIN_Q080,single_table_filters
1,1,0,0,0,65987.12,0,0,0,0,1438386,1438386,6.157875749296149,0.0,65987.12,65987.12,1,0,0,0,0.0,0,1,1,1,2,0,0,1,130,SIN_Q081,single_table_filters
1,1,0,0,0,52426.54,0,0,0,0,282,199,2.45178643552429,1000.0,103833.18,52426.54,1,0,0,0,0.0,0,1,1,4,4,0,0,1,37,SIN_Q082,single_table_filters
1,1,0,0,0,65987.12,0,0,0,0,157769,157769,5.19802442553312,0.0,65987.12,65987.12,1,0,0,0,0.0,0,1,1,1,2,0,0,1,8,SIN_Q083,single_table_filters
1,1,0,0,0,65987.12,0,0,0,0,1597205,1597205,6.203360932978597,0.0,65987.12,65987.12,1,0,0,0,0.0,0,1,1,1,2,0,0,1,130,SIN_Q084,single_table_filters
1,1,0,0,0,52426.54,0,0,0,0,282,199,2.45178643552429,1000.0,103833.18,52426.54,1,0,0,0,0.0,0,1,1,4,4,0,0,1,10,SIN_Q085,single_table_filters
1,1,0,0,0,62505.64,0,0,0,0,143069,100990,5.15554857715353,1000.0,113912.28,62505.64,1,0,0,0,0.0,0,1,1,4,4,0,0,1,37,SIN_Q086,single_table_filters
1,1,0,0,0,65987.12,0,0,0,0,1801049,1801049,6.255525769689425,0.0,65987.12,65987.12,1,0,0,0,0.0,0,1,1,1,2,0,0,1,4,SIN_Q087,single_table_filters
1,1,0,0,0,65987.12,0,0,0,0,1594889,1594889,6.202730735016768,0.0,65987.12,65987.12,1,0,0,0,0.0,0,1,1,1,2,0,0,1,4,SIN_Q088,single_table_filters
1,1,0,0,0,65987.12,0,0,0,0,1400793,1400793,6.146374272872311,0.0,65987.12,65987.12,1,0,0,0,0.0,0,1,1,1,2,0,0,1,4,SIN_Q089,single_table_filters
1,1,0,0,0,65987.12,0,0,0,0,1207564,1207564,6.081910516965214,0.0,65987.12,65987.12,1,0,0,0,0.0,0,1,1,1,2,0,0,1,4,SIN_Q090,single_table_filters
1,1,0,0,0,65987.12,0,0,0,0,1999411,1999411,6.300902294313283,0.0,65987.12,65987.12,1,0,0,0,0.0,0,1,1,1,2,0,0,1,10,SIN_Q091,single_table_filters
1,1,0,0,0,65987.12,0,0,0,0,1999411,1999411,6.300902294313283,0.0,65987.12,65987.12,1,0,0,0,0.0,0,1,1,1,2,0,0,1,10,SIN_Q092,single_table_filters
1,1,0,0,0,65987.12,0,0,0,0,1597129,1597129,6.203340267412651,0.0,65987.12,65987.12,1,0,0,0,0.0,0,1,1,1,2,0,0,1,10,SIN_Q093,single_table_filters
1,1,0,0,0,65987.12,0,0,0,0,1005601,1005601,6.002426128428995,0.0,65987.12,65987.12,1,0,0,0,0.0,0,1,1,1,2,0,0,1,10,SIN_Q094,single_table_filters
1,1,0,0,0,70986.15,0,0,0,0,830238,830238,5.91920313025543,0.0,70986.15,70986.15,1,0,0,0,0.0,0,1,1,1,2,0,0,1,4,SIN_Q095,single_table_filters
1,1,0,0,0,3514.0,0,0,0,0,81934,81934,4.9134694580469,0.0,3514.0,3514.0,1,0,0,0,0.0,0,1,1,1,2,0,0,1,144,SIN_Q096,single_table_filters
1,1,0,0,0,3764.0,0,0,0,0,8944,8944,3.951580344903392,0.0,3764.0,3764.0,1,0,0,0,0.0,0,1,1,1,2,0,0,1,144,SIN_Q097,single_table_filters
1,1,0,0,0,3514.0,0,0,0,0,3910,3910,3.5922878159521305,0.0,3514.0,3514.0,1,0,0,0,0.0,0,1,1,1,2,0,0,1,30,SIN_Q098,single_table_filters
1,1,0,0,0,3514.0,0,0,0,0,13691,13691,4.136466890465839,0.0,3514.0,3514.0,1,0,0,0,0.0,0,1,1,1,2,0,0,1,144,SIN_Q099,single_table_filters
1,1,0,0,0,3764.0,0,0,0,0,24027,24027,4.380717623275317,0.0,3764.0,3764.0,1,0,0,0,0.0,0,1,1,1,2,0,0,1,20,SIN_Q100,single_table_filters
1,1,0,0,0,3514.0,0,0,0,0,72732,72732,4.861731501177587,0.0,3514.0,3514.0,1,0,0,0,0.0,0,1,1,1,2,0,0,1,144,SIN_Q101,single_table_filters
1,1,0,0,0,3514.0,0,0,0,0,3997,3997,3.601842789782098,0.0,3514.0,3514.0,1,0,0,0,0.0,0,1,1,1,2,0,0,1,144,SIN_Q102,single_table_filters
1,1,0,0,0,3764.0,0,0,0,0,5365,5365,3.7296506683359203,0.0,3764.0,3764.0,1,0,0,0,0.0,0,1,1,1,2,0,0,1,10,SIN_Q103,single_table_filters
1,1,0,0,0,3514.0,0,0,0,0,89957,89957,4.954039791376542,0.0,3514.0,3514.0,1,0,0,0,0.0,0,1,1,1,2,0,0,1,4,SIN_Q104,single_table_filters
1,1,0,0,0,3514.0,0,0,0,0,86308,86308,4.936056084782879,0.0,3514.0,3514.0,1,0,0,0,0.0,0,1,1,1,2,0,0,1,4,SIN_Q105,single_table_filters
1,1,0,0,0,3514.0,0,0,0,0,81934,81934,4.9134694580469,0.0,3514.0,3514.0,1,0,0,0,0.0,0,1,1,1,2,0,0,1,4,SIN_Q106,single_table_filters
1,1,0,0,0,3514.0,0,0,0,0,77365,77365,4.888550143415246,0.0,3514.0,3514.0,1,0,0,0,0.0,0,1,1,1,2,0,0,1,4,SIN_Q107,single_table_filters
1,1,0,0,0,3514.0,0,0,0,0,74610,74610,4.872802860812162,0.0,3514.0,3514.0,1,0,0,0,0.0,0,1,1,1,2,0,0,1,4,SIN_Q108,single_table_filters
1,1,0,0,0,3764.0,0,0,0,0,4531,4531,3.6562899011913594,0.0,3764.0,3764.0,1,0,0,0,0.0,0,1,1,1,2,0,0,1,10,SIN_Q109,single_table_filters
1,1,0,0,0,3764.0,0,0,0,0,5344,5344,3.727947709544797,0.0,3764.0,3764.0,1,0,0,0,0.0,0,1,1,1,2,0,0,1,10,SIN_Q110,single_table_filters
1,1,0,0,0,3764.0,0,0,0,0,20023,20023,4.301550836600167,0.0,3764.0,3764.0,1,0,0,0,0.0,0,1,1,1,2,0,0,1,4,SIN_Q111,single_table_filters
1,3,0,0,0,698478.3,0,1,0,2,48003904,15001158,7.681276567604139,210990.0,1869858.92,698478.3,0,0,0,1,0.0,0,3,1,7,9,0,0,3,127,THR_Q001,three_table_joins
1,3,0,0,0,401167.42,0,1,0,2,7007867,6250482,6.845585912878701,132899.91000000003,1246401.72,401167.42,1,0,0,1,0.0,0,3,1,16,12,0,0,3,31,THR_Q002,three_table_joins
1,3,0,0,0,669626.31,0,1,0,2,32840425,9946665,7.516408782072535,210990.0,1863256.64,669626.31,1,0,0,1,0.0,0,3,1,7,10,0,0,3,127,THR_Q003,three_table_joins
1,3,0,0,0,658841.26,0,1,0,2,30019804,15001158,7.477407866864646,190628.73,1820078.42,658841.26,1,0,0,1,0.0,0,3,1,10,10,0,0,3,127,THR_Q004,three_table_joins
1,3,0,0,0,636930.77,0,1,0,2,16799017,4599529,7.22528389543741,210990.0,1849754.62,636930.77,1,0,0,1,0.0,0,3,1,7,10,0,0,3,127,THR_Q005,three_table_joins
1,3,0,0,0,412212.72,0,1,0,2,6106934,5367215,6.7858232975476005,132899.91000000003,1285365.52,412212.72,1,0,0,1,0.0,0,3,1,16,13,0,0,3,31,THR_Q006,three_table_joins
1,3,0,0,0,396758.6,0,1,0,2,2887213,2452310,6.460478974935354,135729.21000000002,1263295.78,396758.6,1,0,0,1,0.0,0,3,1,16,14,0,0,3,33,THR_Q007,three_table_joins
1,3,0,0,0,2102518.43,0,1,0,2,38753290,12500964,7.588308589486211,2081811.94,4749822.15,2102518.43,0,1,0,1,0.0,0,3,1,16,14,0,0,3,135,THR_Q008,three_table_joins
1,3,0,0,0,520924.67,0,1,0,2,20002844,6250482,7.30109176966046,2749644.3800000004,3939904.25,520924.67,0,1,1,1,0.0,0,3,1,22,19,0,0,3,144,THR_Q009,three_table_joins
1,3,0,0,0,493083.43,0,1,0,2,20002618,6250482,7.301086862803092,2610465.3100000005,3776306.79,493083.43,1,1,1,1,0.0,0,3,1,22,20,0,0,3,112,THR_Q010,three_table_joins
1,4,0,0,0,738851.86,0,1,0,3,63005402,15001158,7.799377793778528,291019.36000000004,2608734.18,738851.86,0,0,0,1,0.0,0,4,1,10,13,0,0,4,231,THR_Q011,three_table_joins
1,4,0,0,0,401878.6,0,1,0,3,7008039,6250482,6.845596572002733,135082.05000000002,1249306.72,401878.6,1,0,0,1,0.0,0,4,1,22,16,0,0,4,127,THR_Q012,three_table_joins
1,4,0,0,0,409088.77,0,1,0,3,5352821,4627719,6.728582801817378,135082.05000000002,1281644.16,409088.77,1,0,0,1,0.0,0,4,1,22,17,0,0,4,31,THR_Q013,three_table_joins
1,4,0,0,0,537755.06,0,1,0,3,26253666,6250482,7.419189972375847,2886324.5600000005,4513895.65,537755.06,0,1,1,1,0.0,0,4,1,25,23,0,0,4,144,THR_Q014,three_table_joins
1,4,0,0,0,393297.76,0,1,0,3,6920817,6250482,6.840157428545048,2053672.61,2811790.73,393297.76,1,1,1,1,0.0,0,4,1,34,24,0,0,4,240,THR_Q015,three_table_joins
1,4,0,0,0,522121.28,0,1,0,3,26253496,6250482,7.419187160185803,2286065.1200000006,3913634.92,522121.28,0,1,1,1,0.0,0,4,1,22,21,0,0,4,136,THR_Q016,three_table_joins
1,4,0,0,0,6977625.87,0,1,0,3,81256890,15001158,7.909860201606261,12637891.499999998,22377193.66,6977625.87,0,1,1,1,0.0,0,4,1,25,24,0,0,4,159,THR_Q017,three_table_joins
1,4,0,0,0,454681.99,0,1,0,3,8917448,1916470,6.950240634233333,2016307.9599999997,3572803.74,454681.99,1,1,1,1,0.0,0,4,1,22,22,0,0,4,136,THR_Q018,three_table_joins
1,4,0,0,0,522121.7,0,1,0,3,26253383,6250482,7.419185290896463,2286065.1200000006,3913635.34,522121.7,1,1,1,1,0.0,0,4,1,22,22,0,0,4,136,THR_Q019,three_table_joins
1,3,0,0,0,57736.59,0,1,0,2,487675,114165,5.688131383182223,201115.80000000002,340170.13,57736.59,1,1,1,1,0.0,0,3,1,19,18,0,0,3,208,THR_Q020,three_table_joins
1,2,1,1,0,3994308.11,0,1,0,2,164848218,59983152,8.217084259440043,1272339.9999999998,9198620.79,3994308.11,1,0,0,1,0.3333,1,3,0,10,10,0,0,2,42,THR_Q021,three_table_joins
1,2,1,1,0,2928517.18,0,1,0,2,54871997,24992980,7.739350774021064,1322872.8599999999,8498077.01,2928517.18,1,0,0,1,0.3333,1,3,0,13,12,0,0,2,33,THR_Q022,three_table_joins
1,2,1,1,0,3271004.39,0,1,0,2,97792882,24065241,7.9903072496107495,1821463.96,8924551.61,3271004.39,1,0,0,1,0.3333,1,3,0,7,11,0,0,2,42,THR_Q023,three_table_joins
1,2,1,1,0,3292738.89,0,1,0,2,107918543,25107661,8.033096077351106,1290996.72,8374243.34,3292738.89,1,0,0,1,0.3333,1,3,0,10,11,0,0,2,14,THR_Q024,three_table_joins
1,2,1,1,0,2791122.4,0,1,0,2,89146396,24992980,7.950103795131798,15178096.050000003,20734320.46,2791122.4,0,1,1,1,0.3333,1,3,0,22,19,0,0,2,43,THR_Q025,three_table_joins
1,2,1,1,0,2731933.07,0,1,0,2,89146996,24992980,7.950106718141825,12151706.110000001,17709621.88,2731933.07,0,1,1,1,0.3333,1,3,0,19,17,0,0,2,61,THR_Q026,three_table_joins
1,2,1,1,0,6286831.26,0,1,0,2,101143916,24992980,8.004939768542574,35819086.64,42742639.96,6286831.26,0,1,1,1,0.3333,1,3,0,25,21,0,0,2,69,THR_Q027,three_table_joins
1,3,0,0,0,11377725.13,0,1,0,2,169143497,30002316,8.228255307846762,52374692.629999995,66120443.17,11377725.13,1,1,1,1,0.0,0,3,1,25,21,0,0,3,44,THR_Q028,three_table_joins
1,3,0,0,0,2177266.69,0,1,0,2,45120704,24992980,7.6543758767735515,9899986.889999999,15031238.05,2177266.69,1,1,1,1,0.0,0,3,1,22,17,0,0,3,15,THR_Q029,three_table_joins
1,2,1,1,0,2103240.78,0,1,0,2,36728708,24992980,7.56500566332951,4379397.83,8532500.09,2103240.78,1,0,0,1,0.3333,1,3,0,16,12,0,0,2,38,THR_Q030,three_table_joins
1,2,1,1,0,3072853.08,0,1,0,2,143995990,59983152,8.158350401047926,1036993.2800000001,7470580.02,3072853.08,1,0,0,1,0.3333,1,3,0,10,10,0,0,2,35,THR_Q031,three_table_joins
1,3,0,0,0,2988699.12,0,1,0,2,99795789,27232351,7.999112220462377,1776806.3499999999,8690532.74,2988699.12,1,0,0,1,0.0,0,3,1,10,11,0,0,3,34,THR_Q032,three_table_joins
1,2,1,1,0,5209890.19,0,1,0,2,88018642,24992980,7.9445746686787,26561912.019999996,32310866.56,5209890.19,0,1,1,1,0.3333,1,3,0,22,20,0,0,2,62,THR_Q033,three_table_joins
1,2,1,1,0,5199983.83,0,1,0,2,88018652,24992980,7.94457471801989,31751739.489999995,37500694.06,5199983.83,0,1,1,1,0.3333,1,3,0,25,21,0,0,2,62,THR_Q034,three_table_joins
1,2,1,1,0,2305871.13,0,1,0,2,87239882,24992980,7.940715074461815,12244092.87,17137372.54,2305871.13,0,1,1,1,0.3333,1,3,0,22,19,0,0,2,36,THR_Q035,three_table_joins
1,2,1,1,0,4782613.61,0,1,0,2,87851975,24992980,7.943751534257553,19739899.799999997,25342761.35,4782613.61,1,1,1,1,0.3333,1,3,0,19,19,0,0,2,62,THR_Q036,three_table_joins
1,2,1,1,0,2983533.26,0,1,0,2,71676468,18323070,7.855376602519202,1037457.2400000001,7871961.39,2983533.26,1,0,0,1,0.3333,1,3,0,10,11,0,0,2,34,THR_Q037,three_table_joins
1,3,0,0,0,3210592.23,0,1,0,2,55155331,24992980,7.741587503108825,13549503.559999999,18937433.41,3210592.23,1,1,1,1,0.0,0,3,1,22,18,0,0,3,30,THR_Q038,three_table_joins
1,2,1,0,0,2048051.8,1,1,0,2,31665090,24992980,7.5005807404524285,1033434.5100000001,7928043.37,2048051.8,0,0,0,1,0.3333,1,3,0,10,10,0,0,2,43,THR_Q039,three_table_joins
1,2,1,0,0,2093044.41,1,1,0,2,31662072,24992980,7.500539345870243,1033434.5100000001,8067007.19,2093044.41,1,0,0,1,0.3333,1,3,0,10,11,0,0,2,51,THR_Q040,three_table_joins
1,2,1,0,0,2021189.86,1,1,0,2,29008307,24992980,7.462522397961799,987606.55,7866596.1,2021189.86,1,0,0,1,0.3333,1,3,0,13,12,0,0,2,43,THR_Q041,three_table_joins
1,2,1,0,0,2048235.27,1,1,0,2,31671695,24992980,7.500671320199183,13043638.11,18166475.0,2048235.27,0,1,1,1,0.3333,1,3,0,25,19,0,0,2,69,THR_Q042,three_table_joins
1,2,1,0,0,2047874.11,1,1,0,2,31663775,24992980,7.500562704530712,10995053.959999999,16117337.88,2047874.11,0,1,1,1,0.3333,1,3,0,22,18,0,0,2,43,THR_Q043,three_table_joins
1,2,1,0,0,1955099.12,1,1,0,2,27699450,24992980,7.442471161482017,4612968.749999999,9623391.34,1955099.12,1,1,0,1,0.3333,1,3,0,16,13,0,0,2,14,THR_Q044,three_table_joins
1,2,1,0,0,2047913.87,1,1,0,2,31664400,24992980,7.50057127683025,10995093.409999998,16117444.23,2047913.87,0,1,1,1,0.3333,1,3,0,22,18,0,0,2,61,THR_Q045,three_table_joins
1,2,1,0,0,2047873.53,1,1,0,2,31663733,24992980,7.500562128466116,8947179.909999998,14069463.83,2047873.53,1,1,1,1,0.3333,1,3,0,19,17,0,0,2,43,THR_Q046,three_table_joins
1,2,1,0,0,1909440.5,1,1,0,2,17131288,10461525,7.23379004157182,6484774.76,11395836.23,1909440.5,1,1,0,1,0.3333,1,3,0,16,14,0,0,2,69,THR_Q047,three_table_joins
1,2,1,0,0,1999453.48,1,1,0,2,31533081,24992980,7.498766420166862,8768495.1,13794781.55,1999453.48,1,1,0,1,0.3333,1,3,0,22,15,0,0,2,36,THR_Q048,three_table_joins
1,2,1,0,0,2060853.39,1,1,0,3,31667542,24992980,7.500614368931236,1309115.2899999998,9988911.67,2060853.39,0,0,0,1,0.5,2,4,0,13,13,0,0,2,69,THR_Q049,three_table_joins
1,2,1,1,0,1689578.46,1,1,0,3,30263524,24992980,7.480919511885738,5850817.959999999,9497131.01,1689578.46,1,0,0,1,0.5,2,4,0,19,16,0,0,2,63,THR_Q050,three_table_joins
1,1,1,1,0,2049569.24,1,1,1,3,31773472,24992980,7.502064687987362,10836574.049999999,16019861.34,2049569.24,0,1,1,1,0.75,3,4,0,22,19,0,0,1,83,THR_Q051,three_table_joins
1,2,1,1,0,2055043.93,1,1,1,3,31774909,24992980,7.502084329121916,14804007.849999998,18189948.43,2055043.93,0,1,1,1,0.5,2,4,0,25,20,0,0,2,62,THR_Q052,three_table_joins
1,2,1,0,0,1895821.93,1,1,0,3,11488459,8129668,7.060261816475358,1211616.9600000002,9511020.48,1895821.93,1,0,0,1,0.5,2,4,0,16,15,0,0,2,68,THR_Q053,three_table_joins
1,3,1,0,0,2002267.74,1,1,0,3,31727233,24992980,7.501432211687596,12760399.19,17791165.38,2002267.74,0,1,1,1,0.25,1,4,0,25,20,0,0,3,47,THR_Q054,three_table_joins
1,2,1,1,0,2050871.86,1,1,1,3,31769387,24992980,7.502008848733885,8938142.109999998,14074053.98,2050871.86,1,1,1,1,0.5,2,4,0,19,18,0,0,2,62,THR_Q055,three_table_joins
1,2,1,1,0,2047328.02,1,1,0,3,31733164,24992980,7.501513389890704,16978814.91,22152332.54,2047328.02,0,1,1,1,0.5,2,4,0,31,23,0,0,2,99,THR_Q056,three_table_joins
1,1,1,1,0,1765862.92,1,1,0,3,13269021,6599005,7.122838914148855,7898773.269999998,14113196.88,1765862.92,1,1,0,1,0.75,3,4,0,22,18,0,0,1,16,THR_Q057,three_table_joins
1,2,1,1,0,2017575.87,1,1,0,3,24783336,18050223,7.394159782391693,10689939.64,15930620.88,2017575.87,1,1,1,1,0.5,2,4,0,22,19,0,0,2,23,THR_Q058,three_table_joins
1,3,0,0,0,3221881.8,0,1,0,2,38049629,10951297,7.580350437985972,1517366.77,8075965.3,3221881.8,1,0,0,1,0.0,0,3,1,16,13,0,0,3,28,THR_Q059,three_table_joins
1,3,0,0,0,1933607.13,0,1,0,2,15884594,11346813,7.200976146358166,1269569.44,6458290.8,1933607.13,1,0,0,1,0.0,0,3,1,16,14,0,0,3,27,THR_Q060,three_table_joins
1,3,0,0,0,6132544.62,0,1,0,2,97730212,24992980,7.990028845302821,28657820.91,35288677.5,6132544.62,0,1,1,1,0.0,0,3,1,22,20,0,0,3,55,THR_Q061,three_table_joins
1,3,0,0,0,5912925.48,0,1,0,2,97730227,24992980,7.990028911959964,34347377.13,40978233.76,5912925.48,0,1,1,1,0.0,0,3,1,25,21,0,0,3,55,THR_Q062,three_table_joins
1,3,0,0,0,2626078.91,0,1,0,2,88730092,24992980,7.948070936712964,14399512.549999999,19871073.7,2626078.91,0,1,1,1,0.0,0,3,1,22,19,0,0,3,36,THR_Q063,three_table_joins
1,2,1,1,0,5260905.15,0,1,0,2,95730152,24992980,7.98104875302163,25213948.96,31145779.7,5260905.15,1,1,1,1,0.3333,1,3,0,22,21,0,0,2,31,THR_Q064,three_table_joins
1,3,0,0,0,2518495.92,0,1,0,2,24200723,6792259,7.3838283587284295,7253832.15,11441351.27,2518495.92,1,1,0,1,0.0,0,3,1,22,16,0,0,3,35,THR_Q066,three_table_joins
1,3,0,0,0,2138971.21,0,1,0,2,38744131,8330993,7.5882059356682054,9826018.169999998,14816842.47,2138971.21,1,1,1,1,0.0,0,3,1,19,17,0,0,3,8,THR_Q067,three_table_joins
1,3,0,0,0,3829.73,0,1,0,2,300680,100000,5.478105985946013,64.87,10687.4,3829.73,0,0,0,1,0.0,0,3,1,7,9,0,0,3,238,THR_Q068,three_table_joins
1,3,0,0,0,3669.19,0,1,0,2,100762,100000,5.0033010891957685,72.86,7017.71,3669.19,1,0,0,1,0.0,0,3,1,13,10,0,0,3,134,THR_Q069,three_table_joins
1,2,1,1,0,3696.78,1,1,0,2,55069,54425,4.740915076481283,36.839999999999996,10923.91,3696.78,1,0,0,1,0.3333,1,3,0,10,13,0,0,2,40,THR_Q070,three_table_joins
1,3,0,0,0,4338.16,0,1,0,2,301020,100000,5.478596794151946,8732.33,19356.99,4338.16,0,1,1,1,0.0,0,3,1,13,13,0,0,3,112,THR_Q071,three_table_joins
1,3,0,0,0,4588.58,0,1,0,2,301020,100000,5.478596794151946,9232.76,19857.84,4588.58,0,1,1,1,0.0,0,3,1,13,13,0,0,3,148,THR_Q072,three_table_joins
1,3,0,0,0,4331.43,0,1,0,2,300850,100000,5.478351459383467,4394.5999999999985,15018.83,4331.43,0,0,1,1,0.0,0,3,1,10,11,0,0,3,136,THR_Q073,three_table_joins
1,3,0,0,0,12232.35,0,1,0,2,294810,58824,5.46954368390267,15467.630000000001,31435.5,12232.35,0,1,0,1,0.0,0,3,1,16,14,0,0,3,240,THR_Q074,three_table_joins
1,3,0,0,0,4333.66,0,1,0,2,300794,100000,5.478270612868883,8728.12,19352.92,4333.66,1,1,1,1,0.0,0,3,1,13,14,0,0,3,116,THR_Q075,three_table_joins
1,3,0,0,0,3613.64,0,1,0,2,27610,8920,4.441082135962598,3676.81,14315.9,3613.64,1,0,1,1,0.0,0,3,1,10,12,0,0,3,108,THR_Q076,three_table_joins
1,3,0,0,0,4010.92,0,1,0,2,55531,54713,4.7445433149874665,4082.97,11856.14,4010.92,1,1,0,1,0.0,0,3,1,16,13,0,0,3,136,THR_Q077,three_table_joins
1,3,0,0,0,59083.67,0,1,0,2,4500815,1500045,6.653291258702072,64.87,165148.98,59083.67,0,0,0,1,0.0,0,3,1,7,9,0,0,3,231,THR_Q078,three_table_joins
1,3,0,0,0,46521.49,0,1,0,2,637694,625019,5.804613011810962,1097.1699999999998,133479.29,46521.49,1,0,0,1,0.0,0,3,1,16,12,0,0,3,127,THR_Q079,three_table_joins
1,3,0,0,0,46005.5,0,1,0,2,231594,226882,5.364729178993871,1097.1699999999998,134571.95,46005.5,1,0,0,1,0.0,0,3,1,16,13,0,0,3,33,THR_Q080,three_table_joins
1,3,0,0,0,49807.91,0,1,0,2,1876757,625019,6.273408275796423,246896.78000000003,378752.79,49807.91,0,1,1,1,0.0,0,3,1,22,19,0,0,3,112,THR_Q081,three_table_joins
1,3,0,0,0,49809.61,0,1,0,2,1876757,625019,6.273408275796423,246899.75000000003,378757.45,49809.61,0,1,1,1,0.0,0,3,1,22,19,0,0,3,140,THR_Q082,three_table_joins
1,3,0,0,0,51366.28,0,1,0,2,1876587,625019,6.273368934865971,203340.76000000004,335198.88,51366.28,0,1,1,1,0.0,0,3,1,19,17,0,0,3,144,THR_Q083,three_table_joins
1,3,0,0,0,209104.5,0,1,0,2,3750814,1250038,6.5741256441399205,188834.52000000002,468018.05,209104.5,0,1,0,1,0.0,0,3,1,16,14,0,0,3,233,THR_Q084,three_table_joins
1,3,0,0,0,49803.31,0,1,0,2,1876474,625019,6.273342782746238,197090.57000000004,328948.26,49803.31,1,1,1,1,0.0,0,3,1,19,18,0,0,3,140,THR_Q085,three_table_joins
1,3,0,0,0,47834.78,0,1,0,2,854975,284425,5.931953923834772,237031.12,370825.71,47834.78,1,1,1,1,0.0,0,3,1,22,20,0,0,3,112,THR_Q086,three_table_joins
1,3,0,0,0,45192.52,0,1,0,2,650485,625019,5.813237953951909,179485.96000000005,309727.8,45192.52,1,1,1,1,0.0,0,3,1,22,17,0,0,3,208,THR_Q087,three_table_joins
1,4,0,0,0,1953450.22,0,1,0,3,29911515,24992980,7.475838424858457,1823770.96,8438508.18,1953450.22,1,0,0,1,0.0,0,4,1,19,18,0,0,4,49,THR_Q088,three_table_joins
1,4,0,0,0,16971053.31,0,1,0,3,290363454,49985960,8.462941955380067,69443665.33999999,92370146.17,16971053.31,0,1,1,1,0.0,0,4,1,28,24,0,0,4,66,THR_Q089,three_table_joins
1,4,0,0,0,3337426.01,0,1,0,3,96669266,24992980,7.98528842554373,18425423.71,25067434.14,3337426.01,0,1,1,1,0.0,0,4,1,28,24,0,0,4,57,THR_Q090,three_table_joins
1,4,0,0,0,3066336.17,0,1,0,3,115393014,24992980,8.062179520788794,17191797.779999997,25048215.85,3066336.17,0,1,1,1,0.0,0,4,1,25,24,0,0,4,47,THR_Q091,three_table_joins
1,4,0,0,0,3332927.23,0,1,0,3,96649474,24992980,7.98519949928312,15073791.3,21711434.88,3332927.23,1,1,1,1,0.0,0,4,1,25,22,0,0,4,47,THR_Q092,three_table_joins
1,4,0,0,0,2874665.08,0,1,0,3,30999041,9042460,7.49134827252645,6580169.379999999,12468768.88,2874665.08,1,1,0,1,0.0,0,4,1,22,20,0,0,4,60,THR_Q093,three_table_joins
1,4,0,0,0,2861760.36,0,1,0,3,115411764,24992980,8.06225008277242,13307994.459999999,20873540.39,2861760.36,0,1,1,1,0.0,0,4,1,22,20,0,0,4,25,THR_Q094,three_table_joins
1,3,1,1,0,17242062.61,0,1,0,3,335327498,59983152,8.525469169814913,68014081.72999999,91099547.15,17242062.61,0,1,1,1,0.25,1,4,0,28,24,0,0,3,55,THR_Q096,three_table_joins
1,5,0,0,0,2347549.21,0,1,0,4,60730210,24992980,7.783404790030459,13836216.399999995,22731662.64,2347549.21,1,1,1,1,0.0,0,5,1,31,28,0,0,5,136,THR_Q097,three_table_joins
1,4,1,1,0,3032604.96,0,1,0,4,138560054,24992980,8.141638047062068,16864489.38,26287823.96,3032604.96,0,1,1,1,0.2,1,5,0,28,28,0,0,4,147,THR_Q098,three_table_joins
1,4,1,1,0,1790915.42,1,1,0,4,11593976,10461525,7.064232434487143,5941687.98,9570861.41,1790915.42,1,0,0,1,0.2,1,5,0,25,21,0,0,4,175,THR_Q099,three_table_joins
1,2,1,0,0,2109661.41,1,1,0,4,31667793,24992980,7.500617811177544,7634380.729999999,16516502.93,2109661.41,0,1,0,1,0.6,3,5,0,22,19,0,0,2,88,THR_Q100,three_table_joins
1,2,1,1,0,2107018.74,1,1,0,4,31673755,24992980,7.500699566793211,13945701.479999999,22825371.14,2107018.74,0,1,1,1,0.6,3,5,0,31,25,0,0,2,55,THR_Q101,three_table_joins
1,5,0,0,0,6375424.4,0,1,0,4,96167832,24992980,7.983029829972009,27250969.73,37845392.64,6375424.4,1,1,1,1,0.0,0,5,1,28,27,0,0,5,157,THR_Q102,three_table_joins
1,6,0,0,0,4926742.14,0,1,0,5,68463952,24992980,7.835461970999994,26616939.689999994,38049616.51,4926742.14,1,1,1,1,0.0,0,6,1,34,33,0,0,5,240,THR_Q103,three_table_joins
1,6,0,0,0,3262426.53,0,1,0,5,76457894,24992980,7.883422337072117,14865885.049999999,26175819.15,3262426.53,0,1,1,1,0.0,0,6,1,31,29,0,0,5,144,THR_Q104,three_table_joins
1,5,0,0,0,2867507.94,0,1,0,4,100124440,24992980,8.000540104410216,16375385.54,26163932.59,2867507.94,1,1,1,1,0.0,0,5,1,31,29,0,0,5,136,THR_Q105,three_table_joins
0,0,1,0,0,819762124.5,1,0,1,5,372753263,59983152,8.571421455025053,216.21,2249877285.67,819762124.5,0,0,0,0,1.0,6,6,0,22,29,0,0,0,194,THR_Q106,three_table_joins
1,6,0,0,0,8113912.28,0,1,0,5,137019166,24992980,8.136781322923525,39642106.81000001,55704634.42,8113912.28,1,1,1,1,0.0,0,6,1,37,33,0,0,6,177,THR_Q107,three_table_joins
1,6,0,0,0,9057649.72,0,1,0,5,128043908,24992980,8.107358924072656,46695092.900000006,57266409.21,9057649.72,0,1,1,1,0.0,0,6,1,34,33,0,0,6,157,THR_Q108,three_table_joins
1,6,0,0,0,3052346.59,0,1,0,5,125806504,24992980,8.099703097488948,17007815.95,25273886.76,3052346.59,0,1,1,1,0.0,0,6,1,31,31,0,0,6,168,THR_Q109,three_table_joins
1,3,1,0,0,2109917.79,1,1,0,5,31675104,24992980,7.500718063203309,12127579.57,22837727.99,2109917.79,0,1,1,1,0.5,3,6,0,31,28,0,0,3,147,THR_Q110,three_table_joins
1,6,0,0,0,3195810.45,0,1,0,5,127916408,24992980,8.106926258951319,18445278.17,27726541.21,3195810.45,0,1,1,1,0.0,0,6,1,34,32,0,0,6,147,THR_Q111,three_table_joins
1,4,1,1,0,3293002.69,0,1,0,5,164565142,24992980,8.216337851496695,18484057.629999995,30589972.22,3293002.69,1,1,1,1,0.3333,2,6,0,31,32,0,0,4,136,THR_Q112,three_table_joins
1,6,0,0,0,18035620.69,0,1,0,5,250360536,59983152,8.398565874403413,45325435.750000015,79244142.77,18035620.69,0,1,1,1,0.0,0,6,1,28,30,0,0,6,123,THR_Q113,three_table_joins
1,6,0,0,0,10630175.7,0,1,0,5,163106060,24992980,8.212470099666561,53917668.17000001,66630986.5,10630175.7,0,1,1,1,0.0,0,6,1,31,33,0,0,5,240,THR_Q114,three_table_joins
1,4,0,0,0,2136943.29,0,1,0,3,101240770,24992980,8.005355443872334,8731576.31,15172876.19,2136943.29,0,1,1,1,0.0,0,4,1,22,21,0,0,4,179,THR_Q116,three_table_joins
1,3,0,0,0,2752257.25,0,1,0,2,88729972,24992980,7.948070349365748,15031038.229999999,20503199.13,2752257.25,0,1,1,1,0.0,0,3,1,22,19,0,0,3,43,THR_Q117,three_table_joins
1,5,0,0,0,2141979.75,0,1,0,4,126084930,24992980,8.100663185109108,10949450.84,19278894.17,2141979.75,0,1,1,1,0.0,0,5,1,28,28,0,0,5,140,THR_Q118,three_table_joins
1,4,0,0,0,273096.83,0,1,0,3,13454512,3333791,7.128867982646752,1376950.74,2266651.81,273096.83,0,1,1,1,0.0,0,4,1,25,23,0,0,4,136,THR_Q119,three_table_joins
1,2,1,1,0,3003688.97,0,1,0,2,89152546,24992980,7.950133755051973,16240913.18,21994832.77,3003688.97,0,1,1,1,0.3333,1,3,0,22,20,0,0,2,64,THR_Q120,three_table_joins
1,4,0,0,0,2076265.76,0,1,0,3,101260320,24992980,8.005439299787023,10560342.070000002,17002991.4,2076265.76,0,1,1,1,0.0,0,4,1,25,23,0,0,4,147,THR_Q122,three_table_joins
1,3,0,0,0,523575.79,0,1,0,2,20006074,6250482,7.301161892582029,2241054.4300000006,3434097.04,523575.79,0,1,1,1,0.0,0,3,1,19,17,0,0,3,147,THR_Q123,three_table_joins
1,5,0,0,0,376214.08,0,1,0,4,18487625,3333791,7.266881146892346,1813340.1099999996,3145681.28,376214.08,0,1,1,1,0.0,0,5,1,25,25,0,0,5,147,THR_Q124,three_table_joins
1,3,1,1,0,14874408.65,0,1,0,3,200365696,59983152,8.301823371492667,39467623.48,61354761.82,14874408.65,0,1,1,1,0.25,1,4,0,22,21,0,0,3,29,THR_Q127,three_table_joins
1,5,0,0,0,398717.58,0,1,0,4,18479125,3333791,7.266681426713454,2302858.250000001,3661217.64,398717.58,0,1,1,1,0.0,0,5,1,28,28,0,0,5,147,THR_Q128,three_table_joins
1,5,0,0,0,2966218.69,0,1,0,4,101234646,24992980,8.00532917283722,16611840.12,23252220.65,2966218.69,0,1,1,1,0.0,0,5,1,31,28,0,0,5,138,THR_Q129,three_table_joins
1,3,0,0,0,505293.13,0,1,0,2,20002618,6250482,7.301086862803092,2671508.2800000003,3861767.46,505293.13,1,1,1,1,0.0,0,3,1,22,20,0,0,3,136,THR_Q130,three_table_joins
1,2,1,1,0,567934.99,0,1,0,2,10586027,3333791,7.024733038363865,2670823.880000001,3287306.58,567934.99,1,1,1,1,0.3333,1,3,0,22,21,0,0,2,38,THR_Q131,three_table_joins
1,2,1,1,0,2617343.06,0,1,0,2,89146362,24992980,7.950103629493975,14309201.15,19767797.58,2617343.06,1,1,1,1,0.3333,1,3,0,22,20,0,0,2,43,THR_Q132,three_table_joins
1,3,0,0,0,49801.61,0,1,0,2,1876474,625019,6.273342782746238,197089.30000000005,328945.3,49801.61,1,1,1,1,0.0,0,3,1,19,18,0,0,3,112,THR_Q133,three_table_joins
1,2,1,1,0,2571820.28,0,1,0,2,89146946,24992980,7.950106474558408,14083075.360000001,19494545.35,2571820.28,1,1,1,1,0.3333,1,3,0,22,20,0,0,2,29,THR_Q134,three_table_joins
1,3,0,0,0,512610.65,0,1,0,2,20005790,6250482,7.301155727429278,2710938.7500000005,3880796.68,512610.65,1,1,1,1,0.0,0,3,1,22,20,0,0,3,151,THR_Q135,three_table_joins
1,3,0,0,0,247438.49,0,1,0,2,10120155,3333791,7.005187207110203,1245055.8900000001,1899659.5,247438.49,1,1,1,1,0.0,0,3,1,22,20,0,0,3,116,THR_Q136,three_table_joins
1,2,1,1,0,1810206.62,0,1,0,2,36203638,8001098,7.558752225731794,5529635.590000001,6697301.63,1810206.62,1,1,1,1,0.3333,1,3,0,16,16,0,0,2,51,THR_Q137,three_table_joins
1,1,1,1,0,2323861.79,0,1,0,2,45551913,10461525,7.6585066298748705,12822972.24,18021176.61,2323861.79,1,1,1,1,0.6667,2,3,0,22,21,0,0,1,51,THR_Q138,three_table_joins
1,4,0,0,0,96170.64,0,1,0,2,2501676,625019,6.3982312357438555,523066.24999999994,697169.51,96170.64,1,1,1,1,0.0,0,4,1,22,31,1,0,3,116,THR_Q139,three_table_joins
1,4,0,0,0,2088096.4,0,1,0,3,45004102,12500964,7.653252109975986,2092905.13,5200056.38,2088096.4,0,1,0,1,0.0,0,4,1,19,18,0,0,4,239,THR_Q140,three_table_joins
1,3,0,0,0,1225629.42,0,1,0,2,21786756,6667582,7.338192589501769,1530331.78,3128044.11,1225629.42,0,1,0,1,0.0,0,3,1,16,14,0,0,3,91,THR_Q141,three_table_joins
1,4,0,0,0,2818349.09,0,1,0,3,113724297,24992980,8.055853264687157,18657875.42,26218057.8,2818349.09,0,1,1,1,0.0,0,4,1,28,24,0,0,4,136,THR_Q142,three_table_joins
1,1,1,0,0,3883153.71,1,0,1,2,93382077,15001158,7.970263533911473,18132350.490000002,20595663.92,3883153.71,0,1,1,0,0.6667,2,3,0,25,23,0,0,1,135,THR_Q143,three_table_joins
1,6,0,0,0,1935302.87,0,1,0,5,33370923,24992980,7.5233682319033885,16202087.9,19912881.23,1935302.87,1,1,1,1,0.0,0,6,1,49,33,0,0,6,43,THR_Q144,three_table_joins
1,3,0,0,0,2156039.87,0,1,0,2,38753320,12500964,7.588308925685514,2242376.2600000002,4934805.97,2156039.87,0,1,0,1,0.0,0,3,1,16,14,0,0,3,139,THR_Q145,three_table_joins
1,4,1,0,0,254033.05,1,1,0,4,3526847,3333791,6.547386742858945,911335.8000000002,1379763.07,254033.05,1,1,0,1,0.2,1,5,0,31,22,0,0,4,169,THR_Q146,three_table_joins
1,3,1,0,0,19682212.5,1,1,1,3,382914888,59983152,8.583102253484865,100415678.53000002,127194786.63,19682212.5,0,1,1,1,0.25,1,4,0,34,31,0,0,3,159,THR_Q147,three_table_joins
1,4,0,0,0,233593.95,0,1,0,3,3585593,3333791,6.554561112459317,1377284.6300000004,1824174.13,233593.95,1,1,1,1,0.0,0,4,1,37,25,0,0,4,166,THR_Q148,three_table_joins
1,4,0,0,0,497059.82,0,1,0,2,13137053,6250482,7.118497985087537,1177546.01,1727121.5,497059.82,1,0,0,1,0.0,0,4,1,19,16,0,0,4,127,THR_Q150,three_table_joins
1,4,0,0,0,445725.79,0,1,0,2,6543631,2953771,6.815818867548469,1116252.85,1655705.84,445725.79,1,0,0,1,0.0,0,4,1,19,17,0,0,4,127,THR_Q151,three_table_joins
1,4,1,1,0,286084.01,0,1,0,3,6751508,3333791,6.829400850924432,917388.6700000002,1350812.1,286084.01,1,0,0,1,0.2,1,5,0,19,21,0,0,4,134,THR_Q152,three_table_joins
1,4,0,0,0,2089217.09,0,1,0,2,24664330,8330993,7.392069340071878,11011329.669999998,13417771.41,2089217.09,1,0,0,1,0.0,0,4,1,19,16,0,0,4,127,THR_Q153,three_table_joins
1,2,1,1,0,323857.81,0,1,0,1,6755674,3333791,6.829668748491976,928811.6800000002,1426748.4,323857.81,1,1,0,1,0.3333,1,3,0,19,14,0,0,2,37,THR_Q154,three_table_joins
1,4,0,0,0,553590.63,0,1,0,2,8927119,6250482,6.9507113726799385,260606.41000000003,2427359.15,553590.63,0,0,0,1,0.0,0,4,1,13,15,0,0,4,231,THR_Q155,three_table_joins
1,5,0,0,0,1868659.94,0,1,0,3,32616887,24992980,7.513442522341885,12113672.769999998,15702459.03,1868659.94,1,1,0,1,0.0,0,5,1,40,25,0,0,5,12,THR_Q156,three_table_joins
1,3,0,0,0,224986.02,0,1,0,1,515972,335376,5.712626976321387,455339.98000000004,898124.79,224986.02,1,1,0,1,0.0,0,3,1,16,14,0,0,3,134,THR_Q157,three_table_joins
1,2,0,0,0,117336.94,0,1,0,1,2560089,1500045,6.408255233208849,127429.76000000001,238468.22,117336.94,1,1,1,1,0.0,0,2,1,10,10,0,0,2,27,THR_Q158,three_table_joins
1,6,0,0,0,1972666.45,0,1,0,4,34105878,24992980,7.532829246945315,12337858.98,16117705.49,1972666.45,1,1,0,1,0.0,0,6,1,43,28,0,0,6,48,THR_Q159,three_table_joins
1,4,0,0,0,429242.03,0,1,0,3,8638346,1846652,6.936430645550607,1915627.16,3395594.18,429242.03,1,1,1,1,0.0,0,4,1,22,21,0,0,4,108,THR_Q160,three_table_joins
1,6,0,0,0,1933694.76,0,1,0,5,33370888,24992980,7.523367776407615,12329466.280000001,16036950.13,1933694.76,1,1,0,1,0.0,0,6,1,43,28,0,0,6,15,THR_Q161,three_table_joins
1,6,0,0,0,2521910.31,0,1,0,5,117208326,24992980,8.068958466986562,12645531.159999995,23502028.1,2521910.31,1,1,1,1,0.0,0,6,1,31,29,0,0,5,208,THR_Q162,three_table_joins
1,6,0,0,0,1933698.29,0,1,0,5,33370948,24992980,7.5233685572572195,12329466.280000001,16036957.12,1933698.29,1,1,0,1,0.0,0,6,1,43,28,0,0,6,15,THR_Q163,three_table_joins
1,4,0,0,0,2119799.39,0,1,0,3,54188020,24992980,7.733903290438968,9961874.769999998,16285990.07,2119799.39,1,1,1,1,0.0,0,4,1,25,21,0,0,4,15,THR_Q164,three_table_joins
1,5,0,0,0,364949.93,0,1,0,4,17639295,3165825,7.246481248062444,1773883.0199999998,3109681.87,364949.93,1,1,1,1,0.0,0,5,1,25,25,0,0,5,115,THR_Q165,three_table_joins
1,3,0,0,0,2152907.47,0,1,0,2,38320448,24992980,7.583430589056819,9489194.360000001,13308380.88,2152907.47,1,1,1,1,0.0,0,3,1,25,17,0,0,3,15,THR_Q166,three_table_joins
1,4,0,0,0,6979104.58,0,1,0,3,75401031,19994384,7.8773772900188215,22379436.280000005,33809157.04,6979104.58,1,1,1,1,0.0,0,4,1,22,22,0,0,4,112,THR_Q169,three_table_joins
1,4,0,0,0,2340442.28,0,1,0,3,46574200,24992980,7.668145413127754,13181212.209999999,18928506.7,2340442.28,1,1,1,1,0.0,0,4,1,31,26,0,0,4,136,THR_Q177,three_table_joins
1,4,1,1,0,1781586.09,1,1,0,4,12189707,11410301,7.085993302377398,10596613.749999998,15428259.87,1781586.09,1,1,1,1,0.2,1,5,0,40,29,0,0,4,166,THR_Q178,three_table_joins
1,6,1,0,0,2098563.76,1,1,0,6,35577412,24992980,7.551174365314183,16954961.279999997,21232708.32,2098563.76,1,1,1,1,0.1429,1,7,0,49,37,0,0,6,64,THR_Q179,three_table_joins
1,4,0,0,0,2024664.57,0,1,1,3,22192276,5463016,7.346201864548456,6265564.320000002,8867340.13,2024664.57,1,1,1,1,0.0,0,4,1,31,30,0,0,4,278,THR_Q182,three_table_joins
1,6,0,0,0,15000920.61,0,1,0,5,194124544,59983152,8.288080450814036,39645795.910000004,61454473.93,15000920.61,1,1,1,1,0.0,0,6,1,31,30,0,0,6,51,THR_Q183,three_table_joins
1,4,1,0,0,1906504.92,1,1,0,5,18117512,11444285,7.258098581613124,11111605.599999998,20903678.97,1906504.92,1,1,1,1,0.3333,2,6,0,31,32,0,0,4,157,THR_Q184,three_table_joins
1,5,0,0,0,2578606.25,0,1,0,4,60379971,11373395,7.780892907291777,14623891.01,21003405.75,2578606.25,1,1,1,1,0.0,0,5,1,31,29,0,0,5,147,THR_Q185,three_table_joins
1,3,0,0,0,5925825.34,0,1,0,2,67069362,19994384,7.826524181591901,17550366.54,27398411.43,5925825.34,1,1,1,1,0.0,0,3,1,19,19,0,0,3,51,THR_Q186,three_table_joins
1,2,1,0,0,20727416713.67,1,1,0,2,10012663914,10009281775,10.000549638884785,778325.83,20728276456.11,20727416713.67,1,1,0,1,0.3333,1,3,0,16,14,0,0,2,154,THR_Q187,three_table_joins
1,3,0,0,0,2175084.28,0,1,0,2,38753320,12500964,7.588308925685514,2299509.49,4998775.61,2175084.28,0,1,0,1,0.0,0,3,1,16,14,0,0,3,167,THR_Q188,three_table_joins
1,4,0,0,0,615878.51,0,1,0,3,26253496,6250482,7.419187160185803,2661092.7600000002,4288662.57,615878.51,0,1,1,1,0.0,0,4,1,22,21,0,0,4,128,THR_Q189,three_table_joins
1,4,1,0,0,32588116064308.21,1,1,0,3,312968174,59983152,8.495500177403967,65176235931110.38,98003041146219.67,32588116064308.21,1,1,1,1,0.2,1,5,0,23,30,1,0,3,170,THR_Q190,three_table_joins
1,9,0,0,0,4901435.5,0,1,0,8,182290191,24992980,8.260763302363875,24095176.479999993,41801415.7,4901435.5,0,1,1,1,0.0,0,9,1,40,41,0,0,7,280,THR_Q193,three_table_joins
1,2,0,0,0,655174.74,0,1,0,1,33002406,15001158,7.518545615898988,129509.45999999999,1168427.22,655174.74,0,0,0,1,0.0,0,2,1,4,5,0,0,2,23,TWO_Q001,two_table_joins
1,2,0,0,0,651548.34,0,1,0,1,30605660,15001158,7.485801763529785,132073.16999999998,1172301.04,651548.34,1,0,0,1,0.0,0,2,1,7,6,0,0,2,10,TWO_Q002,two_table_joins
1,2,0,0,0,685684.89,0,1,0,1,31662410,14331160,7.500543982040193,129509.45999999999,1236440.26,685684.89,1,0,0,1,0.0,0,2,1,4,6,0,0,2,23,TWO_Q003,two_table_joins
1,2,0,0,0,638662.63,0,1,0,1,22278460,15001158,7.347885186398774,126918.57999999999,1166915.57,638662.63,1,0,0,1,0.0,0,2,1,7,6,0,0,2,8,TWO_Q004,two_table_joins
1,2,0,0,0,597533.08,0,1,0,1,14771178,5885544,7.169415161037,129509.45999999999,1148288.45,597533.08,1,0,0,1,0.0,0,2,1,4,6,0,0,2,23,TWO_Q005,two_table_joins
1,2,0,0,0,655370.78,0,1,0,1,31241625,15001158,7.4947336290609226,134315.61,1176123.48,655370.78,1,0,0,1,0.0,0,2,1,7,6,0,0,2,23,TWO_Q006,two_table_joins
1,2,0,0,0,652452.73,0,1,0,1,29795760,15001158,7.474154482020586,132103.56,1173205.43,652452.73,1,0,0,1,0.0,0,2,1,7,6,0,0,2,23,TWO_Q007,two_table_joins
1,2,0,0,0,495918.16,0,1,0,1,2721221,802463,6.4347639734012665,149432.05,1350087.64,495918.16,1,0,0,1,0.0,0,2,1,7,8,0,0,2,10,TWO_Q008,two_table_joins
1,2,0,0,0,639800.03,0,1,0,1,22949911,15001158,7.3607810246014855,127836.98000000001,1168052.97,639800.03,1,0,0,1,0.0,0,2,1,7,6,0,0,2,8,TWO_Q009,two_table_joins
1,2,0,0,0,621683.88,0,1,0,1,12212636,4606273,7.086809448621224,129509.45999999999,1209942.15,621683.88,1,0,0,1,0.0,0,2,1,4,6,0,0,2,23,TWO_Q010,two_table_joins
1,2,0,0,0,689544.56,0,1,0,1,30533328,14714361,7.484774157312504,134062.33000000002,1247800.15,689544.56,1,0,0,1,0.0,0,2,1,7,7,0,0,2,23,TWO_Q011,two_table_joins
1,2,0,0,0,679213.66,0,1,0,1,28102923,13911900,7.448751508908635,132578.91,1237469.25,679213.66,1,0,0,1,0.0,0,2,1,7,7,0,0,2,23,TWO_Q012,two_table_joins
1,2,0,0,0,406884.13,0,1,0,1,659680,531842,5.819333975797922,133043.35,1250055.46,406884.13,1,0,0,1,0.0,0,2,1,10,9,0,0,2,23,TWO_Q013,two_table_joins
1,2,0,0,0,595012.57,0,1,0,1,6677249,2311685,6.824597636767843,132103.56,1190771.06,595012.57,1,0,0,1,0.0,0,2,1,7,7,0,0,2,23,TWO_Q014,two_table_joins
1,2,0,0,0,559647.31,0,1,0,1,4807415,2452310,6.681911704547503,142715.96,1403847.61,559647.31,1,0,0,1,0.0,0,2,1,10,9,0,0,2,23,TWO_Q015,two_table_joins
1,1,1,1,0,3162520.62,0,1,0,1,149968620,59983152,8.176000398041273,1025319.5200000001,5666701.76,3162520.62,0,0,0,1,0.5,1,2,0,4,5,0,0,1,9,TWO_Q016,two_table_joins
1,1,1,1,0,3015211.42,0,1,0,1,101986098,35991891,8.008540980202964,1025319.5200000001,5669350.44,3015211.42,1,0,0,1,0.5,1,2,0,4,6,0,0,1,9,TWO_Q017,two_table_joins
1,2,0,0,0,3199578.56,0,1,0,1,143434632,59983152,8.156654026539545,1125815.69,5822127.02,3199578.56,1,0,0,1,0.0,0,2,1,7,6,0,0,2,9,TWO_Q018,two_table_joins
1,1,1,1,0,2831310.31,0,1,0,1,80217638,25107661,7.9042698754920355,1025319.5200000001,5485449.33,2831310.31,1,0,0,1,0.5,1,2,0,4,6,0,0,1,8,TWO_Q019,two_table_joins
1,1,1,1,0,2853487.63,0,1,0,1,84467018,27232351,7.926687167383838,1025319.5200000001,5507626.65,2853487.63,1,0,0,1,0.5,1,2,0,4,6,0,0,1,8,TWO_Q020,two_table_joins
1,1,1,1,0,3165467.74,0,1,0,1,126239284,48118484,8.101194526094798,1025319.5200000001,5819606.76,3165467.74,1,0,0,1,0.5,1,2,0,4,6,0,0,1,9,TWO_Q021,two_table_joins
1,1,1,1,0,2867433.96,0,1,0,1,78132798,24065241,7.892833382590405,1025319.5200000001,5521572.98,2867433.96,1,0,0,1,0.5,1,2,0,4,6,0,0,1,9,TWO_Q022,two_table_joins
1,1,1,1,0,3118622.13,0,1,0,1,106536820,38267252,8.02749973353426,1025319.5200000001,5922719.03,3118622.13,1,0,0,1,0.5,1,2,0,4,6,0,0,1,8,TWO_Q023,two_table_joins
1,1,1,1,0,2910454.63,0,1,0,1,66648456,18323070,7.823790099374146,1025319.5200000001,5714551.53,2910454.63,1,0,0,1,0.5,1,2,0,4,6,0,0,1,8,TWO_Q024,two_table_joins
1,2,0,0,0,3189950.08,0,1,0,1,140591556,59983152,8.147959240609774,1118039.21,5812498.54,3189950.08,1,0,0,1,0.0,0,2,1,7,6,0,0,2,9,TWO_Q025,two_table_joins
1,1,1,1,0,446796.61,0,1,0,1,20001416,8001098,7.3010607643380565,136753.71,805810.75,446796.61,0,0,0,1,0.5,1,2,0,4,5,0,0,1,10,TWO_Q026,two_table_joins
1,2,0,0,0,452591.14,0,1,0,1,17572552,8001098,7.244834861851962,158141.36,839632.36,452591.14,1,0,0,1,0.0,0,2,1,7,6,0,0,2,10,TWO_Q027,two_table_joins
1,1,1,1,0,417589.79,0,1,0,1,12058148,4029464,7.081280646047662,136753.71,796606.67,417589.79,1,0,0,1,0.5,1,2,0,4,6,0,0,1,10,TWO_Q028,two_table_joins
1,1,1,1,0,450291.58,0,1,0,1,19832444,7916612,7.297376258559898,136753.71,829308.46,450291.58,1,0,0,1,0.5,1,2,0,4,6,0,0,1,8,TWO_Q029,two_table_joins
1,2,0,0,0,459757.94,0,1,0,1,19690205,8001098,7.294250259774242,163930.15999999997,846799.16,459757.94,1,0,0,1,0.0,0,2,1,7,6,0,0,2,10,TWO_Q030,two_table_joins
0,0,1,1,0,233181.42,0,1,0,1,16202196,8001098,7.20957390838728,6557.7699999999995,446762.38,233181.42,0,0,0,1,1.0,2,2,0,4,5,0,0,0,8,TWO_Q031,two_table_joins
1,2,0,0,0,280663.6,0,1,0,1,15079302,8001098,7.178381267909777,8106.85,542758.58,280663.6,1,0,0,1,0.0,0,2,1,7,6,0,0,2,10,TWO_Q032,two_table_joins
1,1,1,1,0,291615.25,0,1,0,1,9831758,4815879,6.992631224409223,6556.91,571991.59,291615.25,1,0,0,1,0.5,1,2,0,4,6,0,0,1,10,TWO_Q033,two_table_joins
1,1,1,1,0,233544.07,0,1,0,1,11294413,8001098,7.052863702882018,8030.820000000001,449346.41,233544.07,1,0,0,1,0.5,1,2,0,7,6,0,0,1,8,TWO_Q034,two_table_joins
1,1,1,1,0,299865.46,0,1,0,1,16117360,7958680,7.207293933439167,6556.91,580241.8,299865.46,1,0,0,1,0.5,1,2,0,4,6,0,0,1,8,TWO_Q035,two_table_joins
1,2,0,0,0,684598.49,0,1,0,1,29354870,14331160,7.4676801762104885,133343.16999999998,1242854.08,684598.49,1,0,0,1,0.0,0,2,1,7,7,0,0,2,23,TWO_Q036,two_table_joins
1,2,0,0,0,3056632.57,0,1,0,1,98139192,35991891,7.991842482449789,1129339.91,5829138.91,3056632.57,1,0,0,1,0.0,0,2,1,7,7,0,0,2,9,TWO_Q037,two_table_joins
1,2,0,0,0,442923.82,0,1,0,1,13267857,5606408,7.122800814811083,158141.36,849967.78,442923.82,1,0,0,1,0.0,0,2,1,7,7,0,0,2,10,TWO_Q038,two_table_joins
1,2,0,0,0,294380.02,0,1,0,1,10617803,5606408,7.026034704193676,8106.85,576477.74,294380.02,1,0,0,1,0.0,0,2,1,7,7,0,0,2,10,TWO_Q039,two_table_joins
1,2,0,0,0,2922780.87,0,1,0,1,32502448,12500964,7.511916085505505,3023410.58,5268482.81,2922780.87,0,1,0,1,0.0,0,2,1,10,9,0,0,2,31,TWO_Q040,two_table_joins
1,1,1,1,0,12299319.37,0,1,0,1,137465864,49985960,8.138194869202014,13640173.26,22921098.03,12299319.37,0,1,0,1,0.5,1,2,0,10,9,0,0,1,9,TWO_Q041,two_table_joins
1,2,0,0,0,2911792.87,0,1,0,1,32502448,12500964,7.511916085505505,3002044.58,5235518.81,2911792.87,0,1,0,1,0.0,0,2,1,10,9,0,0,2,29,TWO_Q042,two_table_joins
1,1,1,1,0,11652517.87,0,1,0,1,137465864,49985960,8.138194869202014,12346570.26,21578679.03,11652517.87,0,1,0,1,0.5,1,2,0,10,9,0,0,1,8,TWO_Q043,two_table_joins
1,1,1,1,0,1561023.98,0,1,0,1,18335297,6667582,7.263287972856964,1659458.6199999999,2947392.79,1561023.98,0,1,0,1,0.5,1,2,0,10,9,0,0,1,10,TWO_Q044,two_table_joins
1,1,1,1,0,1531719.98,0,1,0,1,18335297,6667582,7.263287972856964,1600850.6199999999,2882272.79,1531719.98,0,1,0,1,0.5,1,2,0,10,9,0,0,1,8,TWO_Q045,two_table_joins
1,1,1,1,0,1473823.32,0,1,0,1,16752289,6667582,7.2240741825003365,1395429.9300000002,2609312.37,1473823.32,0,1,0,1,0.5,1,2,0,10,9,0,0,1,10,TWO_Q046,two_table_joins
1,1,1,1,0,1436158.37,0,1,0,1,24203294,8001098,7.383874494199701,1422712.5300000003,1976506.03,1436158.37,0,1,0,1,0.5,1,2,0,7,7,0,0,1,8,TWO_Q047,two_table_joins
1,1,1,0,0,7247194.61,1,0,0,1,30002367,15001158,7.477155533677909,1.29,7658503.23,7247194.61,0,0,0,0,0.5,1,2,0,7,5,0,0,1,23,TWO_Q048,two_table_joins
1,1,1,0,0,7247194.61,1,0,0,1,30002417,15001158,7.477156257444313,1.29,7658527.39,7247194.61,0,0,0,0,0.5,1,2,0,7,5,0,0,1,23,TWO_Q049,two_table_joins
0,0,1,1,0,72990003.3,0,0,1,1,134967562,59983152,8.13022940625222,53.15,145192875.66,72990003.3,0,0,0,0,1.0,2,2,0,4,5,0,0,0,9,TWO_Q050,two_table_joins
0,0,1,1,0,72990003.3,0,0,1,1,134967662,59983152,8.13022972802903,53.15,145192997.34,72990003.3,0,0,0,0,1.0,2,2,0,4,5,0,0,0,9,TWO_Q051,two_table_joins
1,1,1,0,0,2704078.37,1,0,0,1,10000806,8001098,7.000035046150597,1.29,2765095.08,2704078.37,0,0,0,0,0.5,1,2,0,7,5,0,0,1,10,TWO_Q052,two_table_joins
1,1,1,1,0,844242.67,1,0,0,1,16002258,8001098,7.204181295279902,1.19,1099316.91,844242.67,0,0,0,0,0.5,1,2,0,10,8,0,0,1,10,TWO_Q053,two_table_joins
1,2,0,0,0,691328.25,0,1,0,1,32743822,14871866,7.515129384021434,129509.45999999999,1242083.62,691328.25,1,0,0,1,0.0,0,2,1,4,6,0,0,2,23,TWO_Q054,two_table_joins
1,2,0,0,0,689682.8,0,1,0,1,32428812,14714361,7.510931052373727,129509.45999999999,1240438.17,689682.8,1,0,0,1,0.0,0,2,1,4,6,0,0,2,23,TWO_Q055,two_table_joins
1,2,0,0,0,687801.11,0,1,0,1,32067908,14533909,7.506070642517532,129509.45999999999,1238556.48,687801.11,1,0,0,1,0.0,0,2,1,4,6,0,0,2,23,TWO_Q056,two_table_joins
1,2,0,0,0,683550.22,0,1,0,1,31253524,14126717,7.494899007334913,129509.45999999999,1234305.59,683550.22,1,0,0,1,0.0,0,2,1,4,6,0,0,2,23,TWO_Q057,two_table_joins
1,2,0,0,0,676360.18,0,1,0,1,29875972,13437941,7.475322058279197,129509.45999999999,1227115.55,676360.18,1,0,0,1,0.0,0,2,1,4,6,0,0,2,23,TWO_Q058,two_table_joins
1,2,0,0,0,652420.51,0,1,0,1,31076234,15001158,7.492428396944492,132754.33000000002,1173173.21,652420.51,1,0,0,1,0.0,0,2,1,7,6,0,0,2,10,TWO_Q059,two_table_joins
1,2,0,0,0,651837.48,0,1,0,1,30762278,15001158,7.488018506697035,132299.31,1172590.18,651837.48,1,0,0,1,0.0,0,2,1,7,6,0,0,2,10,TWO_Q060,two_table_joins
1,2,0,0,0,650622.08,0,1,0,1,30106188,15001158,7.478655783708657,131349.91,1171374.78,650622.08,1,0,0,1,0.0,0,2,1,7,6,0,0,2,10,TWO_Q061,two_table_joins
1,2,0,0,0,649450.41,0,1,0,1,29474795,15001158,7.469450807952677,130435.23999999999,1170203.11,649450.41,1,0,0,1,0.0,0,2,1,7,6,0,0,2,10,TWO_Q062,two_table_joins
1,2,0,0,0,688596.4,0,1,0,1,30070251,14714361,7.478137067666559,133343.16999999998,1246851.99,688596.4,1,0,0,1,0.0,0,2,1,7,7,0,0,2,23,TWO_Q063,two_table_joins
1,2,0,0,0,683930.13,0,1,0,1,29036573,14331160,7.462945373024298,132836.81,1242185.72,683930.13,1,0,0,1,0.0,0,2,1,7,7,0,0,2,23,TWO_Q064,two_table_joins
1,2,0,0,0,678887.24,0,1,0,1,27951012,13911900,7.446397552198754,132331.49,1237142.83,678887.24,1,0,0,1,0.0,0,2,1,7,7,0,0,2,23,TWO_Q065,two_table_joins
1,2,0,0,0,645113.26,0,1,0,1,23888238,10444074,7.378184135485686,129509.45999999999,1195868.63,645113.26,1,0,0,1,0.0,0,2,1,4,6,0,0,2,23,TWO_Q066,two_table_joins
1,2,0,0,0,621596.99,0,1,0,1,19382142,8191026,7.2874017934382485,129509.45999999999,1172352.36,621596.99,1,0,0,1,0.0,0,2,1,4,6,0,0,2,23,TWO_Q067,two_table_joins
1,2,0,0,0,573583.77,0,1,0,1,10182000,3590955,7.007833135354478,129509.45999999999,1124339.14,573583.77,1,0,0,1,0.0,0,2,1,4,6,0,0,2,23,TWO_Q068,two_table_joins
1,2,0,0,0,446353.99,0,1,0,1,7166302,6250482,6.855295166716787,133026.15,1242023.37,446353.99,1,0,0,1,0.0,0,2,1,10,8,0,0,2,8,TWO_Q069,two_table_joins
1,2,0,0,0,448012.69,0,1,0,1,7191055,6250482,6.85679267081371,133043.35,1243690.67,448012.69,1,0,0,1,0.0,0,2,1,10,8,0,0,2,8,TWO_Q070,two_table_joins
1,2,0,0,0,443187.39,0,1,0,1,7119051,6250482,6.852422165184589,132993.35,1238840.37,443187.39,1,0,0,1,0.0,0,2,1,10,8,0,0,2,8,TWO_Q071,two_table_joins
1,2,0,0,0,441437.72,0,1,0,1,1385426,625019,6.141583647164505,1069608.12,1600372.21,441437.72,1,0,0,1,0.0,0,2,1,10,8,0,0,2,23,TWO_Q072,two_table_joins
1,2,0,0,0,478309.59,0,1,0,1,2390391,625019,6.378469126670751,150654.05,1332915.7,478309.59,1,0,0,1,0.0,0,2,1,7,8,0,0,2,23,TWO_Q073,two_table_joins
1,2,0,0,0,584241.94,0,1,0,1,4251555,1637191,6.62854790382438,150654.05,1443262.4,584241.94,1,0,0,1,0.0,0,2,1,7,8,0,0,2,23,TWO_Q074,two_table_joins
1,2,0,0,0,467805.49,0,1,0,1,7463091,6250482,6.872918795344911,137919.9,1268265.57,467805.49,1,0,0,1,0.0,0,2,1,10,8,0,0,2,23,TWO_Q075,two_table_joins
1,2,0,0,0,524449.67,0,1,0,1,8308348,6250482,6.919514731193676,138506.84,1325203.23,524449.67,1,0,0,1,0.0,0,2,1,10,8,0,0,2,23,TWO_Q076,two_table_joins
1,2,0,0,0,502258.0,0,1,0,1,7398643,5886132,6.86915213090931,138189.34,1333148.79,502258.0,1,0,0,1,0.0,0,2,1,10,9,0,0,2,23,TWO_Q077,two_table_joins
1,1,1,1,0,3238675.14,0,1,0,1,138055966,54026825,8.140055182284009,1025319.5200000001,5892814.16,3238675.14,1,0,0,1,0.5,1,2,0,4,6,0,0,1,9,TWO_Q078,two_table_joins
1,1,1,1,0,3090847.18,0,1,0,1,114194668,42096176,8.057645830022583,1025319.5200000001,5744986.2,3090847.18,1,0,0,1,0.5,1,2,0,4,6,0,0,1,9,TWO_Q079,two_table_joins
1,1,1,1,0,2941905.03,0,1,0,1,90153420,30075552,7.954982211293954,1025319.5200000001,5596044.05,2941905.03,1,0,0,1,0.5,1,2,0,4,6,0,0,1,9,TWO_Q080,two_table_joins
1,1,1,1,0,2791897.19,0,1,0,1,65940222,17968953,7.819150411528786,1025319.5200000001,5446036.21,2791897.19,1,0,0,1,0.5,1,2,0,4,6,0,0,1,9,TWO_Q081,two_table_joins
1,1,1,1,0,3081190.3,0,1,0,1,128098764,49048224,8.107544942732424,1025319.5200000001,5735329.32,3081190.3,1,0,0,1,0.5,1,2,0,4,6,0,0,1,8,TWO_Q082,two_table_joins
1,1,1,1,0,2964865.02,0,1,0,1,105809024,37903354,8.024522712505753,1025319.5200000001,5619004.04,2964865.02,1,0,0,1,0.5,1,2,0,4,6,0,0,1,8,TWO_Q083,two_table_joins
1,1,1,1,0,2739395.92,0,1,0,1,62605158,16301421,7.7966101228735925,1025319.5200000001,5393534.94,2739395.92,1,0,0,1,0.5,1,2,0,4,6,0,0,1,8,TWO_Q084,two_table_joins
1,1,1,1,0,2429481.31,0,1,0,1,22372523,6250482,7.3497149826409895,1112382.64,6361262.27,2429481.31,1,0,0,1,0.5,1,2,0,7,8,0,0,1,8,TWO_Q085,two_table_joins
1,1,1,1,0,3021222.49,0,1,0,1,116607862,43302773,8.066727836378181,1025319.5200000001,5675361.51,3021222.49,1,0,0,1,0.5,1,2,0,4,6,0,0,1,8,TWO_Q086,two_table_joins
1,1,1,1,0,2925554.4,0,1,0,1,98276368,34137026,7.992449102301383,1025319.5200000001,5579693.42,2925554.4,1,0,0,1,0.5,1,2,0,4,6,0,0,1,8,TWO_Q087,two_table_joins
1,1,1,1,0,2734554.42,0,1,0,1,61677540,15837612,7.79012705065543,1025319.5200000001,5388693.44,2734554.42,1,0,0,1,0.5,1,2,0,4,6,0,0,1,8,TWO_Q088,two_table_joins
1,1,1,1,0,2581463.83,0,1,0,1,25042728,6840962,7.398681653814011,1112382.64,6519579.81,2581463.83,1,0,0,1,0.5,1,2,0,7,8,0,0,1,8,TWO_Q089,two_table_joins
1,2,0,0,0,3218824.44,0,1,0,1,124745745,48118484,8.096025744514051,1138980.46,5991330.78,3218824.44,1,0,0,1,0.0,0,2,1,7,7,0,0,2,9,TWO_Q090,two_table_joins
1,2,0,0,0,3060786.11,0,1,0,1,99038593,35991891,7.995804466264332,1132694.44,5833292.45,3060786.11,1,0,0,1,0.0,0,2,1,7,7,0,0,2,9,TWO_Q091,two_table_joins
1,2,0,0,0,2978962.97,0,1,0,1,85791070,30075552,7.933442089512804,1125815.69,5751469.31,2978962.97,1,0,0,1,0.0,0,2,1,7,7,0,0,2,9,TWO_Q092,two_table_joins
1,2,0,0,0,2894863.42,0,1,0,1,72498611,24065241,7.860329691998425,1118039.21,5667369.76,2894863.42,1,0,0,1,0.0,0,2,1,7,7,0,0,2,9,TWO_Q093,two_table_joins
1,2,0,0,0,2808020.85,0,1,0,1,59161314,17968953,7.772037818653061,1108907.41,5580527.19,2808020.85,1,0,0,1,0.0,0,2,1,7,7,0,0,2,9,TWO_Q094,two_table_joins
1,1,1,1,0,2882396.61,0,1,0,1,56342918,15001158,7.7508393430536175,1025319.5200000001,5686493.51,2882396.61,1,0,0,1,0.5,1,2,0,4,6,0,0,1,9,TWO_Q095,two_table_joins
1,1,1,1,0,2884401.74,0,1,0,1,56666826,15001158,7.753328895454789,1025319.5200000001,5688498.64,2884401.74,1,0,0,1,0.5,1,2,0,4,6,0,0,1,9,TWO_Q096,two_table_joins
1,1,1,1,0,3034609.57,0,1,0,1,80912016,25454850,7.908013027535818,1025319.5200000001,5838706.47,3034609.57,1,0,0,1,0.5,1,2,0,4,6,0,0,1,9,TWO_Q097,two_table_joins
1,1,1,1,0,3083279.45,0,1,0,1,99764496,34881090,7.998976017237398,1025319.5200000001,5887376.35,3083279.45,1,0,0,1,0.5,1,2,0,4,6,0,0,1,8,TWO_Q098,two_table_joins
1,1,1,1,0,2922855.48,0,1,0,1,69024724,19511204,7.839004685050954,1025319.5200000001,5726952.38,2922855.48,1,0,0,1,0.5,1,2,0,4,6,0,0,1,8,TWO_Q099,two_table_joins
1,1,1,1,0,2810083.93,0,1,0,1,47415924,15001158,7.675924227287485,1025319.5200000001,5614180.83,2810083.93,1,0,0,1,0.5,1,2,0,4,6,0,0,1,8,TWO_Q100,two_table_joins
1,2,0,0,0,456778.14,0,1,0,1,18809786,8001098,7.274383877674334,161523.36,843819.36,456778.14,1,0,0,1,0.0,0,2,1,7,6,0,0,2,10,TWO_Q101,two_table_joins
1,2,0,0,0,448646.94,0,1,0,1,16407718,8001098,7.215048209659529,154956.15999999997,835688.16,448646.94,1,0,0,1,0.0,0,2,1,7,6,0,0,2,10,TWO_Q102,two_table_joins
1,2,0,0,0,444723.58,0,1,0,1,15248087,8001098,7.183215389708478,151786.8,831764.8,444723.58,1,0,0,1,0.0,0,2,1,7,6,0,0,2,10,TWO_Q103,two_table_joins
1,2,0,0,0,440596.08,0,1,0,1,14028857,8001098,7.147022319318849,148453.3,827637.3,440596.08,1,0,0,1,0.0,0,2,1,7,6,0,0,2,10,TWO_Q104,two_table_joins
1,1,1,1,0,457062.42,0,1,0,1,18429658,7215219,7.265517299636415,136753.71,836079.3,457062.42,1,0,0,1,0.5,1,2,0,4,6,0,0,1,10,TWO_Q105,two_table_joins
1,1,1,1,0,437129.28,0,1,0,1,15212036,5606408,7.182187373068515,136753.71,816146.16,437129.28,1,0,0,1,0.5,1,2,0,4,6,0,0,1,10,TWO_Q106,two_table_joins
1,1,1,1,0,398098.9,0,1,0,1,8912332,2456556,6.949991405091845,136753.71,777115.78,398098.9,1,0,0,1,0.5,1,2,0,4,6,0,0,1,10,TWO_Q107,two_table_joins
1,1,1,1,0,359608.87,0,1,0,1,3141997,833171,6.497205904259257,149267.26,935074.21,359608.87,1,0,0,1,0.5,1,2,0,7,8,0,0,1,10,TWO_Q108,two_table_joins
1,1,1,1,0,450730.01,0,1,0,1,19916580,7958680,7.299214786885083,136753.71,829746.89,450730.01,1,0,0,1,0.5,1,2,0,4,6,0,0,1,8,TWO_Q109,two_table_joins
1,1,1,1,0,449474.39,0,1,0,1,19676108,7838444,7.293939219760815,136753.71,828491.27,449474.39,1,0,0,1,0.5,1,2,0,4,6,0,0,1,8,TWO_Q110,two_table_joins
1,1,1,1,0,448674.99,0,1,0,1,19522662,7761721,7.2905390575583064,136753.71,827691.87,448674.99,1,0,0,1,0.5,1,2,0,4,6,0,0,1,8,TWO_Q111,two_table_joins
1,1,1,1,0,446965.17,0,1,0,1,19195182,7597981,7.283192256881209,136753.71,825982.05,446965.17,1,0,0,1,0.5,1,2,0,4,6,0,0,1,8,TWO_Q112,two_table_joins
1,2,0,0,0,422105.81,0,1,0,1,5047495,2674373,6.703075983449532,166062.94,1025348.63,422105.81,1,0,0,1,0.0,0,2,1,10,9,0,0,2,10,TWO_Q113,two_table_joins
1,2,0,0,0,396033.32,0,1,0,1,3334534,1352220,6.523035280227335,170120.46,1012070.25,396033.32,1,0,0,1,0.0,0,2,1,10,9,0,0,2,10,TWO_Q114,two_table_joins
1,1,1,1,0,233916.57,0,1,0,1,15378560,8001098,7.186915699639834,8153.320000000001,449218.91,233916.57,1,0,0,1,0.5,1,2,0,7,6,0,0,1,8,TWO_Q115,two_table_joins
1,1,1,1,0,233893.89,0,1,0,1,15229710,8001098,7.1826916622135135,8130.64,449196.23,233893.89,1,0,0,1,0.5,1,2,0,7,6,0,0,1,8,TWO_Q116,two_table_joins
1,1,1,1,0,233859.94,0,1,0,1,15006968,8001098,7.176292985414568,8096.6900000000005,449162.28,233859.94,1,0,0,1,0.5,1,2,0,7,6,0,0,1,8,TWO_Q117,two_table_joins
1,1,1,1,0,233816.29,0,1,0,1,14720586,8001098,7.167925128328789,8053.04,449118.63,233816.29,1,0,0,1,0.5,1,2,0,7,6,0,0,1,8,TWO_Q118,two_table_joins
1,1,1,1,0,207106.71,0,1,0,1,3802200,3333791,6.580035071730761,10059.32,548088.77,207106.71,1,0,0,1,0.5,1,2,0,10,8,0,0,1,8,TWO_Q119,two_table_joins
1,1,1,1,0,205529.06,0,1,0,1,3779639,3333791,6.577450436488282,10056.42,546509.67,205529.06,1,0,0,1,0.5,1,2,0,10,8,0,0,1,8,TWO_Q120,two_table_joins
1,1,1,1,0,207186.78,0,1,0,1,3803345,3333791,6.580165836075663,10059.48,548168.91,207186.78,1,0,0,1,0.5,1,2,0,10,8,0,0,1,8,TWO_Q121,two_table_joins
1,1,1,1,0,295822.3,0,1,0,1,13036990,6418495,7.115177365714047,6556.91,576198.64,295822.3,1,0,0,1,0.5,1,2,0,4,6,0,0,1,10,TWO_Q122,two_table_joins
1,1,1,1,0,287492.38,0,1,0,1,6690658,3245329,6.825468895939482,6556.91,567868.72,287492.38,1,0,0,1,0.5,1,2,0,4,6,0,0,1,10,TWO_Q123,two_table_joins
1,1,1,1,0,283251.6,0,1,0,1,3459726,1629863,6.539041830853125,6556.91,563627.94,283251.6,1,0,0,1,0.5,1,2,0,4,6,0,0,1,10,TWO_Q124,two_table_joins
1,2,0,0,0,294380.02,0,1,0,1,10617803,5606408,7.026034704193676,8106.85,576477.74,294380.02,1,0,0,1,0.0,0,2,1,7,7,0,0,2,8,TWO_Q125,two_table_joins
1,2,0,0,0,291775.28,0,1,0,1,6017032,4815879,6.77938239335614,7827.34,574373.0,291775.28,1,0,0,1,0.0,0,2,1,7,7,0,0,2,8,TWO_Q126,two_table_joins
1,1,1,1,0,299755.02,0,1,0,1,16033224,7916612,7.205020887222081,6556.91,580131.36,299755.02,1,0,0,1,0.5,1,2,0,4,6,0,0,1,8,TWO_Q127,two_table_joins
1,1,1,1,0,299549.82,0,1,0,1,15876888,7838444,7.200765408513347,6556.91,579926.16,299549.82,1,0,0,1,0.5,1,2,0,4,6,0,0,1,8,TWO_Q128,two_table_joins
1,1,1,1,0,3004634.67,0,1,0,1,84694954,27346319,7.927857541606791,1025319.5200000001,5808731.57,3004634.67,1,0,0,1,0.5,1,2,0,4,6,0,0,1,8,TWO_Q129,two_table_joins
1,1,1,1,0,426982.97,0,1,0,1,10345714,3173247,7.014760510451165,136753.71,826002.6,426982.97,1,0,0,1,0.5,1,2,0,4,6,0,0,1,10,TWO_Q130,two_table_joins
1,1,1,1,0,240889.27,0,1,0,1,305226,121032,5.484622948130696,8251.890000000001,697878.16,240889.27,1,0,0,1,0.5,1,2,0,7,8,0,0,1,8,TWO_Q131,two_table_joins
1,2,0,0,0,2504133.05,0,1,0,1,27760025,10352552,7.4434198685425885,2689042.94,4709632.23,2504133.05,1,1,0,1,0.0,0,2,1,13,11,0,0,2,31,TWO_Q132,two_table_joins
1,1,1,1,0,5680844.04,0,1,0,1,59882789,18952730,7.777302026363355,7644815.179999999,13323820.8,5680844.04,1,1,0,1,0.5,1,2,0,10,10,0,0,1,9,TWO_Q133,two_table_joins
1,2,0,0,0,1709597.09,0,1,0,1,21251227,6250482,7.327384030772906,5006559.42,6626735.43,1709597.09,0,1,1,1,0.0,0,2,1,16,14,0,0,2,55,TWO_Q134,two_table_joins
1,2,0,0,0,1709597.09,0,1,0,1,21251227,6250482,7.327384030772906,5006559.42,6626735.43,1709597.09,0,1,1,1,0.0,0,2,1,16,14,0,0,2,55,TWO_Q135,two_table_joins
1,2,0,0,0,488414.91,0,1,0,1,13751127,6250482,7.1383383246450105,2046356.5299999998,2816046.42,488414.91,0,1,1,1,0.0,0,2,1,16,13,0,0,2,36,TWO_Q136,two_table_joins
1,2,0,0,0,488414.91,0,1,0,1,13751127,6250482,7.1383383246450105,2046356.5299999998,2816046.42,488414.91,0,1,1,1,0.0,0,2,1,16,13,0,0,2,36,TWO_Q137,two_table_joins
1,2,0,0,0,497672.25,0,1,0,1,12752483,6250482,7.105594787312727,2085144.45,2856072.25,497672.25,1,1,1,1,0.0,0,2,1,19,14,0,0,2,44,TWO_Q138,two_table_joins
1,1,1,1,0,10717722.23,0,1,0,1,147484536,30002316,8.168746489143984,26573606.96,38485869.94,10717722.23,0,1,1,1,0.5,1,2,0,16,13,0,0,1,36,TWO_Q139,two_table_joins
1,1,1,1,0,10070920.73,0,1,0,1,147484536,30002316,8.168746489143984,23986400.96,35849847.94,10070920.73,0,1,1,1,0.5,1,2,0,16,13,0,0,1,36,TWO_Q140,two_table_joins
0,0,1,1,0,3438558.99,0,0,1,1,145949591,59983152,8.164202885261709,87.99000000000001,8697208.66,3438558.99,1,0,1,0,1.0,2,2,0,7,7,0,0,0,12,TWO_Q141,two_table_joins
1,1,1,1,0,10705198.89,0,1,0,1,147484536,30002316,8.168746489143984,26573606.96,38523305.71,10705198.89,0,1,1,1,0.5,1,2,0,16,13,0,0,1,68,TWO_Q142,two_table_joins
1,2,0,0,0,333635.54,0,1,0,1,8334174,3333791,6.920862615480077,1444804.94,1955506.16,333635.54,0,1,1,1,0.0,0,2,1,16,13,0,0,2,36,TWO_Q144,two_table_joins
0,0,1,1,0,830045.98,0,0,1,1,20001416,8001098,7.3010607643380565,107.82000000000001,2265127.86,830045.98,0,0,1,0,1.0,2,2,0,4,6,0,0,0,12,TWO_Q145,two_table_joins
1,2,0,0,0,346882.61,0,1,0,1,8334674,3333791,6.920888669735892,1500126.52,2013318.9,346882.61,0,1,1,1,0.0,0,2,1,16,13,0,0,2,85,TWO_Q146,two_table_joins
1,1,1,1,0,556114.38,0,1,0,1,7285230,3333791,6.862443326927532,2063425.93,2500241.84,556114.38,0,1,1,1,0.5,1,2,0,16,14,0,0,1,38,TWO_Q147,two_table_joins
1,2,0,0,0,238409.41,0,1,0,1,6785355,3333791,6.8315726382565725,958050.37,1386454.73,238409.41,0,1,1,1,0.0,0,2,1,16,13,0,0,2,36,TWO_Q148,two_table_joins
1,1,1,1,0,468947.08,0,1,0,1,7250916,3333791,6.860392933861514,1741759.45,2245333.7,468947.08,0,1,1,1,0.5,1,2,0,16,13,0,0,1,12,TWO_Q149,two_table_joins
1,2,0,0,0,236492.41,0,1,0,1,6376082,3333791,6.804553961808285,950590.11,1379141.26,236492.41,1,1,1,1,0.0,0,2,1,19,14,0,0,2,36,TWO_Q150,two_table_joins
1,1,1,1,0,1143514.69,0,1,0,1,20882187,8191026,7.319776001348548,1167181.05,2274126.0,1143514.69,1,0,1,1,0.5,1,2,0,7,9,0,0,1,12,TWO_Q151,two_table_joins
1,1,1,1,0,9571577.4,0,1,0,1,132653700,30002316,8.12271937117817,21636819.139999997,33714577.78,9571577.4,1,1,1,1,0.5,1,2,0,16,14,0,0,1,44,TWO_Q152,two_table_joins
1,2,0,0,0,1655380.75,0,1,0,1,20251197,6250482,7.306450719866725,4854203.09,6450920.75,1655380.75,1,1,1,1,0.0,0,2,1,16,15,0,0,2,31,TWO_Q153,two_table_joins
1,2,0,0,0,1713347.2,0,1,0,1,20251197,6250482,7.306450719866725,5006559.42,6630485.54,1713347.2,1,1,1,1,0.0,0,2,1,16,15,0,0,2,55,TWO_Q154,two_table_joins
1,2,0,0,0,488415.22,0,1,0,1,13751110,6250482,7.138337787742819,2046356.73,2816046.92,488415.22,1,1,1,1,0.0,0,2,1,16,14,0,0,2,36,TWO_Q155,two_table_joins
0,0,1,1,0,3225909.91,0,0,1,1,139967848,59983152,8.146028288496561,53.15,7915590.56,3225909.91,1,0,1,0,1.0,2,2,0,4,7,0,0,0,12,TWO_Q156,two_table_joins
1,1,1,1,0,10755225.13,0,1,0,1,137483764,30002316,8.138251416804838,26573606.96,38523372.84,10755225.13,1,1,1,1,0.5,1,2,0,16,14,0,0,1,36,TWO_Q157,two_table_joins
0,0,1,1,0,430255.44,0,0,1,1,18668343,8001098,7.271105794994632,40.519999999999996,1055758.19,430255.44,1,0,1,0,1.0,2,2,0,4,7,0,0,0,12,TWO_Q158,two_table_joins
1,2,0,0,0,333635.66,0,1,0,1,8334141,3333791,6.920860895844208,1444804.94,1955506.28,333635.66,1,1,1,1,0.0,0,2,1,16,14,0,0,2,36,TWO_Q159,two_table_joins
1,1,1,1,0,469197.08,0,1,0,1,7184249,3333791,6.856381436650808,1741759.45,2245583.7,469197.08,1,1,1,1,0.5,1,2,0,16,14,0,0,1,12,TWO_Q160,two_table_joins
1,2,0,0,0,1550689.21,0,1,0,1,19751182,6250482,7.295593112873143,3388760.9800000004,4674114.71,1550689.21,0,0,1,1,0.0,0,2,1,13,13,0,0,2,23,TWO_Q161,two_table_joins
1,2,0,0,0,464779.89,0,1,0,1,11984618,5367215,7.078624232042787,1952828.3599999999,2732337.46,464779.89,1,1,1,1,0.0,0,2,1,16,13,0,0,2,8,TWO_Q162,two_table_joins
1,2,0,0,0,2152894.93,0,1,0,1,59779514,24992980,7.77655238722253,9382712.93,12756362.95,2152894.93,1,1,1,1,0.0,0,2,1,19,13,0,0,2,8,TWO_Q163,two_table_joins
1,2,0,0,0,306400.21,0,1,0,1,4371682,1352220,6.640648662806013,1339265.2200000002,1841892.54,306400.21,1,1,1,1,0.0,0,2,1,16,13,0,0,2,25,TWO_Q164,two_table_joins
1,2,0,0,0,237897.69,0,1,0,1,6585898,3234050,6.818615066175614,957016.2200000001,1401820.85,237897.69,1,1,1,1,0.0,0,2,1,16,13,0,0,2,8,TWO_Q165,two_table_joins
1,1,1,1,0,3892963.73,0,1,0,1,77606316,16301421,7.889897073404889,4640916.819999999,9286498.67,3892963.73,1,0,1,1,0.5,1,2,0,7,9,0,0,1,4,TWO_Q166,two_table_joins
1,2,0,0,0,2053215.63,0,1,0,1,32502458,12500964,7.511916219124488,1878948.0999999999,4124021.5,2053215.63,0,1,0,1,0.0,0,2,1,13,10,0,0,2,31,TWO_Q167,two_table_joins
1,2,0,0,0,1767811.27,0,1,0,1,22751292,6250482,7.357006083490187,8650531.879999999,10260067.57,1767811.27,0,1,1,1,0.0,0,2,1,22,17,0,0,2,37,TWO_Q168,two_table_joins
1,2,0,0,0,2125781.48,0,1,0,1,32502498,12500964,7.511916753600005,2096645.6499999997,4341723.71,2125781.48,0,1,0,1,0.0,0,2,1,13,10,0,0,2,27,TWO_Q169,two_table_joins
1,1,1,1,0,11079394.76,0,1,0,1,162485704,30002316,8.210815159082882,48657390.68,60607156.59,11079394.76,0,1,1,1,0.5,1,2,0,22,16,0,0,1,36,TWO_Q170,two_table_joins
1,1,1,1,0,5579410.01,0,1,0,1,80244464,27097390,7.9044150859010935,7959220.89,14524179.88,5579410.01,1,1,0,1,0.5,1,2,0,13,11,0,0,1,16,TWO_Q171,two_table_joins
0,0,1,0,0,925060.92,0,0,1,1,22001041,8001098,7.342443250101008,1840231.6199999999,4233124.65,925060.92,0,1,1,0,1.0,2,2,0,10,9,0,0,0,45,TWO_Q172,two_table_joins
1,2,0,0,0,607343.48,0,1,0,1,7385240,3333791,6.8683646720599345,3468609.09,4000261.16,607343.48,0,1,1,1,0.0,0,2,1,22,17,0,0,2,62,TWO_Q173,two_table_joins
1,2,0,0,0,1088382.9,0,1,0,1,16786623,6667582,7.2249633628685785,936771.81,2151439.12,1088382.9,0,1,0,1,0.0,0,2,1,13,10,0,0,2,36,TWO_Q174,two_table_joins
1,2,0,0,0,566435.42,0,0,0,0,10141170,4144444,7.006088105833171,1155200.19,1766280.79,566435.42,1,0,0,1,0.0,0,2,1,10,8,0,0,2,23,TWO_Q175,two_table_joins
1,2,0,0,0,508956.33,0,0,0,0,4982810,2834971,6.697474414521297,150654.05,1377409.87,508956.33,1,0,0,1,0.0,0,2,1,7,8,0,0,2,23,TWO_Q176,two_table_joins
1,2,0,0,0,568372.12,0,1,0,1,8975430,6250482,6.953055312562603,136626.27,1367013.49,568372.12,1,0,0,1,0.0,0,2,1,10,8,0,0,2,16,TWO_Q177,two_table_joins
1,2,0,0,0,1984315.67,0,0,0,0,16662847,6250482,7.221749232663565,4474678.63,7124276.77,1984315.67,1,0,0,1,0.0,0,2,1,10,8,0,0,2,12,TWO_Q178,two_table_joins
1,2,0,0,0,3206519.88,0,0,0,0,99115717,54534682,7.996142531371021,1083329.6400000001,5904020.44,3206519.88,1,0,0,1,0.0,0,2,1,4,6,0,0,2,12,TWO_Q179,two_table_joins
1,2,1,1,0,342514.7,0,1,0,1,10472834,3333791,7.020064261258084,621064.8200000001,1204597.32,342514.7,1,0,0,1,0.3333,1,3,0,16,12,0,0,2,37,TWO_Q180,two_table_joins
1,2,1,1,0,297132.35,0,1,0,1,6905292,3333791,6.839182110949916,917267.1900000001,1360008.27,297132.35,1,0,0,1,0.3333,1,3,0,16,12,0,0,2,30,TWO_Q181,two_table_joins
1,2,0,0,0,449145.15,0,1,0,1,5088748,1919280,6.706611030043407,2338418.47,3116948.23,449145.15,1,1,1,1,0.0,0,2,1,19,16,0,0,2,76,TWO_Q182,two_table_joins
1,1,1,1,0,3268791.67,0,0,1,1,101229230,59983152,8.005305937690904,7217474.55,15178172.48,3268791.67,1,1,1,0,0.6667,2,3,0,13,16,1,0,1,32,TWO_Q185,two_table_joins
1,2,0,0,0,351925.53,0,1,0,1,8334074,3333791,6.920857404441343,1870728.62,2382231.23,351925.53,0,1,1,1,0.0,0,2,1,19,15,0,0,2,83,TWO_Q186,two_table_joins
1,1,1,1,0,1796746.32,0,1,1,2,27836577,8001098,7.444615845627418,4772184.04,8242776.46,1796746.32,1,1,1,1,0.6667,2,3,0,19,17,0,0,1,38,TWO_Q187,two_table_joins
1,2,0,0,0,3103024.05,0,1,0,1,48003624,15001158,7.681274034418358,12240115.56,13465083.19,3103024.05,0,1,1,1,0.0,0,2,1,16,12,0,0,2,44,TWO_Q188,two_table_joins
0,0,1,0,0,1041824.65,0,0,1,1,19334880,8001098,7.286341503473869,1040266.1300000001,3479829.98,1041824.65,1,1,1,0,1.0,2,2,0,7,9,0,0,0,69,TWO_Q190,two_table_joins
1,2,0,0,0,3292293.81,0,1,0,1,48503579,15001158,7.685773794620112,6451578.58,7659258.48,3292293.81,1,1,1,1,0.0,0,2,1,10,10,0,0,2,31,TWO_Q191,two_table_joins
1,2,1,0,0,2884511.17,1,0,0,1,29718636,11346813,7.47302888729066,6309704.18,10996321.59,2884511.17,1,0,0,1,0.3333,1,3,0,13,12,0,0,2,16,TWO_Q192,two_table_joins
1,2,1,1,0,205013911372.49,0,1,0,1,5091027,3333791,6.7068054856077675,22141.47,205035175603.27,205013911372.49,1,0,0,1,0.3333,1,3,0,20,13,1,0,2,37,TWO_Q193,two_table_joins
1,2,0,0,0,1844922.26,0,1,0,1,19693526,7156250,7.2943235028046995,2115459.72,3778171.77,1844922.26,1,1,0,1,0.0,0,2,1,13,11,0,0,2,22,TWO_Q194,two_table_joins
1,2,0,0,0,601188.65,0,1,0,1,6783390,3333791,6.831446850862511,3449462.22,3976447.51,601188.65,1,1,1,1,0.0,0,2,1,25,19,0,0,2,74,TWO_Q196,two_table_joins
