[2026-09-03 17:39:51.131522] single_table_filters_Q027
  SQL: SELECT * FROM LINEITEM WHERE L_QUANTITY > 20
  ERR: 2013 (HY000): Lost connection to MySQL server during query

[2026-09-03 17:39:51.134079] single_table_filters_Q028
  SQL: SELECT * FROM LINEITEM WHERE L_QUANTITY BETWEEN 10 AND 30
  ERR: 2013 (HY000): Lost connection to MySQL server during query

[2026-09-03 17:39:51.134127] single_table_filters_Q029
  SQL: SELECT * FROM LINEITEM WHERE L_SHIPDATE > '1996-01-01'
  ERR: 2013 (HY000): Lost connection to MySQL server during query

[2026-09-03 17:39:51.134156] single_table_filters_Q030
  SQL: SELECT * FROM LINEITEM WHERE L_DISCOUNT > 0.05
  ERR: 2013 (HY000): Lost connection to MySQL server during query

[2026-09-03 17:39:51.134184] single_table_filters_Q031
  SQL: SELECT * FROM LINEITEM WHERE L_QUANTITY > 30
  ERR: 2013 (HY000): Lost connection to MySQL server during query

[2026-09-03 17:39:51.134211] single_table_filters_Q032
  SQL: SELECT * FROM LINEITEM WHERE L_QUANTITY BETWEEN 5 AND 15
  ERR: 2013 (HY000): Lost connection to MySQL server during query

[2026-09-03 17:39:51.134243] single_table_filters_Q033
  SQL: SELECT L_ORDERKEY, L_PARTKEY FROM LINEITEM WHERE L_PARTKEY = 500
  ERR: 2013 (HY000): Lost connection to MySQL server during query

[2026-09-03 17:39:51.134270] single_table_filters_Q034
  SQL: SELECT * FROM LINEITEM WHERE L_SHIPDATE BETWEEN '1995-01-01' AND '1997-01-01'
  ERR: 2013 (HY000): Lost connection to MySQL server during query

[2026-09-03 17:39:51.134297] single_table_filters_Q035
  SQL: SELECT * FROM LINEITEM WHERE L_DISCOUNT BETWEEN 0.02 AND 0.07
  ERR: 2013 (HY000): Lost connection to MySQL server during query

[2026-09-03 17:39:51.134411] single_table_filters_Q036
  SQL: SELECT L_ORDERKEY, L_QUANTITY FROM LINEITEM WHERE L_QUANTITY >= 25
  ERR: 2013 (HY000): Lost connection to MySQL server during query

[2026-09-03 17:39:51.134483] single_table_filters_Q037
  SQL: SELECT * FROM LINEITEM WHERE L_RETURNFLAG = 'R'
  ERR: 2013 (HY000): Lost connection to MySQL server during query

[2026-09-03 17:39:51.134517] single_table_filters_Q038
  SQL: SELECT * FROM LINEITEM WHERE L_QUANTITY > 15 AND L_DISCOUNT > 0.03
  ERR: 2013 (HY000): Lost connection to MySQL server during query

[2026-09-03 17:39:51.134547] single_table_filters_Q039
  SQL: SELECT L_ORDERKEY, L_QUANTITY FROM LINEITEM WHERE L_QUANTITY < 10
  ERR: 2013 (HY000): Lost connection to MySQL server during query

[2026-09-03 17:39:51.134578] single_table_filters_Q040
  SQL: SELECT L_ORDERKEY, L_QUANTITY FROM LINEITEM WHERE L_QUANTITY >= 35
  ERR: 2013 (HY000): Lost connection to MySQL server during query

[2026-09-03 17:39:51.134612] single_table_filters_Q041
  SQL: SELECT * FROM LINEITEM WHERE L_SHIPDATE BETWEEN '1994-01-01' AND '1995-01-01'
  ERR: 2013 (HY000): Lost connection to MySQL server during query

[2026-09-03 17:39:51.134639] single_table_filters_Q042
  SQL: SELECT * FROM LINEITEM WHERE L_DISCOUNT < 0.02
  ERR: 2013 (HY000): Lost connection to MySQL server during query

[2026-09-03 17:39:51.134666] single_table_filters_Q043
  SQL: SELECT * FROM LINEITEM WHERE L_QUANTITY > 20 AND L_SHIPDATE > '1996-01-01'
  ERR: 2013 (HY000): Lost connection to MySQL server during query

[2026-09-03 17:39:51.134699] single_table_filters_Q044
  SQL: SELECT L_ORDERKEY FROM LINEITEM WHERE L_QUANTITY > 5
  ERR: 2013 (HY000): Lost connection to MySQL server during query

[2026-09-03 17:39:51.134729] single_table_filters_Q045
  SQL: SELECT L_ORDERKEY FROM LINEITEM WHERE L_QUANTITY > 10
  ERR: 2013 (HY000): Lost connection to MySQL server during query

[2026-09-03 17:39:51.134756] single_table_filters_Q046
  SQL: SELECT L_ORDERKEY FROM LINEITEM WHERE L_QUANTITY > 15
  ERR: 2013 (HY000): Lost connection to MySQL server during query

[2026-09-03 17:39:51.134782] single_table_filters_Q047
  SQL: SELECT L_ORDERKEY FROM LINEITEM WHERE L_QUANTITY > 25
  ERR: 2013 (HY000): Lost connection to MySQL server during query

[2026-09-03 17:39:51.134808] single_table_filters_Q048
  SQL: SELECT L_ORDERKEY FROM LINEITEM WHERE L_QUANTITY > 35
  ERR: 2013 (HY000): Lost connection to MySQL server during query

[2026-09-03 17:39:51.134835] single_table_filters_Q049
  SQL: SELECT L_ORDERKEY, L_QUANTITY FROM LINEITEM WHERE L_QUANTITY BETWEEN 1 AND 10
  ERR: 2013 (HY000): Lost connection to MySQL server during query

[2026-09-03 17:39:51.134863] single_table_filters_Q050
  SQL: SELECT L_ORDERKEY, L_QUANTITY FROM LINEITEM WHERE L_QUANTITY BETWEEN 10 AND 20
  ERR: 2013 (HY000): Lost connection to MySQL server during query

[2026-09-03 17:39:51.134889] single_table_filters_Q051
  SQL: SELECT L_ORDERKEY, L_QUANTITY FROM LINEITEM WHERE L_QUANTITY BETWEEN 20 AND 40
  ERR: 2013 (HY000): Lost connection to MySQL server during query

[2026-09-03 17:39:51.134917] single_table_filters_Q052
  SQL: SELECT L_ORDERKEY FROM LINEITEM WHERE L_QUANTITY BETWEEN 30 AND 50
  ERR: 2013 (HY000): Lost connection to MySQL server during query

[2026-09-03 17:39:51.134950] single_table_filters_Q053
  SQL: SELECT L_ORDERKEY FROM LINEITEM WHERE L_DISCOUNT > 0.08
  ERR: 2013 (HY000): Lost connection to MySQL server during query

[2026-09-03 17:39:51.134976] single_table_filters_Q054
  SQL: SELECT * FROM CUSTOMER WHERE C_ACCTBAL > 1000
  ERR: 2013 (HY000): Lost connection to MySQL server during query

[2026-09-03 17:39:51.135002] single_table_filters_Q055
  SQL: SELECT * FROM CUSTOMER WHERE C_ACCTBAL > 500
  ERR: 2013 (HY000): Lost connection to MySQL server during query

[2026-09-03 17:39:51.135605] single_table_filters_Q056
  SQL: SELECT * FROM CUSTOMER WHERE C_NATIONKEY = 10
  ERR: 2013 (HY000): Lost connection to MySQL server during query

[2026-09-03 17:39:51.135647] single_table_filters_Q057
  SQL: SELECT * FROM CUSTOMER WHERE C_ACCTBAL BETWEEN 200 AND 800
  ERR: 2013 (HY000): Lost connection to MySQL server during query

[2026-09-03 17:39:51.135677] single_table_filters_Q058
  SQL: SELECT * FROM CUSTOMER WHERE C_NATIONKEY BETWEEN 1 AND 10
  ERR: 2013 (HY000): Lost connection to MySQL server during query

[2026-09-03 17:39:51.135705] single_table_filters_Q059
  SQL: SELECT C_CUSTKEY, C_NAME FROM CUSTOMER WHERE C_NATIONKEY = 5
  ERR: 2013 (HY000): Lost connection to MySQL server during query

[2026-09-03 17:39:51.135732] single_table_filters_Q060
  SQL: SELECT * FROM CUSTOMER WHERE C_MKTSEGMENT = 'BUILDING'
  ERR: 2013 (HY000): Lost connection to MySQL server during query

[2026-09-03 17:39:51.135760] single_table_filters_Q061
  SQL: SELECT C_CUSTKEY, C_NAME FROM CUSTOMER WHERE C_ACCTBAL < 300
  ERR: 2013 (HY000): Lost connection to MySQL server during query

[2026-09-03 17:39:51.135787] single_table_filters_Q062
  SQL: SELECT C_CUSTKEY, C_ACCTBAL FROM CUSTOMER WHERE C_ACCTBAL >= 1200
  ERR: 2013 (HY000): Lost connection to MySQL server during query

[2026-09-03 17:39:51.135814] single_table_filters_Q063
  SQL: SELECT * FROM CUSTOMER WHERE C_ACCTBAL < 200
  ERR: 2013 (HY000): Lost connection to MySQL server during query

[2026-09-03 17:39:51.135841] single_table_filters_Q064
  SQL: SELECT * FROM CUSTOMER WHERE C_NATIONKEY = 3
  ERR: 2013 (HY000): Lost connection to MySQL server during query

[2026-09-03 17:39:51.135868] single_table_filters_Q065
  SQL: SELECT C_CUSTKEY, C_NAME FROM CUSTOMER WHERE C_ACCTBAL BETWEEN 400 AND 900
  ERR: 2013 (HY000): Lost connection to MySQL server during query

[2026-09-03 17:39:51.135895] single_table_filters_Q066
  SQL: SELECT C_CUSTKEY, C_NAME FROM CUSTOMER WHERE C_NAME LIKE 'Customer#000%'
  ERR: 2013 (HY000): Lost connection to MySQL server during query

[2026-09-03 17:39:51.135922] single_table_filters_Q067
  SQL: SELECT C_CUSTKEY FROM CUSTOMER WHERE C_ACCTBAL > 100
  ERR: 2013 (HY000): Lost connection to MySQL server during query

[2026-09-03 17:39:51.135949] single_table_filters_Q068
  SQL: SELECT C_CUSTKEY FROM CUSTOMER WHERE C_ACCTBAL > 300
  ERR: 2013 (HY000): Lost connection to MySQL server during query

[2026-09-03 17:39:51.135976] single_table_filters_Q069
  SQL: SELECT C_CUSTKEY FROM CUSTOMER WHERE C_ACCTBAL > 700
  ERR: 2013 (HY000): Lost connection to MySQL server during query

[2026-09-03 17:39:51.136003] single_table_filters_Q070
  SQL: SELECT C_CUSTKEY FROM CUSTOMER WHERE C_ACCTBAL > 1500
  ERR: 2013 (HY000): Lost connection to MySQL server during query

[2026-09-03 17:39:51.136046] single_table_filters_Q071
  SQL: SELECT C_CUSTKEY FROM CUSTOMER WHERE C_ACCTBAL > 2000
  ERR: 2013 (HY000): Lost connection to MySQL server during query

[2026-09-03 17:39:51.136073] single_table_filters_Q072
  SQL: SELECT C_CUSTKEY, C_ACCTBAL FROM CUSTOMER WHERE C_ACCTBAL BETWEEN 100 AND 500
  ERR: 2013 (HY000): Lost connection to MySQL server during query

[2026-09-03 17:39:51.136100] single_table_filters_Q073
  SQL: SELECT C_CUSTKEY, C_ACCTBAL FROM CUSTOMER WHERE C_ACCTBAL BETWEEN 500 AND 1000
  ERR: 2013 (HY000): Lost connection to MySQL server during query

[2026-09-03 17:39:51.136128] single_table_filters_Q074
  SQL: SELECT C_CUSTKEY FROM CUSTOMER WHERE C_NATIONKEY BETWEEN 6 AND 12
  ERR: 2013 (HY000): Lost connection to MySQL server during query

[2026-09-03 17:39:51.136155] single_table_filters_Q075
  SQL: SELECT * FROM PART WHERE P_SIZE = 10
  ERR: 2013 (HY000): Lost connection to MySQL server during query

[2026-09-03 17:39:51.136181] single_table_filters_Q076
  SQL: SELECT * FROM PART WHERE P_SIZE = 20
  ERR: 2013 (HY000): Lost connection to MySQL server during query

[2026-09-03 17:39:51.136208] single_table_filters_Q077
  SQL: SELECT * FROM PART WHERE P_SIZE BETWEEN 5 AND 15
  ERR: 2013 (HY000): Lost connection to MySQL server during query

[2026-09-03 17:39:51.136234] single_table_filters_Q078
  SQL: SELECT * FROM PART WHERE P_RETAILPRICE > 500
  ERR: 2013 (HY000): Lost connection to MySQL server during query

[2026-09-03 17:39:51.136261] single_table_filters_Q079
  SQL: SELECT * FROM PART WHERE P_RETAILPRICE > 1000
  ERR: 2013 (HY000): Lost connection to MySQL server during query

[2026-09-03 17:39:51.136288] single_table_filters_Q080
  SQL: SELECT * FROM PART WHERE P_RETAILPRICE BETWEEN 200 AND 800
  ERR: 2013 (HY000): Lost connection to MySQL server during query

[2026-09-03 17:39:51.136315] single_table_filters_Q081
  SQL: SELECT * FROM PART WHERE P_SIZE >= 15
  ERR: 2013 (HY000): Lost connection to MySQL server during query

[2026-09-03 17:39:51.136342] single_table_filters_Q082
  SQL: SELECT P_PARTKEY, P_NAME FROM PART WHERE P_RETAILPRICE < 300
  ERR: 2013 (HY000): Lost connection to MySQL server during query

[2026-09-03 17:39:51.136368] single_table_filters_Q083
  SQL: SELECT P_PARTKEY, P_SIZE FROM PART WHERE P_SIZE < 5
  ERR: 2013 (HY000): Lost connection to MySQL server during query

[2026-09-03 17:39:51.136394] single_table_filters_Q084
  SQL: SELECT * FROM PART WHERE P_RETAILPRICE >= 1200
  ERR: 2013 (HY000): Lost connection to MySQL server during query

[2026-09-03 17:39:51.136419] single_table_filters_Q085
  SQL: SELECT P_PARTKEY, P_RETAILPRICE FROM PART WHERE P_RETAILPRICE <= 300
  ERR: 2013 (HY000): Lost connection to MySQL server during query

[2026-09-03 17:39:51.136445] single_table_filters_Q086
  SQL: SELECT P_PARTKEY, P_NAME FROM PART WHERE P_NAME LIKE '%green%'
  ERR: 2013 (HY000): Lost connection to MySQL server during query

[2026-09-03 17:39:51.136471] single_table_filters_Q087
  SQL: SELECT P_PARTKEY FROM PART WHERE P_SIZE > 5
  ERR: 2013 (HY000): Lost connection to MySQL server during query

[2026-09-03 17:39:51.136496] single_table_filters_Q088
  SQL: SELECT P_PARTKEY FROM PART WHERE P_SIZE > 10
  ERR: 2013 (HY000): Lost connection to MySQL server during query

[2026-09-03 17:39:51.136522] single_table_filters_Q089
  SQL: SELECT P_PARTKEY FROM PART WHERE P_SIZE > 15
  ERR: 2013 (HY000): Lost connection to MySQL server during query

[2026-09-03 17:39:51.136547] single_table_filters_Q090
  SQL: SELECT P_PARTKEY FROM PART WHERE P_SIZE > 20
  ERR: 2013 (HY000): Lost connection to MySQL server during query

[2026-09-03 17:39:51.136572] single_table_filters_Q091
  SQL: SELECT P_PARTKEY, P_RETAILPRICE FROM PART WHERE P_RETAILPRICE > 200
  ERR: 2013 (HY000): Lost connection to MySQL server during query

[2026-09-03 17:39:51.136600] single_table_filters_Q092
  SQL: SELECT P_PARTKEY, P_RETAILPRICE FROM PART WHERE P_RETAILPRICE > 600
  ERR: 2013 (HY000): Lost connection to MySQL server during query

[2026-09-03 17:39:51.136627] single_table_filters_Q093
  SQL: SELECT P_PARTKEY, P_RETAILPRICE FROM PART WHERE P_RETAILPRICE > 1200
  ERR: 2013 (HY000): Lost connection to MySQL server during query

[2026-09-03 17:39:51.136653] single_table_filters_Q094
  SQL: SELECT P_PARTKEY, P_RETAILPRICE FROM PART WHERE P_RETAILPRICE > 1500
  ERR: 2013 (HY000): Lost connection to MySQL server during query

[2026-09-03 17:39:51.136680] single_table_filters_Q095
  SQL: SELECT P_PARTKEY FROM PART WHERE P_SIZE BETWEEN 10 AND 30
  ERR: 2013 (HY000): Lost connection to MySQL server during query

[2026-09-03 17:39:51.136707] single_table_filters_Q096
  SQL: SELECT * FROM SUPPLIER WHERE S_ACCTBAL > 1000
  ERR: 2013 (HY000): Lost connection to MySQL server during query

[2026-09-03 17:39:51.136733] single_table_filters_Q097
  SQL: SELECT * FROM SUPPLIER WHERE S_ACCTBAL BETWEEN 500 AND 1500
  ERR: 2013 (HY000): Lost connection to MySQL server during query

[2026-09-03 17:39:51.136760] single_table_filters_Q098
  SQL: SELECT S_SUPPKEY, S_NAME FROM SUPPLIER WHERE S_NATIONKEY = 3
  ERR: 2013 (HY000): Lost connection to MySQL server during query

[2026-09-03 17:39:51.136787] single_table_filters_Q099
  SQL: SELECT * FROM SUPPLIER WHERE S_ACCTBAL < 500
  ERR: 2013 (HY000): Lost connection to MySQL server during query

[2026-09-03 17:39:51.136813] single_table_filters_Q100
  SQL: SELECT S_SUPPKEY, S_PHONE FROM SUPPLIER WHERE S_NATIONKEY BETWEEN 5 AND 10
  ERR: 2013 (HY000): Lost connection to MySQL server during query

[2026-09-03 17:39:51.136841] single_table_filters_Q101
  SQL: SELECT * FROM SUPPLIER WHERE S_ACCTBAL >= 2000
  ERR: 2013 (HY000): Lost connection to MySQL server during query

[2026-09-03 17:39:51.136867] single_table_filters_Q102
  SQL: SELECT * FROM SUPPLIER WHERE S_NATIONKEY = 7
  ERR: 2013 (HY000): Lost connection to MySQL server during query

[2026-09-03 17:39:51.136894] single_table_filters_Q103
  SQL: SELECT S_SUPPKEY, S_ACCTBAL FROM SUPPLIER WHERE S_ACCTBAL BETWEEN 200 AND 800
  ERR: 2013 (HY000): Lost connection to MySQL server during query

[2026-09-03 17:39:51.136922] single_table_filters_Q104
  SQL: SELECT S_SUPPKEY FROM SUPPLIER WHERE S_ACCTBAL > 100
  ERR: 2013 (HY000): Lost connection to MySQL server during query

[2026-09-03 17:39:51.136948] single_table_filters_Q105
  SQL: SELECT S_SUPPKEY FROM SUPPLIER WHERE S_ACCTBAL > 500
  ERR: 2013 (HY000): Lost connection to MySQL server during query

[2026-09-03 17:39:51.137138] single_table_filters_Q106
  SQL: SELECT S_SUPPKEY FROM SUPPLIER WHERE S_ACCTBAL > 1000
  ERR: 2013 (HY000): Lost connection to MySQL server during query

[2026-09-03 17:39:51.137164] single_table_filters_Q107
  SQL: SELECT S_SUPPKEY FROM SUPPLIER WHERE S_ACCTBAL > 1500
  ERR: 2013 (HY000): Lost connection to MySQL server during query

[2026-09-03 17:39:51.137190] single_table_filters_Q108
  SQL: SELECT S_SUPPKEY FROM SUPPLIER WHERE S_ACCTBAL > 1800
  ERR: 2013 (HY000): Lost connection to MySQL server during query

[2026-09-03 17:39:51.137228] single_table_filters_Q109
  SQL: SELECT S_SUPPKEY, S_ACCTBAL FROM SUPPLIER WHERE S_ACCTBAL BETWEEN 100 AND 600
  ERR: 2013 (HY000): Lost connection to MySQL server during query

[2026-09-03 17:39:51.137254] single_table_filters_Q110
  SQL: SELECT S_SUPPKEY, S_ACCTBAL FROM SUPPLIER WHERE S_ACCTBAL BETWEEN 600 AND 1200
  ERR: 2013 (HY000): Lost connection to MySQL server during query

[2026-09-03 17:39:51.137280] single_table_filters_Q111
  SQL: SELECT S_SUPPKEY FROM SUPPLIER WHERE S_NATIONKEY BETWEEN 1 AND 5
  ERR: 2013 (HY000): Lost connection to MySQL server during query

[2026-09-03 17:39:51.140989] two_table_joins_Q001
  SQL: SELECT o.O_ORDERKEY, c.C_NAME FROM   ORDERS   o JOIN   CUSTOMER c ON o.O_CUSTKEY = c.C_CUSTKEY
  ERR: 2013 (HY000): Lost connection to MySQL server during query

[2026-09-03 17:39:51.141021] two_table_joins_Q002
  SQL: SELECT o.O_ORDERKEY, c.C_ACCTBAL FROM   ORDERS   o JOIN   CUSTOMER c ON o.O_CUSTKEY = c.C_CUSTKEY WHERE  c.C_ACCTBAL > 5
  ERR: 2013 (HY000): Lost connection to MySQL server during query

[2026-09-03 17:39:51.141050] two_table_joins_Q003
  SQL: SELECT o.O_ORDERKEY, c.C_NAME FROM   ORDERS   o JOIN   CUSTOMER c ON o.O_CUSTKEY = c.C_CUSTKEY WHERE  o.O_TOTALPRICE > 2
  ERR: 2013 (HY000): Lost connection to MySQL server during query

[2026-09-03 17:39:51.141106] two_table_joins_Q004
  SQL: SELECT o.O_ORDERKEY, c.C_NATIONKEY FROM   ORDERS   o JOIN   CUSTOMER c ON o.O_CUSTKEY = c.C_CUSTKEY WHERE  c.C_NATIONKEY
  ERR: 2013 (HY000): Lost connection to MySQL server during query

[2026-09-03 17:39:51.141135] two_table_joins_Q005
  SQL: SELECT o.O_ORDERKEY, c.C_NAME FROM   ORDERS   o JOIN   CUSTOMER c ON o.O_CUSTKEY = c.C_CUSTKEY WHERE  o.O_ORDERDATE > '1
  ERR: 2013 (HY000): Lost connection to MySQL server during query

[2026-09-03 17:39:51.141163] two_table_joins_Q006
  SQL: SELECT o.O_ORDERKEY, c.C_NAME FROM   ORDERS   o JOIN   CUSTOMER c ON o.O_CUSTKEY = c.C_CUSTKEY WHERE  c.C_ACCTBAL > 100
  ERR: 2013 (HY000): Lost connection to MySQL server during query

[2026-09-03 17:39:51.141194] two_table_joins_Q007
  SQL: SELECT o.O_ORDERKEY, c.C_NAME FROM   ORDERS   o JOIN   CUSTOMER c ON o.O_CUSTKEY = c.C_CUSTKEY WHERE  c.C_ACCTBAL > 1000
  ERR: 2013 (HY000): Lost connection to MySQL server during query

[2026-09-03 17:39:51.141239] two_table_joins_Q008
  SQL: SELECT o.O_ORDERKEY, c.C_ACCTBAL FROM   ORDERS   o JOIN   CUSTOMER c ON o.O_CUSTKEY = c.C_CUSTKEY WHERE  o.O_TOTALPRICE 
  ERR: 2013 (HY000): Lost connection to MySQL server during query

[2026-09-03 17:39:51.145035] two_table_joins_Q009
  SQL: SELECT o.O_ORDERKEY, c.C_NATIONKEY FROM   ORDERS   o JOIN   CUSTOMER c ON o.O_CUSTKEY = c.C_CUSTKEY WHERE  c.C_NATIONKEY
  ERR: 2013 (HY000): Lost connection to MySQL server during query

[2026-09-03 17:39:51.145082] two_table_joins_Q010
  SQL: SELECT o.O_ORDERKEY, c.C_NAME FROM   ORDERS   o JOIN   CUSTOMER c ON o.O_CUSTKEY = c.C_CUSTKEY WHERE  o.O_ORDERDATE BETW
  ERR: 2013 (HY000): Lost connection to MySQL server during query

[2026-09-03 17:39:51.145110] two_table_joins_Q011
  SQL: SELECT o.O_ORDERKEY, c.C_NAME FROM   ORDERS   o JOIN   CUSTOMER c ON o.O_CUSTKEY = c.C_CUSTKEY WHERE  o.O_TOTALPRICE > 1
  ERR: 2013 (HY000): Lost connection to MySQL server during query

[2026-09-03 17:39:51.145171] two_table_joins_Q012
  SQL: SELECT o.O_ORDERKEY, c.C_NAME FROM   ORDERS   o JOIN   CUSTOMER c ON o.O_CUSTKEY = c.C_CUSTKEY WHERE  o.O_TOTALPRICE > 3
  ERR: 2013 (HY000): Lost connection to MySQL server during query

[2026-09-03 17:39:51.145213] two_table_joins_Q013
  SQL: SELECT o.O_ORDERKEY, c.C_NAME FROM   ORDERS   o JOIN   CUSTOMER c ON o.O_CUSTKEY = c.C_CUSTKEY WHERE  o.O_TOTALPRICE  BE
  ERR: 2013 (HY000): Lost connection to MySQL server during query

[2026-09-03 17:39:51.145243] two_table_joins_Q014
  SQL: SELECT o.O_ORDERKEY, c.C_NAME FROM   ORDERS   o JOIN   CUSTOMER c ON o.O_CUSTKEY = c.C_CUSTKEY WHERE  o.O_ORDERDATE BETW
  ERR: 2013 (HY000): Lost connection to MySQL server during query

[2026-09-03 17:39:51.145281] two_table_joins_Q015
  SQL: SELECT o.O_ORDERKEY, c.C_NAME FROM   ORDERS   o JOIN   CUSTOMER c ON o.O_CUSTKEY = c.C_CUSTKEY WHERE  o.O_ORDERDATE   > 
  ERR: 2013 (HY000): Lost connection to MySQL server during query

[2026-09-03 17:39:51.145310] two_table_joins_Q016
  SQL: SELECT o.O_ORDERKEY, l.L_QUANTITY FROM   ORDERS  o JOIN   LINEITEM l ON o.O_ORDERKEY = l.L_ORDERKEY
  ERR: 2013 (HY000): Lost connection to MySQL server during query

[2026-09-03 17:39:51.145338] two_table_joins_Q017
  SQL: SELECT o.O_ORDERKEY, l.L_QUANTITY FROM   ORDERS  o JOIN   LINEITEM l ON o.O_ORDERKEY = l.L_ORDERKEY WHERE  l.L_QUANTITY 
  ERR: 2013 (HY000): Lost connection to MySQL server during query

[2026-09-03 17:39:51.145365] two_table_joins_Q018
  SQL: SELECT o.O_ORDERKEY, l.L_QUANTITY FROM   ORDERS  o JOIN   LINEITEM l ON o.O_ORDERKEY = l.L_ORDERKEY WHERE  o.O_TOTALPRIC
  ERR: 2013 (HY000): Lost connection to MySQL server during query

[2026-09-03 17:39:51.145396] two_table_joins_Q019
  SQL: SELECT o.O_ORDERKEY, l.L_SHIPDATE FROM   ORDERS  o JOIN   LINEITEM l ON o.O_ORDERKEY = l.L_ORDERKEY WHERE  l.L_SHIPDATE 
  ERR: 2013 (HY000): Lost connection to MySQL server during query

[2026-09-03 17:39:51.145424] two_table_joins_Q020
  SQL: SELECT o.O_ORDERKEY, l.L_DISCOUNT FROM   ORDERS  o JOIN   LINEITEM l ON o.O_ORDERKEY = l.L_ORDERKEY WHERE  l.L_DISCOUNT 
  ERR: 2013 (HY000): Lost connection to MySQL server during query

[2026-09-03 17:39:51.145451] two_table_joins_Q021
  SQL: SELECT o.O_ORDERKEY, l.L_QUANTITY FROM   ORDERS  o JOIN   LINEITEM l ON o.O_ORDERKEY = l.L_ORDERKEY WHERE  l.L_QUANTITY 
  ERR: 2013 (HY000): Lost connection to MySQL server during query

[2026-09-03 17:39:51.145481] two_table_joins_Q022
  SQL: SELECT o.O_ORDERKEY, l.L_QUANTITY FROM   ORDERS  o JOIN   LINEITEM l ON o.O_ORDERKEY = l.L_ORDERKEY WHERE  l.L_QUANTITY 
  ERR: 2013 (HY000): Lost connection to MySQL server during query

[2026-09-03 17:39:51.145509] two_table_joins_Q023
  SQL: SELECT o.O_ORDERKEY, l.L_DISCOUNT FROM   ORDERS  o JOIN   LINEITEM l ON o.O_ORDERKEY = l.L_ORDERKEY WHERE  l.L_DISCOUNT 
  ERR: 2013 (HY000): Lost connection to MySQL server during query

[2026-09-03 17:39:51.145543] two_table_joins_Q024
  SQL: SELECT o.O_ORDERKEY, l.L_SHIPDATE FROM   ORDERS  o JOIN   LINEITEM l ON o.O_ORDERKEY = l.L_ORDERKEY WHERE  l.L_SHIPDATE 
  ERR: 2013 (HY000): Lost connection to MySQL server during query

[2026-09-03 17:39:51.145572] two_table_joins_Q025
  SQL: SELECT o.O_ORDERKEY, l.L_QUANTITY FROM   ORDERS  o JOIN   LINEITEM l ON o.O_ORDERKEY = l.L_ORDERKEY WHERE  o.O_TOTALPRIC
  ERR: 2013 (HY000): Lost connection to MySQL server during query

[2026-09-03 17:39:51.145599] two_table_joins_Q026
  SQL: SELECT p.P_PARTKEY, ps.PS_SUPPLYCOST FROM   PART     p JOIN   PARTSUPP ps ON p.P_PARTKEY = ps.PS_PARTKEY
  ERR: 2013 (HY000): Lost connection to MySQL server during query

[2026-09-03 17:39:51.145626] two_table_joins_Q027
  SQL: SELECT p.P_PARTKEY, ps.PS_SUPPLYCOST FROM   PART     p JOIN   PARTSUPP ps ON p.P_PARTKEY = ps.PS_PARTKEY WHERE  p.P_SIZE
  ERR: 2013 (HY000): Lost connection to MySQL server during query

[2026-09-03 17:39:51.145654] two_table_joins_Q028
  SQL: SELECT p.P_PARTKEY, ps.PS_SUPPLYCOST FROM   PART     p JOIN   PARTSUPP ps ON p.P_PARTKEY = ps.PS_PARTKEY WHERE  ps.PS_SU
  ERR: 2013 (HY000): Lost connection to MySQL server during query

[2026-09-03 17:39:51.145683] two_table_joins_Q029
  SQL: SELECT p.P_PARTKEY, ps.PS_AVAILQTY FROM   PART     p JOIN   PARTSUPP ps ON p.P_PARTKEY = ps.PS_PARTKEY WHERE  ps.PS_AVAI
  ERR: 2013 (HY000): Lost connection to MySQL server during query

[2026-09-03 17:39:51.145727] two_table_joins_Q030
  SQL: SELECT p.P_PARTKEY, ps.PS_SUPPLYCOST FROM   PART     p JOIN   PARTSUPP ps ON p.P_PARTKEY = ps.PS_PARTKEY WHERE  p.P_RETA
  ERR: 2013 (HY000): Lost connection to MySQL server during query

[2026-09-03 17:39:51.145757] two_table_joins_Q031
  SQL: SELECT s.S_SUPPKEY, ps.PS_PARTKEY FROM   SUPPLIER s JOIN   PARTSUPP ps ON s.S_SUPPKEY = ps.PS_SUPPKEY
  ERR: 2013 (HY000): Lost connection to MySQL server during query

[2026-09-03 17:39:51.145785] two_table_joins_Q032
  SQL: SELECT s.S_SUPPKEY, ps.PS_SUPPLYCOST FROM   SUPPLIER s JOIN   PARTSUPP ps ON s.S_SUPPKEY = ps.PS_SUPPKEY WHERE  s.S_ACCT
  ERR: 2013 (HY000): Lost connection to MySQL server during query

[2026-09-03 17:39:51.145814] two_table_joins_Q033
  SQL: SELECT s.S_SUPPKEY, ps.PS_SUPPLYCOST FROM   SUPPLIER s JOIN   PARTSUPP ps ON s.S_SUPPKEY = ps.PS_SUPPKEY WHERE  ps.PS_SU
  ERR: 2013 (HY000): Lost connection to MySQL server during query

[2026-09-03 17:39:51.145852] two_table_joins_Q034
  SQL: SELECT s.S_SUPPKEY, ps.PS_PARTKEY FROM   SUPPLIER s JOIN   PARTSUPP ps ON s.S_SUPPKEY = ps.PS_SUPPKEY WHERE  s.S_NATIONK
  ERR: 2013 (HY000): Lost connection to MySQL server during query

[2026-09-03 17:39:51.145880] two_table_joins_Q035
  SQL: SELECT s.S_SUPPKEY, ps.PS_AVAILQTY FROM   SUPPLIER s JOIN   PARTSUPP ps ON s.S_SUPPKEY = ps.PS_SUPPKEY WHERE  ps.PS_AVAI
  ERR: 2013 (HY000): Lost connection to MySQL server during query

[2026-09-03 17:39:51.145909] two_table_joins_Q036
  SQL: SELECT o.O_ORDERKEY, c.C_NAME FROM   ORDERS   o JOIN   CUSTOMER c ON o.O_CUSTKEY = c.C_CUSTKEY WHERE  c.C_ACCTBAL    > 5
  ERR: 2013 (HY000): Lost connection to MySQL server during query

[2026-09-03 17:39:51.145962] two_table_joins_Q037
  SQL: SELECT o.O_ORDERKEY, l.L_QUANTITY FROM   ORDERS  o JOIN   LINEITEM l ON o.O_ORDERKEY = l.L_ORDERKEY WHERE  l.L_QUANTITY 
  ERR: 2013 (HY000): Lost connection to MySQL server during query

[2026-09-03 17:39:51.146001] two_table_joins_Q038
  SQL: SELECT p.P_PARTKEY, ps.PS_SUPPLYCOST FROM   PART     p JOIN   PARTSUPP ps ON p.P_PARTKEY = ps.PS_PARTKEY WHERE  p.P_SIZE
  ERR: 2013 (HY000): Lost connection to MySQL server during query

[2026-09-03 17:39:51.146031] two_table_joins_Q039
  SQL: SELECT s.S_SUPPKEY, ps.PS_SUPPLYCOST FROM   SUPPLIER s JOIN   PARTSUPP ps ON s.S_SUPPKEY = ps.PS_SUPPKEY WHERE  s.S_ACCT
  ERR: 2013 (HY000): Lost connection to MySQL server during query

[2026-09-03 17:39:51.146058] two_table_joins_Q040
  SQL: SELECT o.O_ORDERKEY, c.C_NAME FROM   ORDERS   o JOIN   CUSTOMER c ON o.O_CUSTKEY = c.C_CUSTKEY ORDER BY o.O_TOTALPRICE D
  ERR: 2013 (HY000): Lost connection to MySQL server during query

[2026-09-03 17:39:51.146085] two_table_joins_Q041
  SQL: SELECT o.O_ORDERKEY, l.L_QUANTITY FROM   ORDERS  o JOIN   LINEITEM l ON o.O_ORDERKEY = l.L_ORDERKEY ORDER BY l.L_QUANTIT
  ERR: 2013 (HY000): Lost connection to MySQL server during query

[2026-09-03 17:39:51.146117] two_table_joins_Q042
  SQL: SELECT o.O_ORDERKEY, c.C_NAME FROM   ORDERS   o JOIN   CUSTOMER c ON o.O_CUSTKEY = c.C_CUSTKEY ORDER BY c.C_ACCTBAL DESC
  ERR: 2013 (HY000): Lost connection to MySQL server during query

[2026-09-03 17:39:51.146148] two_table_joins_Q043
  SQL: SELECT o.O_ORDERKEY, l.L_DISCOUNT FROM   ORDERS  o JOIN   LINEITEM l ON o.O_ORDERKEY = l.L_ORDERKEY ORDER BY l.L_DISCOUN
  ERR: 2013 (HY000): Lost connection to MySQL server during query

[2026-09-03 17:39:51.146176] two_table_joins_Q044
  SQL: SELECT p.P_PARTKEY, ps.PS_SUPPLYCOST FROM   PART     p JOIN   PARTSUPP ps ON p.P_PARTKEY = ps.PS_PARTKEY ORDER BY ps.PS_
  ERR: 2013 (HY000): Lost connection to MySQL server during query

[2026-09-03 17:39:51.146203] two_table_joins_Q045
  SQL: SELECT p.P_PARTKEY, ps.PS_AVAILQTY FROM   PART     p JOIN   PARTSUPP ps ON p.P_PARTKEY = ps.PS_PARTKEY ORDER BY ps.PS_AV
  ERR: 2013 (HY000): Lost connection to MySQL server during query

[2026-09-03 17:39:51.146231] two_table_joins_Q046
  SQL: SELECT s.S_SUPPKEY, ps.PS_SUPPLYCOST FROM   SUPPLIER s JOIN   PARTSUPP ps ON s.S_SUPPKEY = ps.PS_SUPPKEY ORDER BY ps.PS_
  ERR: 2013 (HY000): Lost connection to MySQL server during query

[2026-09-03 17:39:51.146259] two_table_joins_Q047
  SQL: SELECT s.S_SUPPKEY, ps.PS_AVAILQTY FROM   SUPPLIER s JOIN   PARTSUPP ps ON s.S_SUPPKEY = ps.PS_SUPPKEY ORDER BY ps.PS_AV
  ERR: 2013 (HY000): Lost connection to MySQL server during query

[2026-09-03 17:39:51.146287] two_table_joins_Q048
  SQL: SELECT o.O_ORDERKEY, c.C_NAME FROM   ORDERS   o JOIN   CUSTOMER c ON o.O_CUSTKEY = c.C_CUSTKEY LIMIT  50
  ERR: 2013 (HY000): Lost connection to MySQL server during query

[2026-09-03 17:39:51.146330] two_table_joins_Q049
  SQL: SELECT o.O_ORDERKEY, c.C_NAME FROM   ORDERS   o JOIN   CUSTOMER c ON o.O_CUSTKEY = c.C_CUSTKEY LIMIT  100
  ERR: 2013 (HY000): Lost connection to MySQL server during query

[2026-09-03 17:39:51.146359] two_table_joins_Q050
  SQL: SELECT o.O_ORDERKEY, l.L_QUANTITY FROM   ORDERS  o JOIN   LINEITEM l ON o.O_ORDERKEY = l.L_ORDERKEY LIMIT  100
  ERR: 2013 (HY000): Lost connection to MySQL server during query

[2026-09-03 17:39:51.146387] two_table_joins_Q051
  SQL: SELECT o.O_ORDERKEY, l.L_QUANTITY FROM   ORDERS  o JOIN   LINEITEM l ON o.O_ORDERKEY = l.L_ORDERKEY LIMIT  200
  ERR: 2013 (HY000): Lost connection to MySQL server during query

[2026-09-03 17:39:51.146415] two_table_joins_Q052
  SQL: SELECT p.P_PARTKEY, ps.PS_SUPPLYCOST FROM   PART     p JOIN   PARTSUPP ps ON p.P_PARTKEY = ps.PS_PARTKEY LIMIT  80
  ERR: 2013 (HY000): Lost connection to MySQL server during query

[2026-09-03 17:39:51.146444] two_table_joins_Q053
  SQL: SELECT s.S_SUPPKEY, ps.PS_SUPPLYCOST FROM   SUPPLIER s JOIN   PARTSUPP ps ON s.S_SUPPKEY = ps.PS_SUPPKEY LIMIT  60
  ERR: 2013 (HY000): Lost connection to MySQL server during query

[2026-09-03 17:39:51.146476] two_table_joins_Q054
  SQL: SELECT o.O_ORDERKEY, c.C_NAME FROM   ORDERS o JOIN CUSTOMER c ON o.O_CUSTKEY = c.C_CUSTKEY WHERE  o.O_TOTALPRICE > 5000
  ERR: 2013 (HY000): Lost connection to MySQL server during query

[2026-09-03 17:39:51.146503] two_table_joins_Q055
  SQL: SELECT o.O_ORDERKEY, c.C_NAME FROM   ORDERS o JOIN CUSTOMER c ON o.O_CUSTKEY = c.C_CUSTKEY WHERE  o.O_TOTALPRICE > 10000
  ERR: 2013 (HY000): Lost connection to MySQL server during query

[2026-09-03 17:39:51.146532] two_table_joins_Q056
  SQL: SELECT o.O_ORDERKEY, c.C_NAME FROM   ORDERS o JOIN CUSTOMER c ON o.O_CUSTKEY = c.C_CUSTKEY WHERE  o.O_TOTALPRICE > 15000
  ERR: 2013 (HY000): Lost connection to MySQL server during query

[2026-09-03 17:39:51.146560] two_table_joins_Q057
  SQL: SELECT o.O_ORDERKEY, c.C_NAME FROM   ORDERS o JOIN CUSTOMER c ON o.O_CUSTKEY = c.C_CUSTKEY WHERE  o.O_TOTALPRICE > 25000
  ERR: 2013 (HY000): Lost connection to MySQL server during query

[2026-09-03 17:39:51.146587] two_table_joins_Q058
  SQL: SELECT o.O_ORDERKEY, c.C_NAME FROM   ORDERS o JOIN CUSTOMER c ON o.O_CUSTKEY = c.C_CUSTKEY WHERE  o.O_TOTALPRICE > 40000
  ERR: 2013 (HY000): Lost connection to MySQL server during query

[2026-09-03 17:39:51.146622] two_table_joins_Q059
  SQL: SELECT o.O_ORDERKEY, c.C_ACCTBAL FROM   ORDERS o JOIN CUSTOMER c ON o.O_CUSTKEY = c.C_CUSTKEY WHERE  c.C_ACCTBAL > 200
  ERR: 2013 (HY000): Lost connection to MySQL server during query

[2026-09-03 17:39:51.146649] two_table_joins_Q060
  SQL: SELECT o.O_ORDERKEY, c.C_ACCTBAL FROM   ORDERS o JOIN CUSTOMER c ON o.O_CUSTKEY = c.C_CUSTKEY WHERE  c.C_ACCTBAL > 400
  ERR: 2013 (HY000): Lost connection to MySQL server during query

[2026-09-03 17:39:51.146677] two_table_joins_Q061
  SQL: SELECT o.O_ORDERKEY, c.C_ACCTBAL FROM   ORDERS o JOIN CUSTOMER c ON o.O_CUSTKEY = c.C_CUSTKEY WHERE  c.C_ACCTBAL > 800
  ERR: 2013 (HY000): Lost connection to MySQL server during query

[2026-09-03 17:39:51.146705] two_table_joins_Q062
  SQL: SELECT o.O_ORDERKEY, c.C_ACCTBAL FROM   ORDERS o JOIN CUSTOMER c ON o.O_CUSTKEY = c.C_CUSTKEY WHERE  c.C_ACCTBAL > 1200
  ERR: 2013 (HY000): Lost connection to MySQL server during query

[2026-09-03 17:39:51.146733] two_table_joins_Q063
  SQL: SELECT o.O_ORDERKEY, c.C_NAME FROM   ORDERS o JOIN CUSTOMER c ON o.O_CUSTKEY = c.C_CUSTKEY WHERE  o.O_TOTALPRICE > 10000
  ERR: 2013 (HY000): Lost connection to MySQL server during query

[2026-09-03 17:39:51.146771] two_table_joins_Q064
  SQL: SELECT o.O_ORDERKEY, c.C_NAME FROM   ORDERS o JOIN CUSTOMER c ON o.O_CUSTKEY = c.C_CUSTKEY WHERE  o.O_TOTALPRICE > 20000
  ERR: 2013 (HY000): Lost connection to MySQL server during query

[2026-09-03 17:39:51.146800] two_table_joins_Q065
  SQL: SELECT o.O_ORDERKEY, c.C_NAME FROM   ORDERS o JOIN CUSTOMER c ON o.O_CUSTKEY = c.C_CUSTKEY WHERE  o.O_TOTALPRICE > 30000
  ERR: 2013 (HY000): Lost connection to MySQL server during query

[2026-09-03 17:39:51.146829] two_table_joins_Q066
  SQL: SELECT o.O_ORDERKEY, c.C_NAME FROM   ORDERS o JOIN CUSTOMER c ON o.O_CUSTKEY = c.C_CUSTKEY WHERE  o.O_ORDERDATE > '1994-
  ERR: 2013 (HY000): Lost connection to MySQL server during query

[2026-09-03 17:39:51.146857] two_table_joins_Q067
  SQL: SELECT o.O_ORDERKEY, c.C_NAME FROM   ORDERS o JOIN CUSTOMER c ON o.O_CUSTKEY = c.C_CUSTKEY WHERE  o.O_ORDERDATE > '1995-
  ERR: 2013 (HY000): Lost connection to MySQL server during query

[2026-09-03 17:39:51.146885] two_table_joins_Q068
  SQL: SELECT o.O_ORDERKEY, c.C_NAME FROM   ORDERS o JOIN CUSTOMER c ON o.O_CUSTKEY = c.C_CUSTKEY WHERE  o.O_ORDERDATE > '1997-
  ERR: 2013 (HY000): Lost connection to MySQL server during query

[2026-09-03 17:39:51.146914] two_table_joins_Q069
  SQL: SELECT o.O_ORDERKEY, c.C_NATIONKEY FROM   ORDERS o JOIN CUSTOMER c ON o.O_CUSTKEY = c.C_CUSTKEY WHERE  c.C_NATIONKEY = 1
  ERR: 2013 (HY000): Lost connection to MySQL server during query

[2026-09-03 17:39:51.146942] two_table_joins_Q070
  SQL: SELECT o.O_ORDERKEY, c.C_NATIONKEY FROM   ORDERS o JOIN CUSTOMER c ON o.O_CUSTKEY = c.C_CUSTKEY WHERE  c.C_NATIONKEY = 5
  ERR: 2013 (HY000): Lost connection to MySQL server during query

[2026-09-03 17:39:51.146974] two_table_joins_Q071
  SQL: SELECT o.O_ORDERKEY, c.C_NATIONKEY FROM   ORDERS o JOIN CUSTOMER c ON o.O_CUSTKEY = c.C_CUSTKEY WHERE  c.C_NATIONKEY = 1
  ERR: 2013 (HY000): Lost connection to MySQL server during query

[2026-09-03 17:39:51.147013] two_table_joins_Q072
  SQL: SELECT o.O_ORDERKEY, c.C_NAME FROM   ORDERS o JOIN CUSTOMER c ON o.O_CUSTKEY = c.C_CUSTKEY WHERE  o.O_TOTALPRICE BETWEEN
  ERR: 2013 (HY000): Lost connection to MySQL server during query

[2026-09-03 17:39:51.147041] two_table_joins_Q073
  SQL: SELECT o.O_ORDERKEY, c.C_NAME FROM   ORDERS o JOIN CUSTOMER c ON o.O_CUSTKEY = c.C_CUSTKEY WHERE  o.O_TOTALPRICE BETWEEN
  ERR: 2013 (HY000): Lost connection to MySQL server during query

[2026-09-03 17:39:51.147069] two_table_joins_Q074
  SQL: SELECT o.O_ORDERKEY, c.C_NAME FROM   ORDERS o JOIN CUSTOMER c ON o.O_CUSTKEY = c.C_CUSTKEY WHERE  o.O_TOTALPRICE BETWEEN
  ERR: 2013 (HY000): Lost connection to MySQL server during query

[2026-09-03 17:39:51.147114] two_table_joins_Q075
  SQL: SELECT o.O_ORDERKEY, c.C_NAME FROM   ORDERS o JOIN CUSTOMER c ON o.O_CUSTKEY = c.C_CUSTKEY WHERE  c.C_ACCTBAL BETWEEN 20
  ERR: 2013 (HY000): Lost connection to MySQL server during query

[2026-09-03 17:39:51.147142] two_table_joins_Q076
  SQL: SELECT o.O_ORDERKEY, c.C_NAME FROM   ORDERS o JOIN CUSTOMER c ON o.O_CUSTKEY = c.C_CUSTKEY WHERE  c.C_ACCTBAL BETWEEN 50
  ERR: 2013 (HY000): Lost connection to MySQL server during query

[2026-09-03 17:39:51.147181] two_table_joins_Q077
  SQL: SELECT o.O_ORDERKEY, c.C_NAME FROM   ORDERS o JOIN CUSTOMER c ON o.O_CUSTKEY = c.C_CUSTKEY WHERE  o.O_TOTALPRICE > 25000
  ERR: 2013 (HY000): Lost connection to MySQL server during query

[2026-09-03 17:39:51.147215] two_table_joins_Q078
  SQL: SELECT o.O_ORDERKEY, l.L_QUANTITY FROM   ORDERS o JOIN LINEITEM l ON o.O_ORDERKEY = l.L_ORDERKEY WHERE  l.L_QUANTITY > 5
  ERR: 2013 (HY000): Lost connection to MySQL server during query

[2026-09-03 17:39:51.147243] two_table_joins_Q079
  SQL: SELECT o.O_ORDERKEY, l.L_QUANTITY FROM   ORDERS o JOIN LINEITEM l ON o.O_ORDERKEY = l.L_ORDERKEY WHERE  l.L_QUANTITY > 1
  ERR: 2013 (HY000): Lost connection to MySQL server during query

[2026-09-03 17:39:51.147271] two_table_joins_Q080
  SQL: SELECT o.O_ORDERKEY, l.L_QUANTITY FROM   ORDERS o JOIN LINEITEM l ON o.O_ORDERKEY = l.L_ORDERKEY WHERE  l.L_QUANTITY > 2
  ERR: 2013 (HY000): Lost connection to MySQL server during query

[2026-09-03 17:39:51.147299] two_table_joins_Q081
  SQL: SELECT o.O_ORDERKEY, l.L_QUANTITY FROM   ORDERS o JOIN LINEITEM l ON o.O_ORDERKEY = l.L_ORDERKEY WHERE  l.L_QUANTITY > 3
  ERR: 2013 (HY000): Lost connection to MySQL server during query

[2026-09-03 17:39:51.147327] two_table_joins_Q082
  SQL: SELECT o.O_ORDERKEY, l.L_DISCOUNT FROM   ORDERS o JOIN LINEITEM l ON o.O_ORDERKEY = l.L_ORDERKEY WHERE  l.L_DISCOUNT > 0
  ERR: 2013 (HY000): Lost connection to MySQL server during query

[2026-09-03 17:39:51.147355] two_table_joins_Q083
  SQL: SELECT o.O_ORDERKEY, l.L_DISCOUNT FROM   ORDERS o JOIN LINEITEM l ON o.O_ORDERKEY = l.L_ORDERKEY WHERE  l.L_DISCOUNT > 0
  ERR: 2013 (HY000): Lost connection to MySQL server during query

[2026-09-03 17:39:51.147396] two_table_joins_Q084
  SQL: SELECT o.O_ORDERKEY, l.L_DISCOUNT FROM   ORDERS o JOIN LINEITEM l ON o.O_ORDERKEY = l.L_ORDERKEY WHERE  l.L_DISCOUNT > 0
  ERR: 2013 (HY000): Lost connection to MySQL server during query

[2026-09-03 17:39:51.147425] two_table_joins_Q085
  SQL: SELECT o.O_ORDERKEY, l.L_DISCOUNT FROM   ORDERS o JOIN LINEITEM l ON o.O_ORDERKEY = l.L_ORDERKEY WHERE  l.L_DISCOUNT > 0
  ERR: 2013 (HY000): Lost connection to MySQL server during query

[2026-09-03 17:39:51.147452] two_table_joins_Q086
  SQL: SELECT o.O_ORDERKEY, l.L_SHIPDATE FROM   ORDERS o JOIN LINEITEM l ON o.O_ORDERKEY = l.L_ORDERKEY WHERE  l.L_SHIPDATE > '
  ERR: 2013 (HY000): Lost connection to MySQL server during query

[2026-09-03 17:39:51.147481] two_table_joins_Q087
  SQL: SELECT o.O_ORDERKEY, l.L_SHIPDATE FROM   ORDERS o JOIN LINEITEM l ON o.O_ORDERKEY = l.L_ORDERKEY WHERE  l.L_SHIPDATE > '
  ERR: 2013 (HY000): Lost connection to MySQL server during query

[2026-09-03 17:39:51.147513] two_table_joins_Q088
  SQL: SELECT o.O_ORDERKEY, l.L_SHIPDATE FROM   ORDERS o JOIN LINEITEM l ON o.O_ORDERKEY = l.L_ORDERKEY WHERE  l.L_SHIPDATE > '
  ERR: 2013 (HY000): Lost connection to MySQL server during query

[2026-09-03 17:39:51.147541] two_table_joins_Q089
  SQL: SELECT o.O_ORDERKEY, l.L_SHIPDATE FROM   ORDERS o JOIN LINEITEM l ON o.O_ORDERKEY = l.L_ORDERKEY WHERE  l.L_SHIPDATE > '
  ERR: 2013 (HY000): Lost connection to MySQL server during query

[2026-09-03 17:39:51.147569] two_table_joins_Q090
  SQL: SELECT o.O_ORDERKEY, l.L_QUANTITY FROM   ORDERS o JOIN LINEITEM l ON o.O_ORDERKEY = l.L_ORDERKEY WHERE  o.O_TOTALPRICE >
  ERR: 2013 (HY000): Lost connection to MySQL server during query

[2026-09-03 17:39:51.147598] two_table_joins_Q091
  SQL: SELECT o.O_ORDERKEY, l.L_QUANTITY FROM   ORDERS o JOIN LINEITEM l ON o.O_ORDERKEY = l.L_ORDERKEY WHERE  o.O_TOTALPRICE >
  ERR: 2013 (HY000): Lost connection to MySQL server during query

[2026-09-03 17:39:51.147627] two_table_joins_Q092
  SQL: SELECT o.O_ORDERKEY, l.L_QUANTITY FROM   ORDERS o JOIN LINEITEM l ON o.O_ORDERKEY = l.L_ORDERKEY WHERE  o.O_TOTALPRICE >
  ERR: 2013 (HY000): Lost connection to MySQL server during query

[2026-09-03 17:39:51.147654] two_table_joins_Q093
  SQL: SELECT o.O_ORDERKEY, l.L_QUANTITY FROM   ORDERS o JOIN LINEITEM l ON o.O_ORDERKEY = l.L_ORDERKEY WHERE  o.O_TOTALPRICE >
  ERR: 2013 (HY000): Lost connection to MySQL server during query

[2026-09-03 17:39:51.147684] two_table_joins_Q094
  SQL: SELECT o.O_ORDERKEY, l.L_QUANTITY FROM   ORDERS o JOIN LINEITEM l ON o.O_ORDERKEY = l.L_ORDERKEY WHERE  o.O_TOTALPRICE >
  ERR: 2013 (HY000): Lost connection to MySQL server during query

[2026-09-03 17:39:51.147712] two_table_joins_Q095
  SQL: SELECT o.O_ORDERKEY, l.L_QUANTITY FROM   ORDERS o JOIN LINEITEM l ON o.O_ORDERKEY = l.L_ORDERKEY WHERE  l.L_QUANTITY BET
  ERR: 2013 (HY000): Lost connection to MySQL server during query

[2026-09-03 17:39:51.147740] two_table_joins_Q096
  SQL: SELECT o.O_ORDERKEY, l.L_QUANTITY FROM   ORDERS o JOIN LINEITEM l ON o.O_ORDERKEY = l.L_ORDERKEY WHERE  l.L_QUANTITY BET
  ERR: 2013 (HY000): Lost connection to MySQL server during query

[2026-09-03 17:39:51.147767] two_table_joins_Q097
  SQL: SELECT o.O_ORDERKEY, l.L_QUANTITY FROM   ORDERS o JOIN LINEITEM l ON o.O_ORDERKEY = l.L_ORDERKEY WHERE  l.L_QUANTITY BET
  ERR: 2013 (HY000): Lost connection to MySQL server during query

[2026-09-03 17:39:51.147794] two_table_joins_Q098
  SQL: SELECT o.O_ORDERKEY, l.L_DISCOUNT FROM   ORDERS o JOIN LINEITEM l ON o.O_ORDERKEY = l.L_ORDERKEY WHERE  l.L_QUANTITY > 1
  ERR: 2013 (HY000): Lost connection to MySQL server during query

[2026-09-03 17:39:51.147821] two_table_joins_Q099
  SQL: SELECT o.O_ORDERKEY, l.L_DISCOUNT FROM   ORDERS o JOIN LINEITEM l ON o.O_ORDERKEY = l.L_ORDERKEY WHERE  l.L_QUANTITY > 2
  ERR: 2013 (HY000): Lost connection to MySQL server during query

[2026-09-03 17:39:51.147848] two_table_joins_Q100
  SQL: SELECT o.O_ORDERKEY, l.L_DISCOUNT FROM   ORDERS o JOIN LINEITEM l ON o.O_ORDERKEY = l.L_ORDERKEY WHERE  l.L_QUANTITY > 3
  ERR: 2013 (HY000): Lost connection to MySQL server during query

[2026-09-03 17:39:51.147875] two_table_joins_Q101
  SQL: SELECT p.P_PARTKEY, ps.PS_SUPPLYCOST FROM   PART p JOIN PARTSUPP ps ON p.P_PARTKEY = ps.PS_PARTKEY WHERE  p.P_SIZE > 5
  ERR: 2013 (HY000): Lost connection to MySQL server during query

[2026-09-03 17:39:51.147904] two_table_joins_Q102
  SQL: SELECT p.P_PARTKEY, ps.PS_SUPPLYCOST FROM   PART p JOIN PARTSUPP ps ON p.P_PARTKEY = ps.PS_PARTKEY WHERE  p.P_SIZE > 15
  ERR: 2013 (HY000): Lost connection to MySQL server during query

[2026-09-03 17:39:51.147932] two_table_joins_Q103
  SQL: SELECT p.P_PARTKEY, ps.PS_SUPPLYCOST FROM   PART p JOIN PARTSUPP ps ON p.P_PARTKEY = ps.PS_PARTKEY WHERE  p.P_SIZE > 20
  ERR: 2013 (HY000): Lost connection to MySQL server during query

[2026-09-03 17:39:51.147959] two_table_joins_Q104
  SQL: SELECT p.P_PARTKEY, ps.PS_SUPPLYCOST FROM   PART p JOIN PARTSUPP ps ON p.P_PARTKEY = ps.PS_PARTKEY WHERE  p.P_SIZE > 25
  ERR: 2013 (HY000): Lost connection to MySQL server during query

[2026-09-03 17:39:51.147986] two_table_joins_Q105
  SQL: SELECT p.P_PARTKEY, ps.PS_SUPPLYCOST FROM   PART p JOIN PARTSUPP ps ON p.P_PARTKEY = ps.PS_PARTKEY WHERE  ps.PS_SUPPLYCO
  ERR: 2013 (HY000): Lost connection to MySQL server during query

[2026-09-03 17:39:51.148029] two_table_joins_Q106
  SQL: SELECT p.P_PARTKEY, ps.PS_SUPPLYCOST FROM   PART p JOIN PARTSUPP ps ON p.P_PARTKEY = ps.PS_PARTKEY WHERE  ps.PS_SUPPLYCO
  ERR: 2013 (HY000): Lost connection to MySQL server during query

[2026-09-03 17:39:51.148056] two_table_joins_Q107
  SQL: SELECT p.P_PARTKEY, ps.PS_SUPPLYCOST FROM   PART p JOIN PARTSUPP ps ON p.P_PARTKEY = ps.PS_PARTKEY WHERE  ps.PS_SUPPLYCO
  ERR: 2013 (HY000): Lost connection to MySQL server during query

[2026-09-03 17:39:51.148085] two_table_joins_Q108
  SQL: SELECT p.P_PARTKEY, ps.PS_SUPPLYCOST FROM   PART p JOIN PARTSUPP ps ON p.P_PARTKEY = ps.PS_PARTKEY WHERE  ps.PS_SUPPLYCO
  ERR: 2013 (HY000): Lost connection to MySQL server during query

[2026-09-03 17:39:51.148112] two_table_joins_Q109
  SQL: SELECT p.P_PARTKEY, ps.PS_AVAILQTY FROM   PART p JOIN PARTSUPP ps ON p.P_PARTKEY = ps.PS_PARTKEY WHERE  ps.PS_AVAILQTY >
  ERR: 2013 (HY000): Lost connection to MySQL server during query

[2026-09-03 17:39:51.148139] two_table_joins_Q110
  SQL: SELECT p.P_PARTKEY, ps.PS_AVAILQTY FROM   PART p JOIN PARTSUPP ps ON p.P_PARTKEY = ps.PS_PARTKEY WHERE  ps.PS_AVAILQTY >
  ERR: 2013 (HY000): Lost connection to MySQL server during query

[2026-09-03 17:39:51.148166] two_table_joins_Q111
  SQL: SELECT p.P_PARTKEY, ps.PS_AVAILQTY FROM   PART p JOIN PARTSUPP ps ON p.P_PARTKEY = ps.PS_PARTKEY WHERE  ps.PS_AVAILQTY >
  ERR: 2013 (HY000): Lost connection to MySQL server during query

[2026-09-03 17:39:51.148249] two_table_joins_Q112
  SQL: SELECT p.P_PARTKEY, ps.PS_AVAILQTY FROM   PART p JOIN PARTSUPP ps ON p.P_PARTKEY = ps.PS_PARTKEY WHERE  ps.PS_AVAILQTY >
  ERR: 2013 (HY000): Lost connection to MySQL server during query

[2026-09-03 17:39:51.148298] two_table_joins_Q113
  SQL: SELECT p.P_PARTKEY, ps.PS_SUPPLYCOST FROM   PART p JOIN PARTSUPP ps ON p.P_PARTKEY = ps.PS_PARTKEY WHERE  p.P_SIZE      
  ERR: 2013 (HY000): Lost connection to MySQL server during query

[2026-09-03 17:39:51.148327] two_table_joins_Q114
  SQL: SELECT p.P_PARTKEY, ps.PS_SUPPLYCOST FROM   PART p JOIN PARTSUPP ps ON p.P_PARTKEY = ps.PS_PARTKEY WHERE  p.P_SIZE      
  ERR: 2013 (HY000): Lost connection to MySQL server during query

[2026-09-03 17:39:51.148359] two_table_joins_Q115
  SQL: SELECT p.P_PARTKEY, ps.PS_SUPPLYCOST FROM   PART p JOIN PARTSUPP ps ON p.P_PARTKEY = ps.PS_PARTKEY WHERE  p.P_SIZE      
  ERR: 2013 (HY000): Lost connection to MySQL server during query

[2026-09-03 17:39:51.148387] two_table_joins_Q116
  SQL: SELECT s.S_SUPPKEY, ps.PS_PARTKEY FROM   SUPPLIER s JOIN PARTSUPP ps ON s.S_SUPPKEY = ps.PS_SUPPKEY WHERE  s.S_ACCTBAL >
  ERR: 2013 (HY000): Lost connection to MySQL server during query

[2026-09-03 17:39:51.148421] two_table_joins_Q117
  SQL: SELECT s.S_SUPPKEY, ps.PS_PARTKEY FROM   SUPPLIER s JOIN PARTSUPP ps ON s.S_SUPPKEY = ps.PS_SUPPKEY WHERE  s.S_ACCTBAL >
  ERR: 2013 (HY000): Lost connection to MySQL server during query

[2026-09-03 17:39:51.148448] two_table_joins_Q118
  SQL: SELECT s.S_SUPPKEY, ps.PS_PARTKEY FROM   SUPPLIER s JOIN PARTSUPP ps ON s.S_SUPPKEY = ps.PS_SUPPKEY WHERE  s.S_ACCTBAL >
  ERR: 2013 (HY000): Lost connection to MySQL server during query

[2026-09-03 17:39:51.148475] two_table_joins_Q119
  SQL: SELECT s.S_SUPPKEY, ps.PS_PARTKEY FROM   SUPPLIER s JOIN PARTSUPP ps ON s.S_SUPPKEY = ps.PS_SUPPKEY WHERE  s.S_ACCTBAL >
  ERR: 2013 (HY000): Lost connection to MySQL server during query

[2026-09-03 17:39:51.148506] two_table_joins_Q120
  SQL: SELECT s.S_SUPPKEY, ps.PS_PARTKEY FROM   SUPPLIER s JOIN PARTSUPP ps ON s.S_SUPPKEY = ps.PS_SUPPKEY WHERE  s.S_NATIONKEY
  ERR: 2013 (HY000): Lost connection to MySQL server during query

[2026-09-03 17:39:51.148543] two_table_joins_Q121
  SQL: SELECT s.S_SUPPKEY, ps.PS_PARTKEY FROM   SUPPLIER s JOIN PARTSUPP ps ON s.S_SUPPKEY = ps.PS_SUPPKEY WHERE  s.S_NATIONKEY
  ERR: 2013 (HY000): Lost connection to MySQL server during query

[2026-09-03 17:39:51.148889] two_table_joins_Q122
  SQL: SELECT s.S_SUPPKEY, ps.PS_PARTKEY FROM   SUPPLIER s JOIN PARTSUPP ps ON s.S_SUPPKEY = ps.PS_SUPPKEY WHERE  s.S_NATIONKEY
  ERR: 2013 (HY000): Lost connection to MySQL server during query

[2026-09-03 17:39:51.148918] two_table_joins_Q123
  SQL: SELECT s.S_SUPPKEY, ps.PS_SUPPLYCOST FROM   SUPPLIER s JOIN PARTSUPP ps ON s.S_SUPPKEY = ps.PS_SUPPKEY WHERE  ps.PS_SUPP
  ERR: 2013 (HY000): Lost connection to MySQL server during query

[2026-09-03 17:39:51.148946] two_table_joins_Q124
  SQL: SELECT s.S_SUPPKEY, ps.PS_SUPPLYCOST FROM   SUPPLIER s JOIN PARTSUPP ps ON s.S_SUPPKEY = ps.PS_SUPPKEY WHERE  ps.PS_SUPP
  ERR: 2013 (HY000): Lost connection to MySQL server during query

[2026-09-03 17:39:51.148974] two_table_joins_Q125
  SQL: SELECT s.S_SUPPKEY, ps.PS_SUPPLYCOST FROM   SUPPLIER s JOIN PARTSUPP ps ON s.S_SUPPKEY = ps.PS_SUPPKEY WHERE  ps.PS_SUPP
  ERR: 2013 (HY000): Lost connection to MySQL server during query

[2026-09-03 17:39:51.149001] two_table_joins_Q126
  SQL: SELECT s.S_SUPPKEY, ps.PS_PARTKEY FROM   SUPPLIER s JOIN PARTSUPP ps ON s.S_SUPPKEY = ps.PS_SUPPKEY WHERE  s.S_ACCTBAL  
  ERR: 2013 (HY000): Lost connection to MySQL server during query

[2026-09-03 17:39:51.149768] two_table_joins_Q127
  SQL: SELECT s.S_SUPPKEY, ps.PS_PARTKEY FROM   SUPPLIER s JOIN PARTSUPP ps ON s.S_SUPPKEY = ps.PS_SUPPKEY WHERE  s.S_NATIONKEY
  ERR: 2013 (HY000): Lost connection to MySQL server during query

[2026-09-03 17:39:51.149801] two_table_joins_Q128
  SQL: SELECT s.S_SUPPKEY, ps.PS_AVAILQTY FROM   SUPPLIER s JOIN PARTSUPP ps ON s.S_SUPPKEY = ps.PS_SUPPKEY WHERE  ps.PS_AVAILQ
  ERR: 2013 (HY000): Lost connection to MySQL server during query

[2026-09-03 17:39:51.149830] two_table_joins_Q129
  SQL: SELECT s.S_SUPPKEY, ps.PS_AVAILQTY FROM   SUPPLIER s JOIN PARTSUPP ps ON s.S_SUPPKEY = ps.PS_SUPPKEY WHERE  ps.PS_AVAILQ
  ERR: 2013 (HY000): Lost connection to MySQL server during query

[2026-09-03 17:39:51.149863] two_table_joins_Q130
  SQL: SELECT o.O_ORDERKEY, l.L_QUANTITY FROM   ORDERS o JOIN LINEITEM l ON o.O_ORDERKEY = l.L_ORDERKEY WHERE  l.L_QUANTITY BET
  ERR: 2013 (HY000): Lost connection to MySQL server during query

[2026-09-03 17:39:51.149892] two_table_joins_Q131
  SQL: SELECT o.O_ORDERKEY, l.L_DISCOUNT FROM   ORDERS o JOIN LINEITEM l ON o.O_ORDERKEY = l.L_ORDERKEY WHERE  l.L_DISCOUNT BET
  ERR: 2013 (HY000): Lost connection to MySQL server during query

[2026-09-03 17:39:51.149924] two_table_joins_Q132
  SQL: SELECT p.P_PARTKEY, ps.PS_SUPPLYCOST FROM   PART p JOIN PARTSUPP ps ON p.P_PARTKEY = ps.PS_PARTKEY WHERE  ps.PS_SUPPLYCO
  ERR: 2013 (HY000): Lost connection to MySQL server during query

[2026-09-03 17:39:51.149953] two_table_joins_Q133
  SQL: SELECT s.S_SUPPKEY, ps.PS_AVAILQTY FROM   SUPPLIER s JOIN PARTSUPP ps ON s.S_SUPPKEY = ps.PS_SUPPKEY WHERE  ps.PS_AVAILQ
  ERR: 2013 (HY000): Lost connection to MySQL server during query

[2026-09-03 17:39:51.149981] two_table_joins_Q134
  SQL: SELECT o.O_ORDERKEY, c.C_NAME FROM   ORDERS   o JOIN   CUSTOMER c ON o.O_CUSTKEY = c.C_CUSTKEY WHERE  o.O_TOTALPRICE > 2
  ERR: 2013 (HY000): Lost connection to MySQL server during query

[2026-09-03 17:39:51.150010] two_table_joins_Q135
  SQL: SELECT o.O_ORDERKEY, l.L_QUANTITY FROM   ORDERS  o JOIN   LINEITEM l ON o.O_ORDERKEY = l.L_ORDERKEY WHERE  l.L_QUANTITY 
  ERR: 2013 (HY000): Lost connection to MySQL server during query

[2026-09-03 17:39:51.150038] two_table_joins_Q136
  SQL: SELECT c.C_CUSTKEY, c.C_NAME, COUNT(o.O_ORDERKEY)   AS order_count FROM   CUSTOMER c JOIN   ORDERS   o ON c.C_CUSTKEY = 
  ERR: 2013 (HY000): Lost connection to MySQL server during query

[2026-09-03 17:39:51.150065] two_table_joins_Q137
  SQL: SELECT c.C_CUSTKEY, c.C_NAME, SUM(o.O_TOTALPRICE)   AS total_revenue FROM   CUSTOMER c JOIN   ORDERS   o ON c.C_CUSTKEY 
  ERR: 2013 (HY000): Lost connection to MySQL server during query

[2026-09-03 17:39:51.150093] two_table_joins_Q138
  SQL: SELECT c.C_CUSTKEY, c.C_NAME, AVG(o.O_TOTALPRICE)   AS avg_order_value FROM   CUSTOMER c JOIN   ORDERS   o ON c.C_CUSTKE
  ERR: 2013 (HY000): Lost connection to MySQL server during query

[2026-09-03 17:39:51.150122] two_table_joins_Q139
  SQL: SELECT c.C_NATIONKEY, MAX(o.O_TOTALPRICE)   AS max_order_price FROM   ORDERS   o JOIN   CUSTOMER c ON o.O_CUSTKEY = c.C_
  ERR: 2013 (HY000): Lost connection to MySQL server during query

[2026-09-03 17:39:51.150168] two_table_joins_Q140
  SQL: SELECT c.C_NATIONKEY, MIN(o.O_TOTALPRICE)   AS min_order_price FROM   ORDERS   o JOIN   CUSTOMER c ON o.O_CUSTKEY = c.C_
  ERR: 2013 (HY000): Lost connection to MySQL server during query

[2026-09-03 17:39:51.150197] two_table_joins_Q141
  SQL: SELECT c.C_NATIONKEY, COUNT(o.O_ORDERKEY)   AS order_count, SUM(o.O_TOTALPRICE)   AS total_revenue FROM   ORDERS   o JOI
  ERR: 2013 (HY000): Lost connection to MySQL server during query

[2026-09-03 17:39:51.150236] two_table_joins_Q142
  SQL: SELECT o.O_ORDERKEY, SUM(l.L_QUANTITY)     AS total_qty FROM   ORDERS  o JOIN   LINEITEM l ON o.O_ORDERKEY = l.L_ORDERKE
  ERR: 2013 (HY000): Lost connection to MySQL server during query

[2026-09-03 17:39:51.150318] two_table_joins_Q143
  SQL: SELECT o.O_ORDERKEY, AVG(l.L_DISCOUNT)     AS avg_discount FROM   ORDERS  o JOIN   LINEITEM l ON o.O_ORDERKEY = l.L_ORDE
  ERR: 2013 (HY000): Lost connection to MySQL server during query

[2026-09-03 17:39:51.150364] two_table_joins_Q144
  SQL: SELECT o.O_ORDERKEY, COUNT(l.L_LINENUMBER) AS line_count FROM   ORDERS  o JOIN   LINEITEM l ON o.O_ORDERKEY = l.L_ORDERK
  ERR: 2013 (HY000): Lost connection to MySQL server during query

[2026-09-03 17:39:51.150399] two_table_joins_Q145
  SQL: SELECT o.O_ORDERKEY, MAX(l.L_QUANTITY)     AS max_qty, MIN(l.L_DISCOUNT)     AS min_discount FROM   ORDERS  o JOIN   LIN
  ERR: 2013 (HY000): Lost connection to MySQL server during query

[2026-09-03 17:39:51.150434] two_table_joins_Q146
  SQL: SELECT YEAR(l.L_SHIPDATE)    AS ship_year, SUM(l.L_EXTENDEDPRICE) AS total_extended FROM   ORDERS  o JOIN   LINEITEM l O
  ERR: 2013 (HY000): Lost connection to MySQL server during query

[2026-09-03 17:39:51.150464] two_table_joins_Q147
  SQL: SELECT p.P_SIZE, AVG(ps.PS_SUPPLYCOST) AS avg_supply_cost FROM   PART     p JOIN   PARTSUPP ps ON p.P_PARTKEY = ps.PS_PA
  ERR: 2013 (HY000): Lost connection to MySQL server during query

[2026-09-03 17:39:51.150494] two_table_joins_Q148
  SQL: SELECT p.P_PARTKEY, SUM(ps.PS_AVAILQTY)   AS total_availqty FROM   PART     p JOIN   PARTSUPP ps ON p.P_PARTKEY = ps.PS_
  ERR: 2013 (HY000): Lost connection to MySQL server during query

[2026-09-03 17:39:51.150524] two_table_joins_Q149
  SQL: SELECT p.P_TYPE, MAX(ps.PS_SUPPLYCOST) AS max_cost, MIN(ps.PS_SUPPLYCOST) AS min_cost FROM   PART     p JOIN   PARTSUPP 
  ERR: 2013 (HY000): Lost connection to MySQL server during query

[2026-09-03 17:39:51.150555] two_table_joins_Q150
  SQL: SELECT s.S_SUPPKEY, s.S_NAME, COUNT(ps.PS_PARTKEY)  AS parts_supplied FROM   SUPPLIER s JOIN   PARTSUPP ps ON s.S_SUPPKE
  ERR: 2013 (HY000): Lost connection to MySQL server during query

[2026-09-03 17:39:51.150635] two_table_joins_Q151
  SQL: SELECT s.S_NATIONKEY, AVG(ps.PS_SUPPLYCOST) AS avg_supply_cost FROM   SUPPLIER s JOIN   PARTSUPP ps ON s.S_SUPPKEY = ps.
  ERR: 2013 (HY000): Lost connection to MySQL server during query

[2026-09-03 17:39:51.150666] two_table_joins_Q152
  SQL: SELECT s.S_SUPPKEY, SUM(ps.PS_AVAILQTY)   AS total_availqty FROM   SUPPLIER s JOIN   PARTSUPP ps ON s.S_SUPPKEY = ps.PS_
  ERR: 2013 (HY000): Lost connection to MySQL server during query

[2026-09-03 17:39:51.150698] two_table_joins_Q153
  SQL: SELECT s.S_NATIONKEY, MAX(ps.PS_SUPPLYCOST) AS max_supply_cost FROM   SUPPLIER s JOIN   PARTSUPP ps ON s.S_SUPPKEY = ps.
  ERR: 2013 (HY000): Lost connection to MySQL server during query

[2026-09-03 17:39:51.150735] two_table_joins_Q154
  SQL: SELECT c.C_CUSTKEY, COUNT(o.O_ORDERKEY)   AS order_count FROM   CUSTOMER c JOIN   ORDERS   o ON c.C_CUSTKEY = o.O_CUSTKE
  ERR: 2013 (HY000): Lost connection to MySQL server during query

[2026-09-03 17:39:51.150764] two_table_joins_Q155
  SQL: SELECT o.O_ORDERKEY, COUNT(l.L_LINENUMBER) AS line_count, AVG(l.L_QUANTITY)     AS avg_qty FROM   ORDERS  o JOIN   LINEI
  ERR: 2013 (HY000): Lost connection to MySQL server during query

[2026-09-03 17:39:51.150792] two_table_joins_Q156
  SQL: SELECT c.C_CUSTKEY, c.C_NAME, COUNT(o.O_ORDERKEY)   AS order_count FROM   CUSTOMER c JOIN   ORDERS   o ON c.C_CUSTKEY = 
  ERR: 2013 (HY000): Lost connection to MySQL server during query

[2026-09-03 17:39:51.150819] two_table_joins_Q157
  SQL: SELECT c.C_CUSTKEY, c.C_NAME, SUM(o.O_TOTALPRICE)   AS total_revenue FROM   CUSTOMER c JOIN   ORDERS   o ON c.C_CUSTKEY 
  ERR: 2013 (HY000): Lost connection to MySQL server during query

[2026-09-03 17:39:51.150846] two_table_joins_Q158
  SQL: SELECT c.C_NATIONKEY, AVG(o.O_TOTALPRICE)   AS avg_order_value FROM   ORDERS   o JOIN   CUSTOMER c ON o.O_CUSTKEY = c.C_
  ERR: 2013 (HY000): Lost connection to MySQL server during query

[2026-09-03 17:39:51.150900] two_table_joins_Q159
  SQL: SELECT o.O_ORDERKEY, COUNT(l.L_LINENUMBER) AS line_count FROM   ORDERS  o JOIN   LINEITEM l ON o.O_ORDERKEY = l.L_ORDERK
  ERR: 2013 (HY000): Lost connection to MySQL server during query

[2026-09-03 17:39:51.150930] two_table_joins_Q160
  SQL: SELECT o.O_ORDERKEY, SUM(l.L_QUANTITY)     AS total_qty FROM   ORDERS  o JOIN   LINEITEM l ON o.O_ORDERKEY = l.L_ORDERKE
  ERR: 2013 (HY000): Lost connection to MySQL server during query

[2026-09-03 17:39:51.150961] two_table_joins_Q161
  SQL: SELECT p.P_PARTKEY, COUNT(ps.PS_SUPPKEY)  AS supplier_count FROM   PART     p JOIN   PARTSUPP ps ON p.P_PARTKEY = ps.PS_
  ERR: 2013 (HY000): Lost connection to MySQL server during query

[2026-09-03 17:39:51.150989] two_table_joins_Q162
  SQL: SELECT p.P_SIZE, AVG(ps.PS_SUPPLYCOST) AS avg_cost FROM   PART     p JOIN   PARTSUPP ps ON p.P_PARTKEY = ps.PS_PARTKEY G
  ERR: 2013 (HY000): Lost connection to MySQL server during query

[2026-09-03 17:39:51.151018] two_table_joins_Q163
  SQL: SELECT s.S_SUPPKEY, SUM(ps.PS_AVAILQTY)   AS total_qty FROM   SUPPLIER s JOIN   PARTSUPP ps ON s.S_SUPPKEY = ps.PS_SUPPK
  ERR: 2013 (HY000): Lost connection to MySQL server during query

[2026-09-03 17:39:51.151046] two_table_joins_Q164
  SQL: SELECT DISTINCT c.C_CUSTKEY, c.C_NAME FROM   CUSTOMER c JOIN   ORDERS   o ON c.C_CUSTKEY = o.O_CUSTKEY
  ERR: 2013 (HY000): Lost connection to MySQL server during query

[2026-09-03 17:39:51.151073] two_table_joins_Q165
  SQL: SELECT DISTINCT c.C_NATIONKEY FROM   ORDERS   o JOIN   CUSTOMER c ON o.O_CUSTKEY = c.C_CUSTKEY WHERE  o.O_TOTALPRICE > 5
  ERR: 2013 (HY000): Lost connection to MySQL server during query

[2026-09-03 17:39:51.151101] two_table_joins_Q166
  SQL: SELECT DISTINCT l.L_SHIPDATE FROM   ORDERS  o JOIN   LINEITEM l ON o.O_ORDERKEY = l.L_ORDERKEY WHERE  o.O_TOTALPRICE > 3
  ERR: 2013 (HY000): Lost connection to MySQL server during query

[2026-09-03 17:39:51.151128] two_table_joins_Q167
  SQL: SELECT DISTINCT p.P_TYPE FROM   PART     p JOIN   PARTSUPP ps ON p.P_PARTKEY = ps.PS_PARTKEY WHERE  ps.PS_SUPPLYCOST > 6
  ERR: 2013 (HY000): Lost connection to MySQL server during query

[2026-09-03 17:39:51.151155] two_table_joins_Q168
  SQL: SELECT DISTINCT s.S_NATIONKEY FROM   SUPPLIER s JOIN   PARTSUPP ps ON s.S_SUPPKEY = ps.PS_SUPPKEY WHERE  ps.PS_AVAILQTY 
  ERR: 2013 (HY000): Lost connection to MySQL server during query

[2026-09-03 17:39:51.151181] two_table_joins_Q169
  SQL: SELECT DISTINCT o.O_ORDERKEY FROM   ORDERS  o JOIN   LINEITEM l ON o.O_ORDERKEY = l.L_ORDERKEY WHERE  l.L_DISCOUNT > 0.0
  ERR: 2013 (HY000): Lost connection to MySQL server during query

[2026-09-03 17:39:51.151325] two_table_joins_Q170
  SQL: SELECT o.O_ORDERKEY, c.C_NAME, o.O_TOTALPRICE FROM   ORDERS   o JOIN   CUSTOMER c ON o.O_CUSTKEY = c.C_CUSTKEY ORDER BY 
  ERR: 2013 (HY000): Lost connection to MySQL server during query

[2026-09-03 17:39:51.151354] two_table_joins_Q171
  SQL: SELECT c.C_NAME, c.C_ACCTBAL, COUNT(o.O_ORDERKEY) AS order_count FROM   CUSTOMER c JOIN   ORDERS   o ON c.C_CUSTKEY = o.
  ERR: 2013 (HY000): Lost connection to MySQL server during query

[2026-09-03 17:39:51.151382] two_table_joins_Q172
  SQL: SELECT o.O_ORDERKEY, c.C_NAME, o.O_ORDERDATE FROM   ORDERS   o JOIN   CUSTOMER c ON o.O_CUSTKEY = c.C_CUSTKEY ORDER BY o
  ERR: 2013 (HY000): Lost connection to MySQL server during query

[2026-09-03 17:39:51.151409] two_table_joins_Q173
  SQL: SELECT o.O_ORDERKEY, SUM(l.L_QUANTITY)    AS total_qty FROM   ORDERS  o JOIN   LINEITEM l ON o.O_ORDERKEY = l.L_ORDERKEY
  ERR: 2013 (HY000): Lost connection to MySQL server during query

[2026-09-03 17:39:51.151456] two_table_joins_Q174
  SQL: SELECT o.O_ORDERKEY, l.L_LINENUMBER, l.L_EXTENDEDPRICE FROM   ORDERS  o JOIN   LINEITEM l ON o.O_ORDERKEY = l.L_ORDERKEY
  ERR: 2013 (HY000): Lost connection to MySQL server during query

[2026-09-03 17:39:51.151484] two_table_joins_Q175
  SQL: SELECT p.P_PARTKEY, p.P_NAME, SUM(ps.PS_AVAILQTY)  AS total_qty FROM   PART     p JOIN   PARTSUPP ps ON p.P_PARTKEY = ps
  ERR: 2013 (HY000): Lost connection to MySQL server during query

[2026-09-03 17:39:51.151513] two_table_joins_Q176
  SQL: SELECT s.S_SUPPKEY, s.S_NAME, AVG(ps.PS_SUPPLYCOST) AS avg_cost FROM   SUPPLIER s JOIN   PARTSUPP ps ON s.S_SUPPKEY = ps
  ERR: 2013 (HY000): Lost connection to MySQL server during query

[2026-09-03 17:39:51.151541] two_table_joins_Q177
  SQL: SELECT s.S_NAME, ps.PS_PARTKEY, ps.PS_SUPPLYCOST FROM   SUPPLIER s JOIN   PARTSUPP ps ON s.S_SUPPKEY = ps.PS_SUPPKEY ORD
  ERR: 2013 (HY000): Lost connection to MySQL server during query

[2026-09-03 17:39:51.151572] two_table_joins_Q178
  SQL: SELECT c.C_CUSTKEY, c.C_NAME FROM   CUSTOMER c WHERE  EXISTS ( SELECT 1 FROM   ORDERS o WHERE  o.O_CUSTKEY = c.C_CUSTKEY
  ERR: 2013 (HY000): Lost connection to MySQL server during query

[2026-09-03 17:39:51.151602] two_table_joins_Q179
  SQL: SELECT c.C_CUSTKEY, c.C_NAME FROM   CUSTOMER c WHERE  EXISTS ( SELECT 1 FROM   ORDERS o WHERE  o.O_CUSTKEY    = c.C_CUST
  ERR: 2013 (HY000): Lost connection to MySQL server during query

[2026-09-03 17:39:51.151634] two_table_joins_Q180
  SQL: SELECT c.C_CUSTKEY, c.C_NAME FROM   CUSTOMER c WHERE  NOT EXISTS ( SELECT 1 FROM   ORDERS o WHERE  o.O_CUSTKEY  = c.C_CU
  ERR: 2013 (HY000): Lost connection to MySQL server during query

[2026-09-03 17:39:51.151664] two_table_joins_Q181
  SQL: SELECT o.O_ORDERKEY, o.O_TOTALPRICE FROM   ORDERS o WHERE  o.O_CUSTKEY IN ( SELECT c.C_CUSTKEY FROM   CUSTOMER c WHERE  
  ERR: 2013 (HY000): Lost connection to MySQL server during query

[2026-09-03 17:39:51.151694] two_table_joins_Q182
  SQL: SELECT o.O_ORDERKEY, o.O_TOTALPRICE FROM   ORDERS o WHERE  EXISTS ( SELECT 1 FROM   LINEITEM l WHERE  l.L_ORDERKEY = o.O
  ERR: 2013 (HY000): Lost connection to MySQL server during query

[2026-09-03 17:39:51.151724] two_table_joins_Q183
  SQL: SELECT o.O_ORDERKEY, o.O_TOTALPRICE FROM   ORDERS o WHERE  NOT EXISTS ( SELECT 1 FROM   LINEITEM l WHERE  l.L_ORDERKEY =
  ERR: 2013 (HY000): Lost connection to MySQL server during query

[2026-09-03 17:39:51.151754] two_table_joins_Q184
  SQL: SELECT p.P_PARTKEY, p.P_NAME FROM   PART p WHERE  p.P_PARTKEY IN ( SELECT ps.PS_PARTKEY FROM   PARTSUPP ps JOIN   SUPPLI
  ERR: 2013 (HY000): Lost connection to MySQL server during query

[2026-09-03 17:39:51.151785] two_table_joins_Q185
  SQL: SELECT s.S_SUPPKEY, s.S_NAME FROM   SUPPLIER s WHERE  EXISTS ( SELECT 1 FROM   PARTSUPP ps JOIN   PART     p  ON ps.PS_P
  ERR: 2013 (HY000): Lost connection to MySQL server during query

[2026-09-03 17:39:51.151816] two_table_joins_Q186
  SQL: SELECT c.C_NATIONKEY, COUNT(o.O_ORDERKEY)   AS order_count, SUM(o.O_TOTALPRICE)   AS total_revenue, AVG(o.O_TOTALPRICE) 
  ERR: 2013 (HY000): Lost connection to MySQL server during query

[2026-09-03 17:39:51.151847] two_table_joins_Q187
  SQL: SELECT c.C_NATIONKEY, YEAR(o.O_ORDERDATE)   AS order_year, COUNT(o.O_ORDERKEY)   AS order_count FROM   ORDERS   o JOIN  
  ERR: 2013 (HY000): Lost connection to MySQL server during query

[2026-09-03 17:39:51.151878] two_table_joins_Q188
  SQL: SELECT YEAR(l.L_SHIPDATE)           AS ship_year, SUM(l.L_EXTENDEDPRICE FROM   ORDERS  o JOIN   LINEITEM l ON o.O_ORDERK
  ERR: 2013 (HY000): Lost connection to MySQL server during query

[2026-09-03 17:39:51.151916] two_table_joins_Q189
  SQL: SELECT o.O_ORDERKEY, o.O_TOTALPRICE, COUNT(l.L_LINENUMBER) AS line_count FROM   ORDERS  o JOIN   LINEITEM l ON o.O_ORDER
  ERR: 2013 (HY000): Lost connection to MySQL server during query

[2026-09-03 17:39:51.151945] two_table_joins_Q190
  SQL: SELECT p.P_BRAND, MAX(ps.PS_SUPPLYCOST) - MIN(ps.PS_SUPPLYCOST) AS cost_spread, COUNT(ps.PS_SUPPKEY)                    
  ERR: 2013 (HY000): Lost connection to MySQL server during query

[2026-09-03 17:39:51.151973] two_table_joins_Q191
  SQL: SELECT s.S_SUPPKEY, s.S_NAME, COUNT(DISTINCT p.P_SIZE) AS distinct_sizes FROM   SUPPLIER s JOIN   PARTSUPP ps ON s.S_SUP
  ERR: 2013 (HY000): Lost connection to MySQL server during query

[2026-09-03 17:39:51.152001] two_table_joins_Q192
  SQL: SELECT c.C_NATIONKEY, AVG(c.C_ACCTBAL)      AS avg_balance, COUNT(DISTINCT c.C_CUSTKEY) AS customer_count FROM   CUSTOME
  ERR: 2013 (HY000): Lost connection to MySQL server during query

[2026-09-03 17:39:51.152028] two_table_joins_Q193
  SQL: SELECT YEAR(l.L_SHIPDATE)    AS ship_year, COUNT(l.L_LINENUMBER) AS discounted_lines, AVG(o.O_TOTALPRICE)   AS avg_order
  ERR: 2013 (HY000): Lost connection to MySQL server during query

[2026-09-03 17:39:51.152057] two_table_joins_Q194
  SQL: SELECT p.P_PARTKEY, p.P_NAME, SUM(ps.PS_AVAILQTY * ps.PS_SUPPLYCOST) AS stock_value FROM   PART     p JOIN   PARTSUPP ps
  ERR: 2013 (HY000): Lost connection to MySQL server during query

[2026-09-03 17:39:51.152084] two_table_joins_Q195
  SQL: SELECT c.C_CUSTKEY, c.C_NAME, COUNT(DISTINCT o.O_ORDERSTATUS) AS status_count FROM   CUSTOMER c JOIN   ORDERS   o ON c.C
  ERR: 2013 (HY000): Lost connection to MySQL server during query

[2026-09-03 17:39:51.152115] two_table_joins_Q196
  SQL: SELECT o.O_ORDERKEY, o.O_TOTALPRICE FROM   ORDERS o WHERE  EXISTS ( SELECT 1 FROM LINEITEM l WHERE l.L_ORDERKEY = o.O_OR
  ERR: 2013 (HY000): Lost connection to MySQL server during query

[2026-09-03 17:39:51.152145] two_table_joins_Q197
  SQL: SELECT p.P_PARTKEY, p.P_NAME FROM   PART p WHERE  p.P_PARTKEY NOT IN ( SELECT ps.PS_PARTKEY FROM   PARTSUPP ps JOIN   SU
  ERR: 2013 (HY000): Lost connection to MySQL server during query

[2026-09-03 17:39:51.152179] two_table_joins_Q198
  SQL: SELECT o.O_ORDERKEY, o.O_ORDERDATE, o.O_TOTALPRICE, c.C_ACCTBAL FROM   ORDERS   o JOIN   CUSTOMER c ON o.O_CUSTKEY = c.C
  ERR: 2013 (HY000): Lost connection to MySQL server during query

[2026-09-03 17:39:51.152211] two_table_joins_Q199
  SQL: SELECT YEAR(l.L_SHIPDATE)    AS ship_year, MONTH(l.L_SHIPDATE)   AS ship_month, COUNT(l.L_LINENUMBER) AS total_lines, SU
  ERR: 2013 (HY000): Lost connection to MySQL server during query

[2026-09-03 17:39:51.152249] two_table_joins_Q200
  SQL: SELECT s.S_SUPPKEY, s.S_NAME, s.S_NATIONKEY, AVG(ps.PS_SUPPLYCOST) AS avg_cost, SUM(ps.PS_AVAILQTY)   AS total_stock FRO
  ERR: 2013 (HY000): Lost connection to MySQL server during query

[2026-09-03 17:39:51.155044] three_table_joins_Q001
  SQL: SELECT o.O_ORDERKEY, c.C_NAME, n.N_NAME        AS nation FROM   ORDERS   o JOIN   CUSTOMER c ON o.O_CUSTKEY    = c.C_CUS
  ERR: 2013 (HY000): Lost connection to MySQL server during query

[2026-09-03 17:39:51.155081] three_table_joins_Q002
  SQL: SELECT o.O_ORDERKEY, c.C_NAME, o.O_TOTALPRICE FROM   ORDERS   o JOIN   CUSTOMER c ON o.O_CUSTKEY    = c.C_CUSTKEY JOIN  
  ERR: 2013 (HY000): Lost connection to MySQL server during query

[2026-09-03 17:39:51.155113] three_table_joins_Q003
  SQL: SELECT o.O_ORDERKEY, c.C_NAME, n.N_NAME        AS nation FROM   ORDERS   o JOIN   CUSTOMER c ON o.O_CUSTKEY    = c.C_CUS
  ERR: 2013 (HY000): Lost connection to MySQL server during query

[2026-09-03 17:39:51.155144] three_table_joins_Q004
  SQL: SELECT o.O_ORDERKEY, c.C_NAME, n.N_NAME        AS nation FROM   ORDERS   o JOIN   CUSTOMER c ON o.O_CUSTKEY    = c.C_CUS
  ERR: 2013 (HY000): Lost connection to MySQL server during query

[2026-09-03 17:39:51.155186] three_table_joins_Q005
  SQL: SELECT o.O_ORDERKEY, c.C_NAME, n.N_NAME        AS nation FROM   ORDERS   o JOIN   CUSTOMER c ON o.O_CUSTKEY    = c.C_CUS
  ERR: 2013 (HY000): Lost connection to MySQL server during query

[2026-09-03 17:39:51.155238] three_table_joins_Q006
  SQL: SELECT o.O_ORDERKEY, c.C_NAME, o.O_TOTALPRICE FROM   ORDERS   o JOIN   CUSTOMER c ON o.O_CUSTKEY    = c.C_CUSTKEY JOIN  
  ERR: 2013 (HY000): Lost connection to MySQL server during query

[2026-09-03 17:39:51.155295] three_table_joins_Q007
  SQL: SELECT o.O_ORDERKEY, c.C_NAME, c.C_ACCTBAL FROM   ORDERS   o JOIN   CUSTOMER c ON o.O_CUSTKEY    = c.C_CUSTKEY JOIN   NA
  ERR: 2013 (HY000): Lost connection to MySQL server during query

[2026-09-03 17:39:51.155612] three_table_joins_Q008
  SQL: SELECT o.O_ORDERKEY, c.C_NAME, n.N_NAME        AS nation, o.O_TOTALPRICE FROM   ORDERS   o JOIN   CUSTOMER c ON o.O_CUST
  ERR: 2013 (HY000): Lost connection to MySQL server during query

[2026-09-03 17:39:51.155673] three_table_joins_Q009
  SQL: SELECT n.N_NAME        AS nation, COUNT(o.O_ORDERKEY)  AS order_count, SUM(o.O_TOTALPRICE)  AS total_revenue FROM   ORDE
  ERR: 2013 (HY000): Lost connection to MySQL server during query

[2026-09-03 17:39:51.155719] three_table_joins_Q010
  SQL: SELECT n.N_NAME        AS nation, COUNT(o.O_ORDERKEY)  AS order_count FROM   ORDERS   o JOIN   CUSTOMER c ON o.O_CUSTKEY
  ERR: 2013 (HY000): Lost connection to MySQL server during query

[2026-09-03 17:39:51.155753] three_table_joins_Q011
  SQL: SELECT o.O_ORDERKEY, c.C_NAME, n.N_NAME        AS nation, r.R_NAME        AS region FROM   ORDERS   o JOIN   CUSTOMER c 
  ERR: 2013 (HY000): Lost connection to MySQL server during query

[2026-09-03 17:39:51.155786] three_table_joins_Q012
  SQL: SELECT o.O_ORDERKEY, c.C_NAME, n.N_NAME        AS nation FROM   ORDERS   o JOIN   CUSTOMER c ON o.O_CUSTKEY    = c.C_CUS
  ERR: 2013 (HY000): Lost connection to MySQL server during query

[2026-09-03 17:39:51.155819] three_table_joins_Q013
  SQL: SELECT o.O_ORDERKEY, c.C_NAME, o.O_TOTALPRICE FROM   ORDERS   o JOIN   CUSTOMER c ON o.O_CUSTKEY    = c.C_CUSTKEY JOIN  
  ERR: 2013 (HY000): Lost connection to MySQL server during query

[2026-09-03 17:39:51.155851] three_table_joins_Q014
  SQL: SELECT r.R_NAME        AS region, SUM(o.O_TOTALPRICE)  AS total_revenue, COUNT(o.O_ORDERKEY)  AS order_count FROM   ORDE
  ERR: 2013 (HY000): Lost connection to MySQL server during query

[2026-09-03 17:39:51.155882] three_table_joins_Q015
  SQL: SELECT r.R_NAME        AS region, n.N_NAME        AS nation, SUM(o.O_TOTALPRICE)  AS total_revenue FROM   ORDERS   o JOI
  ERR: 2013 (HY000): Lost connection to MySQL server during query

[2026-09-03 17:39:51.155913] three_table_joins_Q016
  SQL: SELECT r.R_NAME        AS region, AVG(o.O_TOTALPRICE)  AS avg_order_value FROM   ORDERS   o JOIN   CUSTOMER c ON o.O_CUS
  ERR: 2013 (HY000): Lost connection to MySQL server during query

[2026-09-03 17:39:51.155944] three_table_joins_Q017
  SQL: SELECT r.R_NAME        AS region, c.C_NAME, SUM(o.O_TOTALPRICE)  AS total_spent FROM   ORDERS   o JOIN   CUSTOMER c ON o
  ERR: 2013 (HY000): Lost connection to MySQL server during query

[2026-09-03 17:39:51.155976] three_table_joins_Q018
  SQL: SELECT r.R_NAME        AS region, SUM(o.O_TOTALPRICE)  AS revenue FROM   ORDERS   o JOIN   CUSTOMER c ON o.O_CUSTKEY    
  ERR: 2013 (HY000): Lost connection to MySQL server during query

[2026-09-03 17:39:51.156007] three_table_joins_Q019
  SQL: SELECT r.R_NAME        AS region, SUM(o.O_TOTALPRICE)  AS total_revenue FROM   ORDERS   o JOIN   CUSTOMER c ON o.O_CUSTK
  ERR: 2013 (HY000): Lost connection to MySQL server during query

[2026-09-03 17:39:51.156036] three_table_joins_Q020
  SQL: SELECT DISTINCT r.R_NAME   AS region, n.N_NAME             AS nation FROM   CUSTOMER c JOIN   NATION   n ON c.C_NATIONKE
  ERR: 2013 (HY000): Lost connection to MySQL server during query

[2026-09-03 17:39:51.156064] three_table_joins_Q021
  SQL: SELECT o.O_ORDERKEY, p.P_NAME, l.L_QUANTITY FROM   ORDERS  o JOIN   LINEITEM l ON o.O_ORDERKEY = l.L_ORDERKEY JOIN   PAR
  ERR: 2013 (HY000): Lost connection to MySQL server during query

[2026-09-03 17:39:51.156093] three_table_joins_Q022
  SQL: SELECT o.O_ORDERKEY, p.P_NAME, l.L_QUANTITY FROM   ORDERS  o JOIN   LINEITEM l ON o.O_ORDERKEY = l.L_ORDERKEY JOIN   PAR
  ERR: 2013 (HY000): Lost connection to MySQL server during query

[2026-09-03 17:39:51.156122] three_table_joins_Q023
  SQL: SELECT o.O_ORDERKEY, p.P_TYPE, l.L_EXTENDEDPRICE FROM   ORDERS  o JOIN   LINEITEM l ON o.O_ORDERKEY = l.L_ORDERKEY JOIN 
  ERR: 2013 (HY000): Lost connection to MySQL server during query

[2026-09-03 17:39:51.156156] three_table_joins_Q024
  SQL: SELECT o.O_ORDERKEY, p.P_NAME, l.L_QUANTITY FROM   ORDERS  o JOIN   LINEITEM l ON o.O_ORDERKEY = l.L_ORDERKEY JOIN   PAR
  ERR: 2013 (HY000): Lost connection to MySQL server during query

[2026-09-03 17:39:51.156184] three_table_joins_Q025
  SQL: SELECT o.O_ORDERKEY, p.P_RETAILPRICE, l.L_SHIPDATE FROM   ORDERS  o JOIN   LINEITEM l ON o.O_ORDERKEY = l.L_ORDERKEY JOI
  ERR: 2013 (HY000): Lost connection to MySQL server during query

[2026-09-03 17:39:51.156255] three_table_joins_Q026
  SQL: SELECT p.P_BRAND, SUM(l.L_EXTENDEDPRICE * (1 - l.L_DISCOUNT)) AS revenue FROM   ORDERS  o JOIN   LINEITEM l ON o.O_ORDER
  ERR: 2013 (HY000): Lost connection to MySQL server during query

[2026-09-03 17:39:51.156322] three_table_joins_Q027
  SQL: SELECT p.P_TYPE, AVG(l.L_QUANTITY)    AS avg_quantity, COUNT(l.L_LINENUMBER) AS line_count FROM   ORDERS  o JOIN   LINEI
  ERR: 2013 (HY000): Lost connection to MySQL server during query

[2026-09-03 17:39:51.156354] three_table_joins_Q028
  SQL: SELECT p.P_PARTKEY, p.P_NAME, SUM(l.L_QUANTITY)    AS total_qty FROM   ORDERS  o JOIN   LINEITEM l ON o.O_ORDERKEY = l.L
  ERR: 2013 (HY000): Lost connection to MySQL server during query

[2026-09-03 17:39:51.156392] three_table_joins_Q029
  SQL: SELECT o.O_ORDERKEY, o.O_TOTALPRICE, MAX(p.P_RETAILPRICE) AS max_part_price FROM   ORDERS  o JOIN   LINEITEM l ON o.O_OR
  ERR: 2013 (HY000): Lost connection to MySQL server during query

[2026-09-03 17:39:51.156422] three_table_joins_Q030
  SQL: SELECT DISTINCT p.P_BRAND FROM   ORDERS  o JOIN   LINEITEM l ON o.O_ORDERKEY = l.L_ORDERKEY JOIN   PART    p  ON l.L_PAR
  ERR: 2013 (HY000): Lost connection to MySQL server during query

[2026-09-03 17:39:51.156456] three_table_joins_Q031
  SQL: SELECT o.O_ORDERKEY, s.S_NAME, l.L_QUANTITY FROM   ORDERS   o JOIN   LINEITEM l ON o.O_ORDERKEY = l.L_ORDERKEY JOIN   SU
  ERR: 2013 (HY000): Lost connection to MySQL server during query

[2026-09-03 17:39:51.156486] three_table_joins_Q032
  SQL: SELECT o.O_ORDERKEY, s.S_NAME, l.L_EXTENDEDPRICE FROM   ORDERS   o JOIN   LINEITEM l ON o.O_ORDERKEY = l.L_ORDERKEY JOIN
  ERR: 2013 (HY000): Lost connection to MySQL server during query

[2026-09-03 17:39:51.156514] three_table_joins_Q033
  SQL: SELECT o.O_ORDERKEY, s.S_NAME, l.L_QUANTITY FROM   ORDERS   o JOIN   LINEITEM l ON o.O_ORDERKEY = l.L_ORDERKEY JOIN   SU
  ERR: 2013 (HY000): Lost connection to MySQL server during query

[2026-09-03 17:39:51.156547] three_table_joins_Q034
  SQL: SELECT o.O_ORDERKEY, s.S_NAME, l.L_DISCOUNT FROM   ORDERS   o JOIN   LINEITEM l ON o.O_ORDERKEY = l.L_ORDERKEY JOIN   SU
  ERR: 2013 (HY000): Lost connection to MySQL server during query

[2026-09-03 17:39:51.156577] three_table_joins_Q035
  SQL: SELECT s.S_SUPPKEY, s.S_NAME, SUM(l.L_EXTENDEDPRICE * (1 - l.L_DISCOUNT)) AS revenue FROM   ORDERS   o JOIN   LINEITEM l
  ERR: 2013 (HY000): Lost connection to MySQL server during query

[2026-09-03 17:39:51.156612] three_table_joins_Q036
  SQL: SELECT s.S_SUPPKEY, s.S_NAME, SUM(l.L_EXTENDEDPRICE * (1 - l.L_DISCOUNT)) AS revenue FROM   ORDERS   o JOIN   LINEITEM l
  ERR: 2013 (HY000): Lost connection to MySQL server during query

[2026-09-03 17:39:51.156643] three_table_joins_Q037
  SQL: SELECT s.S_NATIONKEY, AVG(l.L_DISCOUNT)    AS avg_discount FROM   ORDERS   o JOIN   LINEITEM l ON o.O_ORDERKEY = l.L_ORD
  ERR: 2013 (HY000): Lost connection to MySQL server during query

[2026-09-03 17:39:51.156673] three_table_joins_Q038
  SQL: SELECT s.S_SUPPKEY, s.S_NAME, SUM(l.L_QUANTITY)    AS total_qty FROM   ORDERS   o JOIN   LINEITEM l ON o.O_ORDERKEY = l.
  ERR: 2013 (HY000): Lost connection to MySQL server during query

[2026-09-03 17:39:51.156732] three_table_joins_Q039
  SQL: SELECT o.O_ORDERKEY, s.S_NAME, l.L_SHIPDATE FROM   ORDERS   o JOIN   LINEITEM l ON o.O_ORDERKEY = l.L_ORDERKEY JOIN   SU
  ERR: 2013 (HY000): Lost connection to MySQL server during query

[2026-09-03 17:39:51.156773] three_table_joins_Q040
  SQL: SELECT DISTINCT s.S_SUPPKEY, s.S_NAME FROM   ORDERS   o JOIN   LINEITEM l ON o.O_ORDERKEY = l.L_ORDERKEY JOIN   SUPPLIER
  ERR: 2013 (HY000): Lost connection to MySQL server during query

[2026-09-03 17:39:51.156846] three_table_joins_Q041
  SQL: SELECT l.L_ORDERKEY, p.P_NAME, ps.PS_SUPPLYCOST FROM   LINEITEM l JOIN   PART     p  ON l.L_PARTKEY  = p.P_PARTKEY JOIN 
  ERR: 2013 (HY000): Lost connection to MySQL server during query

[2026-09-03 17:39:51.156895] three_table_joins_Q042
  SQL: SELECT l.L_ORDERKEY, p.P_NAME, ps.PS_SUPPLYCOST, l.L_EXTENDEDPRICE FROM   LINEITEM l JOIN   PART     p  ON l.L_PARTKEY  
  ERR: 2013 (HY000): Lost connection to MySQL server during query

[2026-09-03 17:39:51.156927] three_table_joins_Q043
  SQL: SELECT l.L_ORDERKEY, p.P_NAME, ps.PS_SUPPLYCOST FROM   LINEITEM l JOIN   PART     p  ON l.L_PARTKEY  = p.P_PARTKEY JOIN 
  ERR: 2013 (HY000): Lost connection to MySQL server during query

[2026-09-03 17:39:51.156960] three_table_joins_Q044
  SQL: SELECT p.P_PARTKEY, p.P_NAME, SUM(l.L_EXTENDEDPRICE - ps.PS_SUPPLYCOST) AS total_margin FROM   LINEITEM l JOIN   PART   
  ERR: 2013 (HY000): Lost connection to MySQL server during query

[2026-09-03 17:39:51.156997] three_table_joins_Q045
  SQL: SELECT p.P_BRAND, AVG(l.L_EXTENDEDPRICE - ps.PS_SUPPLYCOST) AS avg_margin FROM   LINEITEM l JOIN   PART     p  ON l.L_PA
  ERR: 2013 (HY000): Lost connection to MySQL server during query

[2026-09-03 17:39:51.157030] three_table_joins_Q046
  SQL: SELECT p.P_PARTKEY, p.P_SIZE, ps.PS_SUPPLYCOST FROM   PART     p JOIN   PARTSUPP ps ON p.P_PARTKEY = ps.PS_PARTKEY JOIN 
  ERR: 2013 (HY000): Lost connection to MySQL server during query

[2026-09-03 17:39:51.157062] three_table_joins_Q047
  SQL: SELECT p.P_TYPE, COUNT(l.L_LINENUMBER) AS line_count, AVG(ps.PS_SUPPLYCOST) AS avg_supply_cost FROM   LINEITEM l JOIN   
  ERR: 2013 (HY000): Lost connection to MySQL server during query

[2026-09-03 17:39:51.157095] three_table_joins_Q048
  SQL: SELECT p.P_BRAND, AVG(l.L_EXTENDEDPRICE - ps.PS_SUPPLYCOST) AS avg_margin FROM   LINEITEM l JOIN   PART     p  ON l.L_PA
  ERR: 2013 (HY000): Lost connection to MySQL server during query

[2026-09-03 17:39:51.157128] three_table_joins_Q049
  SQL: SELECT l.L_ORDERKEY, p.P_NAME, l.L_EXTENDEDPRICE - ps.PS_SUPPLYCOST AS margin FROM   LINEITEM l JOIN   PART     p  ON l.
  ERR: 2013 (HY000): Lost connection to MySQL server during query

[2026-09-03 17:39:51.157160] three_table_joins_Q050
  SQL: SELECT DISTINCT p.P_TYPE, p.P_BRAND FROM   LINEITEM l JOIN   PART     p  ON l.L_PARTKEY  = p.P_PARTKEY JOIN   PARTSUPP p
  ERR: 2013 (HY000): Lost connection to MySQL server during query

[2026-09-03 17:39:51.157191] three_table_joins_Q051
  SQL: SELECT l.L_ORDERKEY, p.P_NAME, s.S_NAME, ps.PS_SUPPLYCOST FROM   LINEITEM l JOIN   PART     p  ON l.L_PARTKEY  = p.P_PAR
  ERR: 2013 (HY000): Lost connection to MySQL server during query

[2026-09-03 17:39:51.157222] three_table_joins_Q052
  SQL: SELECT l.L_ORDERKEY, p.P_NAME, s.S_NAME FROM   LINEITEM l JOIN   PART     p  ON l.L_PARTKEY  = p.P_PARTKEY JOIN   SUPPLI
  ERR: 2013 (HY000): Lost connection to MySQL server during query

[2026-09-03 17:39:51.157253] three_table_joins_Q053
  SQL: SELECT s.S_NAME, p.P_TYPE, SUM(l.L_EXTENDEDPRICE * (1 - l.L_DISCOUNT)) AS revenue FROM   LINEITEM l JOIN   PART     p  O
  ERR: 2013 (HY000): Lost connection to MySQL server during query

[2026-09-03 17:39:51.157284] three_table_joins_Q054
  SQL: SELECT s.S_SUPPKEY, s.S_NAME, SUM(l.L_EXTENDEDPRICE - ps.PS_SUPPLYCOST) AS total_margin FROM   LINEITEM l JOIN   PART   
  ERR: 2013 (HY000): Lost connection to MySQL server during query

[2026-09-03 17:39:51.157316] three_table_joins_Q055
  SQL: SELECT l.L_ORDERKEY, p.P_NAME, s.S_NAME, l.L_QUANTITY FROM   LINEITEM l JOIN   PART     p  ON l.L_PARTKEY  = p.P_PARTKEY
  ERR: 2013 (HY000): Lost connection to MySQL server during query

[2026-09-03 17:39:51.157347] three_table_joins_Q056
  SQL: SELECT p.P_BRAND, s.S_NATIONKEY, AVG(ps.PS_SUPPLYCOST) AS avg_cost FROM   LINEITEM l JOIN   PART     p  ON l.L_PARTKEY  
  ERR: 2013 (HY000): Lost connection to MySQL server during query

[2026-09-03 17:39:51.157379] three_table_joins_Q057
  SQL: SELECT s.S_SUPPKEY, s.S_NAME, AVG(l.L_EXTENDEDPRICE - ps.PS_SUPPLYCOST) AS avg_margin FROM   LINEITEM l JOIN   PART     
  ERR: 2013 (HY000): Lost connection to MySQL server during query

[2026-09-03 17:39:51.157411] three_table_joins_Q058
  SQL: SELECT p.P_NAME, s.S_NAME, SUM(l.L_EXTENDEDPRICE * (1 - l.L_DISCOUNT)) AS revenue FROM   LINEITEM l JOIN   PART     p  O
  ERR: 2013 (HY000): Lost connection to MySQL server during query

[2026-09-03 17:39:51.157443] three_table_joins_Q059
  SQL: SELECT DISTINCT p.P_BRAND, s.S_NATIONKEY FROM   LINEITEM l JOIN   PART     p  ON l.L_PARTKEY  = p.P_PARTKEY JOIN   SUPPL
  ERR: 2013 (HY000): Lost connection to MySQL server during query

[2026-09-03 17:39:51.157475] three_table_joins_Q060
  SQL: SELECT p.P_BRAND, s.S_NATIONKEY, COUNT(DISTINCT l.L_ORDERKEY) AS order_count FROM   LINEITEM l JOIN   PART     p  ON l.L
  ERR: 2013 (HY000): Lost connection to MySQL server during query

[2026-09-03 17:39:51.157507] three_table_joins_Q061
  SQL: SELECT o.O_ORDERKEY, c.C_NAME, l.L_QUANTITY FROM   ORDERS   o JOIN   CUSTOMER c ON o.O_CUSTKEY  = c.C_CUSTKEY JOIN   LIN
  ERR: 2013 (HY000): Lost connection to MySQL server during query

[2026-09-03 17:39:51.157538] three_table_joins_Q062
  SQL: SELECT o.O_ORDERKEY, c.C_NAME, l.L_QUANTITY FROM   ORDERS   o JOIN   CUSTOMER c ON o.O_CUSTKEY  = c.C_CUSTKEY JOIN   LIN
  ERR: 2013 (HY000): Lost connection to MySQL server during query

[2026-09-03 17:39:51.157569] three_table_joins_Q063
  SQL: SELECT o.O_ORDERKEY, c.C_NAME, l.L_DISCOUNT FROM   ORDERS   o JOIN   CUSTOMER c ON o.O_CUSTKEY  = c.C_CUSTKEY JOIN   LIN
  ERR: 2013 (HY000): Lost connection to MySQL server during query

[2026-09-03 17:39:51.157600] three_table_joins_Q064
  SQL: SELECT c.C_CUSTKEY, c.C_NAME, SUM(l.L_EXTENDEDPRICE * (1 - l.L_DISCOUNT)) AS total_spend FROM   ORDERS   o JOIN   CUSTOM
  ERR: 2013 (HY000): Lost connection to MySQL server during query

[2026-09-03 17:39:51.157644] three_table_joins_Q065
  SQL: SELECT c.C_CUSTKEY, c.C_NAME, SUM(l.L_EXTENDEDPRICE * (1 - l.L_DISCOUNT)) AS total_spend FROM   ORDERS   o JOIN   CUSTOM
  ERR: 2013 (HY000): Lost connection to MySQL server during query

[2026-09-03 17:39:51.157675] three_table_joins_Q066
  SQL: SELECT c.C_NATIONKEY, AVG(l.L_QUANTITY)    AS avg_quantity FROM   ORDERS   o JOIN   CUSTOMER c ON o.O_CUSTKEY  = c.C_CUS
  ERR: 2013 (HY000): Lost connection to MySQL server during query

[2026-09-03 17:39:51.157706] three_table_joins_Q067
  SQL: SELECT c.C_CUSTKEY, c.C_NAME, COUNT(l.L_LINENUMBER) AS total_lines FROM   ORDERS   o JOIN   CUSTOMER c ON o.O_CUSTKEY  =
  ERR: 2013 (HY000): Lost connection to MySQL server during query

[2026-09-03 17:39:51.157737] three_table_joins_Q068
  SQL: SELECT c.C_NATIONKEY, YEAR(o.O_ORDERDATE)  AS order_year, SUM(l.L_EXTENDEDPRICE * (1 - l.L_DISCOUNT)) AS revenue FROM   
  ERR: 2013 (HY000): Lost connection to MySQL server during query

[2026-09-03 17:39:51.157768] three_table_joins_Q069
  SQL: SELECT o.O_ORDERKEY, c.C_NAME, l.L_DISCOUNT, l.L_EXTENDEDPRICE FROM   ORDERS   o JOIN   CUSTOMER c ON o.O_CUSTKEY  = c.C
  ERR: 2013 (HY000): Lost connection to MySQL server during query

[2026-09-03 17:39:51.157798] three_table_joins_Q070
  SQL: SELECT DISTINCT c.C_NATIONKEY FROM   ORDERS   o JOIN   CUSTOMER c ON o.O_CUSTKEY  = c.C_CUSTKEY JOIN   LINEITEM l ON o.O
  ERR: 2013 (HY000): Lost connection to MySQL server during query

[2026-09-03 17:39:51.157828] three_table_joins_Q071
  SQL: SELECT s.S_SUPPKEY, s.S_NAME, n.N_NAME        AS nation, r.R_NAME        AS region FROM   SUPPLIER s JOIN   NATION   n O
  ERR: 2013 (HY000): Lost connection to MySQL server during query

[2026-09-03 17:39:51.157858] three_table_joins_Q072
  SQL: SELECT s.S_SUPPKEY, s.S_NAME, n.N_NAME        AS nation FROM   SUPPLIER s JOIN   NATION   n ON s.S_NATIONKEY = n.N_NATIO
  ERR: 2013 (HY000): Lost connection to MySQL server during query

[2026-09-03 17:39:51.157888] three_table_joins_Q073
  SQL: SELECT s.S_SUPPKEY, s.S_NAME, s.S_ACCTBAL FROM   SUPPLIER s JOIN   NATION   n ON s.S_NATIONKEY = n.N_NATIONKEY JOIN   RE
  ERR: 2013 (HY000): Lost connection to MySQL server during query

[2026-09-03 17:39:51.157918] three_table_joins_Q074
  SQL: SELECT r.R_NAME        AS region, COUNT(s.S_SUPPKEY) AS supplier_count FROM   SUPPLIER s JOIN   NATION   n ON s.S_NATION
  ERR: 2013 (HY000): Lost connection to MySQL server during query

[2026-09-03 17:39:51.157948] three_table_joins_Q075
  SQL: SELECT n.N_NAME        AS nation, AVG(s.S_ACCTBAL) AS avg_balance, COUNT(s.S_SUPPKEY) AS supplier_count FROM   SUPPLIER 
  ERR: 2013 (HY000): Lost connection to MySQL server during query

[2026-09-03 17:39:51.157986] three_table_joins_Q076
  SQL: SELECT r.R_NAME        AS region, MAX(s.S_ACCTBAL) AS max_balance FROM   SUPPLIER s JOIN   NATION   n ON s.S_NATIONKEY =
  ERR: 2013 (HY000): Lost connection to MySQL server during query

[2026-09-03 17:39:51.158016] three_table_joins_Q077
  SQL: SELECT s.S_NAME, n.N_NAME        AS nation, r.R_NAME        AS region, s.S_ACCTBAL FROM   SUPPLIER s JOIN   NATION   n O
  ERR: 2013 (HY000): Lost connection to MySQL server during query

[2026-09-03 17:39:51.158046] three_table_joins_Q078
  SQL: SELECT n.N_NAME        AS nation, COUNT(s.S_SUPPKEY) AS supplier_count FROM   SUPPLIER s JOIN   NATION   n ON s.S_NATION
  ERR: 2013 (HY000): Lost connection to MySQL server during query

[2026-09-03 17:39:51.158076] three_table_joins_Q079
  SQL: SELECT DISTINCT r.R_NAME   AS region FROM   SUPPLIER s JOIN   NATION   n ON s.S_NATIONKEY = n.N_NATIONKEY JOIN   REGION 
  ERR: 2013 (HY000): Lost connection to MySQL server during query

[2026-09-03 17:39:51.158108] three_table_joins_Q080
  SQL: SELECT s.S_NAME, n.N_NAME        AS nation, s.S_ACCTBAL FROM   SUPPLIER s JOIN   NATION   n ON s.S_NATIONKEY = n.N_NATIO
  ERR: 2013 (HY000): Lost connection to MySQL server during query

[2026-09-03 17:39:51.158140] three_table_joins_Q081
  SQL: SELECT c.C_CUSTKEY, c.C_NAME, n.N_NAME        AS nation, r.R_NAME        AS region FROM   CUSTOMER c JOIN   NATION   n O
  ERR: 2013 (HY000): Lost connection to MySQL server during query

[2026-09-03 17:39:51.158170] three_table_joins_Q082
  SQL: SELECT c.C_CUSTKEY, c.C_NAME, n.N_NAME        AS nation FROM   CUSTOMER c JOIN   NATION   n ON c.C_NATIONKEY = n.N_NATIO
  ERR: 2013 (HY000): Lost connection to MySQL server during query

[2026-09-03 17:39:51.158202] three_table_joins_Q083
  SQL: SELECT c.C_CUSTKEY, c.C_NAME, c.C_ACCTBAL FROM   CUSTOMER c JOIN   NATION   n ON c.C_NATIONKEY = n.N_NATIONKEY JOIN   RE
  ERR: 2013 (HY000): Lost connection to MySQL server during query

[2026-09-03 17:39:51.158234] three_table_joins_Q084
  SQL: SELECT r.R_NAME        AS region, COUNT(c.C_CUSTKEY) AS customer_count FROM   CUSTOMER c JOIN   NATION   n ON c.C_NATION
  ERR: 2013 (HY000): Lost connection to MySQL server during query

[2026-09-03 17:39:51.158266] three_table_joins_Q085
  SQL: SELECT n.N_NAME        AS nation, AVG(c.C_ACCTBAL) AS avg_balance FROM   CUSTOMER c JOIN   NATION   n ON c.C_NATIONKEY =
  ERR: 2013 (HY000): Lost connection to MySQL server during query

[2026-09-03 17:39:51.158297] three_table_joins_Q086
  SQL: SELECT r.R_NAME        AS region, SUM(c.C_ACCTBAL) AS total_balance, COUNT(c.C_CUSTKEY) AS customer_count FROM   CUSTOME
  ERR: 2013 (HY000): Lost connection to MySQL server during query

[2026-09-03 17:39:51.158328] three_table_joins_Q087
  SQL: SELECT c.C_NAME, n.N_NAME        AS nation, r.R_NAME        AS region, c.C_ACCTBAL FROM   CUSTOMER c JOIN   NATION   n O
  ERR: 2013 (HY000): Lost connection to MySQL server during query

[2026-09-03 17:39:51.158358] three_table_joins_Q088
  SQL: SELECT n.N_NAME        AS nation, AVG(c.C_ACCTBAL) AS avg_balance FROM   CUSTOMER c JOIN   NATION   n ON c.C_NATIONKEY =
  ERR: 2013 (HY000): Lost connection to MySQL server during query

[2026-09-03 17:39:51.158388] three_table_joins_Q089
  SQL: SELECT r.R_NAME        AS region, COUNT(c.C_CUSTKEY) AS high_balance_count FROM   CUSTOMER c JOIN   NATION   n ON c.C_NA
  ERR: 2013 (HY000): Lost connection to MySQL server during query

[2026-09-03 17:39:51.158419] three_table_joins_Q090
  SQL: SELECT DISTINCT r.R_NAME   AS region, n.N_NAME             AS nation FROM   CUSTOMER c JOIN   NATION   n ON c.C_NATIONKE
  ERR: 2013 (HY000): Lost connection to MySQL server during query

[2026-09-03 17:39:51.158450] three_table_joins_Q091
  SQL: SELECT o.O_ORDERKEY, c.C_NAME, p.P_NAME, l.L_QUANTITY FROM   ORDERS   o JOIN   CUSTOMER c ON o.O_CUSTKEY  = c.C_CUSTKEY 
  ERR: 2013 (HY000): Lost connection to MySQL server during query

[2026-09-03 17:39:51.158480] three_table_joins_Q092
  SQL: SELECT o.O_ORDERKEY, c.C_NAME, p.P_TYPE, l.L_QUANTITY FROM   ORDERS   o JOIN   CUSTOMER c ON o.O_CUSTKEY  = c.C_CUSTKEY 
  ERR: 2013 (HY000): Lost connection to MySQL server during query

[2026-09-03 17:39:51.158511] three_table_joins_Q093
  SQL: SELECT c.C_CUSTKEY, c.C_NAME, p.P_BRAND, SUM(l.L_EXTENDEDPRICE * (1 - l.L_DISCOUNT)) AS revenue FROM   ORDERS   o JOIN  
  ERR: 2013 (HY000): Lost connection to MySQL server during query

[2026-09-03 17:39:51.158542] three_table_joins_Q094
  SQL: SELECT c.C_NATIONKEY, p.P_TYPE, SUM(l.L_EXTENDEDPRICE * (1 - l.L_DISCOUNT)) AS revenue FROM   ORDERS   o JOIN   CUSTOMER
  ERR: 2013 (HY000): Lost connection to MySQL server during query

[2026-09-03 17:39:51.158573] three_table_joins_Q095
  SQL: SELECT c.C_NATIONKEY, p.P_BRAND, SUM(l.L_QUANTITY)    AS total_qty FROM   ORDERS   o JOIN   CUSTOMER c ON o.O_CUSTKEY  =
  ERR: 2013 (HY000): Lost connection to MySQL server during query

[2026-09-03 17:39:51.158602] three_table_joins_Q096
  SQL: SELECT c.C_NATIONKEY, p.P_BRAND, SUM(l.L_EXTENDEDPRICE * (1 - l.L_DISCOUNT)) AS revenue FROM   ORDERS   o JOIN   CUSTOME
  ERR: 2013 (HY000): Lost connection to MySQL server during query

[2026-09-03 17:39:51.158634] three_table_joins_Q097
  SQL: SELECT o.O_ORDERKEY, c.C_NAME, p.P_NAME, l.L_DISCOUNT FROM   ORDERS   o JOIN   CUSTOMER c ON o.O_CUSTKEY  = c.C_CUSTKEY 
  ERR: 2013 (HY000): Lost connection to MySQL server during query

[2026-09-03 17:39:51.158665] three_table_joins_Q098
  SQL: SELECT DISTINCT c.C_NATIONKEY, p.P_TYPE FROM   ORDERS   o JOIN   CUSTOMER c ON o.O_CUSTKEY  = c.C_CUSTKEY JOIN   LINEITE
  ERR: 2013 (HY000): Lost connection to MySQL server during query

[2026-09-03 17:39:51.158696] three_table_joins_Q099
  SQL: SELECT YEAR(o.O_ORDERDATE) AS order_year, p.P_BRAND, SUM(l.L_EXTENDEDPRICE * (1 - l.L_DISCOUNT)) AS revenue FROM   ORDER
  ERR: 2013 (HY000): Lost connection to MySQL server during query

[2026-09-03 17:39:51.158727] three_table_joins_Q100
  SQL: SELECT o.O_ORDERKEY, c.C_NAME, SUM(l.L_EXTENDEDPRICE * (1 - l.L_DISCOUNT)) AS net_revenue FROM   ORDERS   o JOIN   CUSTO
  ERR: 2013 (HY000): Lost connection to MySQL server during query

[2026-09-03 17:39:51.158760] three_table_joins_Q101
  SQL: SELECT r.R_NAME        AS region, n.N_NAME        AS nation, c.C_NAME, o.O_ORDERKEY, COUNT(l.L_LINENUMBER) AS line_count
  ERR: 2013 (HY000): Lost connection to MySQL server during query

[2026-09-03 17:39:51.158791] three_table_joins_Q102
  SQL: SELECT r.R_NAME        AS region, SUM(l.L_EXTENDEDPRICE * (1 - l.L_DISCOUNT)) AS revenue FROM   ORDERS   o JOIN   CUSTOM
  ERR: 2013 (HY000): Lost connection to MySQL server during query

[2026-09-03 17:39:51.158833] three_table_joins_Q103
  SQL: SELECT n.N_NAME        AS supplier_nation, p.P_BRAND, SUM(l.L_EXTENDEDPRICE * (1 - l.L_DISCOUNT)) AS revenue FROM   ORDE
  ERR: 2013 (HY000): Lost connection to MySQL server during query

[2026-09-03 17:39:51.158867] three_table_joins_Q104
  SQL: SELECT o.O_ORDERKEY, p.P_NAME, s.S_NAME, n.N_NAME        AS supplier_nation, l.L_EXTENDEDPRICE FROM   ORDERS   o JOIN   
  ERR: 2013 (HY000): Lost connection to MySQL server during query

[2026-09-03 17:39:51.158900] three_table_joins_Q105
  SQL: SELECT o.O_ORDERKEY, c.C_NAME, p.P_NAME, l.L_EXTENDEDPRICE - ps.PS_SUPPLYCOST AS margin FROM   ORDERS   o JOIN   CUSTOME
  ERR: 2013 (HY000): Lost connection to MySQL server during query

[2026-09-03 17:39:51.158934] three_table_joins_Q106
  SQL: SELECT c.C_CUSTKEY, c.C_NAME, SUM(l.L_EXTENDEDPRICE - ps.PS_SUPPLYCOST) AS total_margin FROM   ORDERS   o JOIN   CUSTOME
  ERR: 2013 (HY000): Lost connection to MySQL server during query

[2026-09-03 17:39:51.158967] three_table_joins_Q107
  SQL: SELECT n.N_NAME        AS nation, p.P_TYPE, SUM(l.L_EXTENDEDPRICE * (1 - l.L_DISCOUNT)) AS revenue FROM   ORDERS   o JOI
  ERR: 2013 (HY000): Lost connection to MySQL server during query

[2026-09-03 17:39:51.159003] three_table_joins_Q108
  SQL: SELECT cn.N_NAME       AS cust_nation, sn.N_NAME       AS supp_nation, SUM(l.L_EXTENDEDPRICE * (1 - l.L_DISCOUNT)) AS re
  ERR: 2013 (HY000): Lost connection to MySQL server during query

[2026-09-03 17:39:51.159035] three_table_joins_Q109
  SQL: SELECT cn.N_NAME       AS nation, COUNT(DISTINCT o.O_ORDERKEY) AS order_count, SUM(l.L_EXTENDEDPRICE * (1 - l.L_DISCOUNT
  ERR: 2013 (HY000): Lost connection to MySQL server during query

[2026-09-03 17:39:51.159074] three_table_joins_Q110
  SQL: SELECT n.N_NAME        AS nation, SUM(l.L_EXTENDEDPRICE * (1 - l.L_DISCOUNT)) AS revenue FROM   ORDERS   o JOIN   CUSTOM
  ERR: 2013 (HY000): Lost connection to MySQL server during query

[2026-09-03 17:39:51.159107] three_table_joins_Q111
  SQL: SELECT o.O_ORDERKEY, c.C_NAME, cn.N_NAME       AS cust_nation, p.P_NAME, s.S_NAME, l.L_EXTENDEDPRICE FROM   ORDERS    o 
  ERR: 2013 (HY000): Lost connection to MySQL server during query

[2026-09-03 17:39:51.159138] three_table_joins_Q112
  SQL: SELECT cn.N_NAME       AS cust_nation, p.P_BRAND, s.S_NAME, SUM(l.L_EXTENDEDPRICE * (1 - l.L_DISCOUNT)) AS revenue FROM 
  ERR: 2013 (HY000): Lost connection to MySQL server during query

[2026-09-03 17:39:51.159173] three_table_joins_Q113
  SQL: SELECT r.R_NAME        AS region, p.P_TYPE, SUM(l.L_EXTENDEDPRICE * (1 - l.L_DISCOUNT)) AS revenue FROM   ORDERS    o JO
  ERR: 2013 (HY000): Lost connection to MySQL server during query

[2026-09-03 17:39:51.159207] three_table_joins_Q114
  SQL: SELECT r.R_NAME        AS customer_region, SUM(l.L_EXTENDEDPRICE * (1 - l.L_DISCOUNT)) AS revenue, AVG(s.S_ACCTBAL)     
  ERR: 2013 (HY000): Lost connection to MySQL server during query

[2026-09-03 17:39:51.159242] three_table_joins_Q115
  SQL: SELECT cn.N_NAME       AS cust_nation, p.P_BRAND, SUM(l.L_EXTENDEDPRICE - ps.PS_SUPPLYCOST) AS total_margin FROM   ORDER
  ERR: 2013 (HY000): Lost connection to MySQL server during query

[2026-09-03 17:39:51.159276] three_table_joins_Q116
  SQL: SELECT r.R_NAME        AS region, p.P_BRAND, SUM(l.L_QUANTITY) AS total_qty FROM   ORDERS    o JOIN   CUSTOMER  c  ON o.
  ERR: 2013 (HY000): Lost connection to MySQL server during query

[2026-09-03 17:39:51.159307] three_table_joins_Q117
  SQL: SELECT cn.N_NAME       AS cust_nation, SUM(l.L_EXTENDEDPRICE * (1 - l.L_DISCOUNT)) AS revenue FROM   ORDERS    o JOIN   
  ERR: 2013 (HY000): Lost connection to MySQL server during query

[2026-09-03 17:39:51.159341] three_table_joins_Q118
  SQL: SELECT r.R_NAME        AS region, p.P_BRAND, COUNT(DISTINCT c.C_CUSTKEY) AS cust_count FROM   ORDERS    o JOIN   CUSTOME
  ERR: 2013 (HY000): Lost connection to MySQL server during query

[2026-09-03 17:39:51.159374] three_table_joins_Q119
  SQL: SELECT cn.N_NAME       AS cust_nation, sn.N_NAME       AS supp_nation, AVG(o.O_TOTALPRICE) AS avg_order_value FROM   ORD
  ERR: 2013 (HY000): Lost connection to MySQL server during query

[2026-09-03 17:39:51.159407] three_table_joins_Q120
  SQL: SELECT r.R_NAME                 AS region, YEAR(o.O_ORDERDATE)      AS yr, MONTH(o.O_ORDERDATE)     AS mo, SUM(l.L_EXTEN
  ERR: 2013 (HY000): Lost connection to MySQL server during query

[2026-09-03 17:39:51.159446] three_table_joins_Q121
  SQL: SELECT c.C_MKTSEGMENT, c.C_NATIONKEY, COUNT(o.O_ORDERKEY)   AS order_count, SUM(o.O_TOTALPRICE)   AS total_revenue FROM 
  ERR: 2013 (HY000): Lost connection to MySQL server during query

[2026-09-03 17:39:51.159490] three_table_joins_Q122
  SQL: SELECT p.P_BRAND, n.N_NAME        AS supplier_nation, MAX(l.L_EXTENDEDPRICE) AS max_price, MIN(l.L_EXTENDEDPRICE) AS min
  ERR: 2013 (HY000): Lost connection to MySQL server during query

[2026-09-03 17:39:51.159520] three_table_joins_Q123
  SQL: SELECT c.C_MKTSEGMENT, SUM(l.L_EXTENDEDPRICE * (1 - l.L_DISCOUNT)) AS net_revenue FROM   ORDERS   o JOIN   CUSTOMER c ON
  ERR: 2013 (HY000): Lost connection to MySQL server during query

[2026-09-03 17:39:51.159551] three_table_joins_Q124
  SQL: SELECT p.P_SIZE, r.R_NAME        AS supplier_region, AVG(l.L_DISCOUNT) AS avg_discount FROM   LINEITEM l JOIN   PART    
  ERR: 2013 (HY000): Lost connection to MySQL server during query

[2026-09-03 17:39:51.159582] three_table_joins_Q125
  SQL: SELECT r.R_NAME        AS region, SUM(ps.PS_AVAILQTY * ps.PS_SUPPLYCOST) AS stock_value FROM   SUPPLIER s JOIN   PARTSUP
  ERR: 2013 (HY000): Lost connection to MySQL server during query

[2026-09-03 17:39:51.159613] three_table_joins_Q126
  SQL: SELECT l.L_SHIPMODE, p.P_TYPE, SUM(l.L_EXTENDEDPRICE * (1 - l.L_DISCOUNT)) AS revenue FROM   ORDERS  o JOIN   LINEITEM l
  ERR: 2013 (HY000): Lost connection to MySQL server during query

[2026-09-03 17:39:51.159643] three_table_joins_Q127
  SQL: SELECT c.C_MKTSEGMENT, YEAR(o.O_ORDERDATE) AS order_year, COUNT(o.O_ORDERKEY)  AS order_count FROM   CUSTOMER c JOIN   O
  ERR: 2013 (HY000): Lost connection to MySQL server during query

[2026-09-03 17:39:51.159675] three_table_joins_Q128
  SQL: SELECT p.P_CONTAINER, n.N_NAME        AS nation, SUM(l.L_QUANTITY) AS total_qty FROM   LINEITEM l JOIN   PART     p  ON 
  ERR: 2013 (HY000): Lost connection to MySQL server during query

[2026-09-03 17:39:51.159705] three_table_joins_Q129
  SQL: SELECT c.C_MKTSEGMENT, n.N_NAME        AS nation, MAX(o.O_TOTALPRICE) AS max_order FROM   CUSTOMER c JOIN   ORDERS   o O
  ERR: 2013 (HY000): Lost connection to MySQL server during query

[2026-09-03 17:39:51.159736] three_table_joins_Q130
  SQL: SELECT p.P_CONTAINER, r.R_NAME        AS region, AVG(ps.PS_SUPPLYCOST) AS avg_cost FROM   PART     p JOIN   PARTSUPP ps 
  ERR: 2013 (HY000): Lost connection to MySQL server during query

[2026-09-03 17:39:51.159769] three_table_joins_Q131
  SQL: SELECT c.C_MKTSEGMENT, YEAR(o.O_ORDERDATE)   AS yr, MONTH(o.O_ORDERDATE)  AS mo, SUM(l.L_EXTENDEDPRICE * (1 - l.L_DISCOU
  ERR: 2013 (HY000): Lost connection to MySQL server during query

[2026-09-03 17:39:51.159802] three_table_joins_Q132
  SQL: SELECT p.P_BRAND, YEAR(l.L_SHIPDATE)    AS ship_year, MAX(l.L_QUANTITY) - MIN(l.L_QUANTITY) AS qty_spread FROM   LINEITE
  ERR: 2013 (HY000): Lost connection to MySQL server during query

[2026-09-03 17:39:51.159834] three_table_joins_Q133
  SQL: SELECT p.P_TYPE, COUNT(DISTINCT c.C_CUSTKEY) AS customer_count FROM   ORDERS   o JOIN   CUSTOMER c ON o.O_CUSTKEY  = c.C
  ERR: 2013 (HY000): Lost connection to MySQL server during query

[2026-09-03 17:39:51.159871] three_table_joins_Q134
  SQL: SELECT p.P_BRAND, r.R_NAME        AS region, SUM(ps.PS_AVAILQTY * ps.PS_SUPPLYCOST) AS stock_value FROM   PART     p JOI
  ERR: 2013 (HY000): Lost connection to MySQL server during query

[2026-09-03 17:39:51.159903] three_table_joins_Q135
  SQL: SELECT r.R_NAME        AS region, o.O_ORDERSTATUS  AS status, SUM(l.L_EXTENDEDPRICE * (1 - l.L_DISCOUNT)) AS revenue FRO
  ERR: 2013 (HY000): Lost connection to MySQL server during query

[2026-09-03 17:39:51.159934] three_table_joins_Q136
  SQL: SELECT n.N_NAME        AS nation, SUM(o.O_TOTALPRICE)   AS total_revenue FROM   ORDERS   o JOIN   CUSTOMER c ON o.O_CUST
  ERR: 2013 (HY000): Lost connection to MySQL server during query

[2026-09-03 17:39:51.159964] three_table_joins_Q137
  SQL: SELECT s.S_SUPPKEY, s.S_NAME, COUNT(ps.PS_PARTKEY) AS part_count FROM   SUPPLIER s JOIN   PARTSUPP ps ON s.S_SUPPKEY   =
  ERR: 2013 (HY000): Lost connection to MySQL server during query

[2026-09-03 17:39:51.159994] three_table_joins_Q138
  SQL: SELECT p.P_BRAND, AVG(l.L_EXTENDEDPRICE) AS avg_line_revenue FROM   LINEITEM l JOIN   PART     p  ON l.L_PARTKEY  = p.P_
  ERR: 2013 (HY000): Lost connection to MySQL server during query

[2026-09-03 17:39:51.160023] three_table_joins_Q139
  SQL: SELECT r.R_NAME        AS region, COUNT(c.C_CUSTKEY) AS customer_count FROM   CUSTOMER c JOIN   NATION   n ON c.C_NATION
  ERR: 2013 (HY000): Lost connection to MySQL server during query

[2026-09-03 17:39:51.160053] three_table_joins_Q140
  SQL: SELECT p.P_TYPE, COUNT(l.L_LINENUMBER) AS line_count FROM   LINEITEM l JOIN   PART     p ON l.L_PARTKEY  = p.P_PARTKEY J
  ERR: 2013 (HY000): Lost connection to MySQL server during query

[2026-09-03 17:39:51.160087] three_table_joins_Q141
  SQL: SELECT c.C_MKTSEGMENT, n.N_NAME        AS nation, AVG(c.C_ACCTBAL) AS avg_balance FROM   CUSTOMER c JOIN   NATION   n ON
  ERR: 2013 (HY000): Lost connection to MySQL server during query

[2026-09-03 17:39:51.160115] three_table_joins_Q142
  SQL: SELECT n.N_NAME        AS nation, SUM(ps.PS_AVAILQTY) AS total_stock FROM   SUPPLIER s JOIN   PARTSUPP ps ON s.S_SUPPKEY
  ERR: 2013 (HY000): Lost connection to MySQL server during query

[2026-09-03 17:39:51.160142] three_table_joins_Q143
  SQL: SELECT p.P_CONTAINER, AVG(ps.PS_SUPPLYCOST) AS avg_cost, COUNT(DISTINCT p.P_PARTKEY) AS part_count FROM   PART     p JOI
  ERR: 2013 (HY000): Lost connection to MySQL server during query

[2026-09-03 17:39:51.160178] three_table_joins_Q144
  SQL: SELECT l.L_SHIPMODE, AVG(l.L_QUANTITY)    AS avg_qty, COUNT(l.L_LINENUMBER) AS line_count FROM   LINEITEM l JOIN   ORDER
  ERR: 2013 (HY000): Lost connection to MySQL server during query

[2026-09-03 17:39:51.160598] three_table_joins_Q145
  SQL: SELECT n.N_NAME        AS nation, COUNT(c.C_CUSTKEY) AS customer_count FROM   CUSTOMER c JOIN   NATION   n ON c.C_NATION
  ERR: 2013 (HY000): Lost connection to MySQL server during query

[2026-09-03 17:39:51.160692] three_table_joins_Q146
  SQL: SELECT o.O_ORDERKEY, c.C_NAME, n.N_NAME        AS nation, r.R_NAME        AS region, o.O_TOTALPRICE FROM   ORDERS   o JO
  ERR: 2013 (HY000): Lost connection to MySQL server during query

[2026-09-03 17:39:51.160731] three_table_joins_Q147
  SQL: SELECT s.S_NAME, p.P_NAME, ps.PS_AVAILQTY * ps.PS_SUPPLYCOST AS stock_value FROM   SUPPLIER s JOIN   PARTSUPP ps ON s.S_
  ERR: 2013 (HY000): Lost connection to MySQL server during query

[2026-09-03 17:39:51.160768] three_table_joins_Q148
  SQL: SELECT n.N_NAME        AS nation, SUM(l.L_EXTENDEDPRICE * (1 - l.L_DISCOUNT)) AS net_revenue FROM   ORDERS   o JOIN   CU
  ERR: 2013 (HY000): Lost connection to MySQL server during query

[2026-09-03 17:39:51.160801] three_table_joins_Q149
  SQL: SELECT c.C_CUSTKEY, c.C_NAME, n.N_NAME        AS nation, COUNT(o.O_ORDERKEY) AS order_count FROM   CUSTOMER c JOIN   NAT
  ERR: 2013 (HY000): Lost connection to MySQL server during query

[2026-09-03 17:39:51.160834] three_table_joins_Q150
  SQL: SELECT p.P_BRAND, SUM(l.L_EXTENDEDPRICE * (1 - l.L_DISCOUNT)) AS revenue FROM   ORDERS    o JOIN   LINEITEM  l  ON o.O_O
  ERR: 2013 (HY000): Lost connection to MySQL server during query

[2026-09-03 17:39:51.160866] three_table_joins_Q151
  SQL: SELECT o.O_ORDERKEY, o.O_ORDERDATE, c.C_NAME, n.N_NAME        AS nation, o.O_TOTALPRICE FROM   ORDERS   o JOIN   CUSTOME
  ERR: 2013 (HY000): Lost connection to MySQL server during query

[2026-09-03 17:39:51.160899] three_table_joins_Q152
  SQL: SELECT p.P_NAME, s.S_NAME, n.N_NAME        AS nation, ps.PS_SUPPLYCOST FROM   PART     p JOIN   PARTSUPP ps ON p.P_PARTK
  ERR: 2013 (HY000): Lost connection to MySQL server during query

[2026-09-03 17:39:51.160933] three_table_joins_Q153
  SQL: SELECT o.O_ORDERKEY, c.C_NAME, n.N_NAME        AS nation, AVG(l.L_DISCOUNT) AS avg_discount FROM   ORDERS   o JOIN   CUS
  ERR: 2013 (HY000): Lost connection to MySQL server during query

[2026-09-03 17:39:51.160964] three_table_joins_Q154
  SQL: SELECT s.S_NAME, n.N_NAME        AS nation, AVG(ps.PS_SUPPLYCOST) AS avg_cost FROM   SUPPLIER s JOIN   NATION   n  ON s.
  ERR: 2013 (HY000): Lost connection to MySQL server during query

[2026-09-03 17:39:51.160994] three_table_joins_Q155
  SQL: SELECT n.N_NAME        AS nation, YEAR(o.O_ORDERDATE) AS order_year, SUM(l.L_EXTENDEDPRICE * (1 - l.L_DISCOUNT)) AS reve
  ERR: 2013 (HY000): Lost connection to MySQL server during query

[2026-09-03 17:39:51.161023] three_table_joins_Q156
  SQL: SELECT c.C_CUSTKEY, c.C_NAME, n.N_NAME        AS nation FROM   CUSTOMER c JOIN   NATION   n ON c.C_NATIONKEY = n.N_NATIO
  ERR: 2013 (HY000): Lost connection to MySQL server during query

[2026-09-03 17:39:51.161050] three_table_joins_Q157
  SQL: SELECT c.C_CUSTKEY, c.C_NAME, n.N_NAME        AS nation FROM   CUSTOMER c JOIN   NATION   n ON c.C_NATIONKEY = n.N_NATIO
  ERR: 2013 (HY000): Lost connection to MySQL server during query

[2026-09-03 17:39:51.161079] three_table_joins_Q158
  SQL: SELECT s.S_SUPPKEY, s.S_NAME, n.N_NAME        AS nation FROM   SUPPLIER s JOIN   NATION   n ON s.S_NATIONKEY = n.N_NATIO
  ERR: 2013 (HY000): Lost connection to MySQL server during query

[2026-09-03 17:39:51.161107] three_table_joins_Q159
  SQL: SELECT o.O_ORDERKEY, c.C_NAME, n.N_NAME        AS nation FROM   ORDERS   o JOIN   CUSTOMER c ON o.O_CUSTKEY    = c.C_CUS
  ERR: 2013 (HY000): Lost connection to MySQL server during query

[2026-09-03 17:39:51.161135] three_table_joins_Q160
  SQL: SELECT p.P_PARTKEY, p.P_NAME FROM   PART p WHERE  p.P_PARTKEY IN ( SELECT ps.PS_PARTKEY FROM   PARTSUPP ps JOIN   SUPPLI
  ERR: 2013 (HY000): Lost connection to MySQL server during query

[2026-09-03 17:39:51.161163] three_table_joins_Q161
  SQL: SELECT c.C_CUSTKEY, c.C_NAME, n.N_NAME        AS nation, r.R_NAME        AS region FROM   CUSTOMER c JOIN   NATION   n O
  ERR: 2013 (HY000): Lost connection to MySQL server during query

[2026-09-03 17:39:51.161236] three_table_joins_Q162
  SQL: SELECT DISTINCT o.O_ORDERKEY, o.O_TOTALPRICE FROM   ORDERS o WHERE  o.O_ORDERKEY IN ( SELECT l.L_ORDERKEY FROM   LINEITE
  ERR: 2013 (HY000): Lost connection to MySQL server during query

[2026-09-03 17:39:51.161296] three_table_joins_Q163
  SQL: SELECT s.S_SUPPKEY, s.S_NAME, n.N_NAME        AS nation FROM   SUPPLIER s JOIN   NATION   n ON s.S_NATIONKEY = n.N_NATIO
  ERR: 2013 (HY000): Lost connection to MySQL server during query

[2026-09-03 17:39:51.161327] three_table_joins_Q164
  SQL: SELECT c.C_CUSTKEY, c.C_NAME, c.C_NATIONKEY FROM   CUSTOMER c WHERE  c.C_NATIONKEY IN ( SELECT s.S_NATIONKEY FROM   SUPP
  ERR: 2013 (HY000): Lost connection to MySQL server during query

[2026-09-03 17:39:51.161358] three_table_joins_Q165
  SQL: SELECT DISTINCT p.P_PARTKEY, p.P_NAME, p.P_BRAND FROM   PART p WHERE  p.P_PARTKEY IN ( SELECT l.L_PARTKEY FROM   LINEITE
  ERR: 2013 (HY000): Lost connection to MySQL server during query

[2026-09-03 17:39:51.161389] three_table_joins_Q166
  SQL: SELECT DISTINCT n.N_NAME   AS nation FROM   CUSTOMER c JOIN   NATION   n ON c.C_NATIONKEY = n.N_NATIONKEY JOIN   ORDERS 
  ERR: 2013 (HY000): Lost connection to MySQL server during query

[2026-09-03 17:39:51.161439] three_table_joins_Q167
  SQL: SELECT DISTINCT r.R_NAME   AS region FROM   ORDERS   o JOIN   CUSTOMER c ON o.O_CUSTKEY    = c.C_CUSTKEY JOIN   NATION  
  ERR: 2013 (HY000): Lost connection to MySQL server during query

[2026-09-03 17:39:51.161474] three_table_joins_Q168
  SQL: SELECT DISTINCT p.P_BRAND FROM   LINEITEM  l JOIN   ORDERS    o  ON l.L_ORDERKEY   = o.O_ORDERKEY JOIN   CUSTOMER  c  ON
  ERR: 2013 (HY000): Lost connection to MySQL server during query

[2026-09-03 17:39:51.161507] three_table_joins_Q169
  SQL: SELECT DISTINCT sn.N_NAME  AS supplier_nation, cn.N_NAME            AS customer_nation FROM   ORDERS    o JOIN   CUSTOME
  ERR: 2013 (HY000): Lost connection to MySQL server during query

[2026-09-03 17:39:51.161541] three_table_joins_Q170
  SQL: SELECT DISTINCT p.P_CONTAINER FROM   LINEITEM  l JOIN   ORDERS    o  ON l.L_ORDERKEY   = o.O_ORDERKEY JOIN   CUSTOMER  c
  ERR: 2013 (HY000): Lost connection to MySQL server during query

[2026-09-03 17:39:51.161584] three_table_joins_Q171
  SQL: SELECT DISTINCT c.C_MKTSEGMENT FROM   ORDERS   o JOIN   CUSTOMER c ON o.O_CUSTKEY  = c.C_CUSTKEY JOIN   LINEITEM l ON o.
  ERR: 2013 (HY000): Lost connection to MySQL server during query

[2026-09-03 17:39:51.161617] three_table_joins_Q172
  SQL: SELECT DISTINCT r.R_NAME  AS region, p.P_BRAND FROM   PART     p JOIN   PARTSUPP ps ON p.P_PARTKEY   = ps.PS_PARTKEY JOI
  ERR: 2013 (HY000): Lost connection to MySQL server during query

[2026-09-03 17:39:51.161648] three_table_joins_Q173
  SQL: SELECT DISTINCT l.L_SHIPMODE FROM   LINEITEM l JOIN   ORDERS   o ON l.L_ORDERKEY = o.O_ORDERKEY JOIN   CUSTOMER c ON o.O
  ERR: 2013 (HY000): Lost connection to MySQL server during query

[2026-09-03 17:39:51.161680] three_table_joins_Q174
  SQL: SELECT r.R_NAME        AS region, YEAR(o.O_ORDERDATE) AS order_year, SUM(o.O_TOTALPRICE) AS revenue FROM   ORDERS   o JO
  ERR: 2013 (HY000): Lost connection to MySQL server during query

[2026-09-03 17:39:51.161712] three_table_joins_Q175
  SQL: SELECT MONTH(l.L_SHIPDATE)   AS ship_month, SUM(l.L_EXTENDEDPRICE * (1 - l.L_DISCOUNT)) AS revenue FROM   LINEITEM l JOI
  ERR: 2013 (HY000): Lost connection to MySQL server during query

[2026-09-03 17:39:51.161742] three_table_joins_Q176
  SQL: SELECT n.N_NAME        AS nation, COUNT(DISTINCT o.O_ORDERKEY) AS late_orders FROM   ORDERS   o JOIN   CUSTOMER c ON o.O
  ERR: 2013 (HY000): Lost connection to MySQL server during query

[2026-09-03 17:39:51.161774] three_table_joins_Q177
  SQL: SELECT o.O_ORDERKEY, c.C_NAME, n.N_NAME        AS nation, o.O_TOTALPRICE FROM   ORDERS   o JOIN   CUSTOMER c ON o.O_CUST
  ERR: 2013 (HY000): Lost connection to MySQL server during query

[2026-09-03 17:39:51.161823] three_table_joins_Q178
  SQL: SELECT n.N_NAME        AS supplier_nation, p.P_BRAND, SUM(l.L_QUANTITY) AS total_qty FROM   LINEITEM l JOIN   PART     p
  ERR: 2013 (HY000): Lost connection to MySQL server during query

[2026-09-03 17:39:51.161864] three_table_joins_Q179
  SQL: SELECT n.N_NAME        AS nation, SUM(CASE WHEN YEAR(o.O_ORDERDATE) = 1995 THEN o.O_TOTALPRICE ELSE 0 END) AS revenue_19
  ERR: 2013 (HY000): Lost connection to MySQL server during query

[2026-09-03 17:39:51.161896] three_table_joins_Q180
  SQL: SELECT o.O_ORDERKEY, c.C_NAME, l.L_SHIPDATE, o.O_ORDERDATE FROM   ORDERS   o JOIN   CUSTOMER c ON o.O_CUSTKEY  = c.C_CUS
  ERR: 2013 (HY000): Lost connection to MySQL server during query

[2026-09-03 17:39:51.161928] three_table_joins_Q181
  SQL: SELECT n.N_NAME        AS supplier_nation, AVG(DATEDIFF(l.L_RECEIPTDATE, l.L_SHIPDATE)) AS avg_transit_days FROM   LINEI
  ERR: 2013 (HY000): Lost connection to MySQL server during query

[2026-09-03 17:39:51.161959] three_table_joins_Q182
  SQL: SELECT r.R_NAME        AS region, MONTH(o.O_ORDERDATE) AS peak_month, COUNT(o.O_ORDERKEY)  AS order_count FROM   ORDERS 
  ERR: 2013 (HY000): Lost connection to MySQL server during query

[2026-09-03 17:39:51.161990] three_table_joins_Q183
  SQL: SELECT r.R_NAME            AS region, YEAR(l.L_SHIPDATE)  AS ship_year, COUNT(CASE WHEN l.L_RECEIPTDATE > l.L_COMMITDATE
  ERR: 2013 (HY000): Lost connection to MySQL server during query

[2026-09-03 17:39:51.162023] three_table_joins_Q184
  SQL: SELECT n.N_NAME        AS nation, SUM(l.L_EXTENDEDPRICE * (1 - l.L_DISCOUNT)) AS revenue FROM   ORDERS   o JOIN   CUSTOM
  ERR: 2013 (HY000): Lost connection to MySQL server during query

[2026-09-03 17:39:51.162056] three_table_joins_Q185
  SQL: SELECT s.S_SUPPKEY, s.S_NAME, n.N_NAME        AS nation, SUM(l.L_EXTENDEDPRICE * (1 - l.L_DISCOUNT)) AS revenue FROM   L
  ERR: 2013 (HY000): Lost connection to MySQL server during query

[2026-09-03 17:39:51.162090] three_table_joins_Q186
  SQL: SELECT p.P_BRAND, p.P_TYPE, SUM(l.L_EXTENDEDPRICE - ps.PS_SUPPLYCOST) AS total_margin FROM   LINEITEM  l JOIN   PART    
  ERR: 2013 (HY000): Lost connection to MySQL server during query

[2026-09-03 17:39:51.162123] three_table_joins_Q187
  SQL: SELECT c.C_MKTSEGMENT, YEAR(o.O_ORDERDATE) AS yr, SUM(l.L_EXTENDEDPRICE * (1 - l.L_DISCOUNT)) AS revenue, COUNT(DISTINCT
  ERR: 2013 (HY000): Lost connection to MySQL server during query

[2026-09-03 17:39:51.162157] three_table_joins_Q188
  SQL: SELECT n.N_NAME        AS nation, SUM(CASE WHEN YEAR(o.O_ORDERDATE) = 1995 THEN l.L_EXTENDEDPRICE*(1-l.L_DISCOUNT) ELSE 
  ERR: 2013 (HY000): Lost connection to MySQL server during query

[2026-09-03 17:39:51.162191] three_table_joins_Q189
  SQL: SELECT s.S_NAME, n.N_NAME        AS nation, r.R_NAME        AS region, AVG(ps.PS_SUPPLYCOST) AS avg_cost, SUM(ps.PS_AVAI
  ERR: 2013 (HY000): Lost connection to MySQL server during query

[2026-09-03 17:39:51.162224] three_table_joins_Q190
  SQL: SELECT p.P_BRAND, COUNT(DISTINCT r.R_REGIONKEY) AS region_count, SUM(l.L_QUANTITY)             AS total_qty FROM   LINEI
  ERR: 2013 (HY000): Lost connection to MySQL server during query

[2026-09-03 17:39:51.162256] three_table_joins_Q191
  SQL: SELECT r.R_NAME        AS supplier_region, p.P_TYPE, AVG(l.L_EXTENDEDPRICE - ps.PS_SUPPLYCOST) AS avg_margin FROM   LINE
  ERR: 2013 (HY000): Lost connection to MySQL server during query

[2026-09-03 17:39:51.162291] three_table_joins_Q192
  SQL: SELECT r.R_NAME        AS customer_region, l.L_SHIPMODE, SUM(l.L_EXTENDEDPRICE * (1 - l.L_DISCOUNT)) AS revenue FROM   O
  ERR: 2013 (HY000): Lost connection to MySQL server during query

[2026-09-03 17:39:51.162323] three_table_joins_Q193
  SQL: SELECT c.C_MKTSEGMENT, AVG(o.O_TOTALPRICE)   AS avg_order_value, COUNT(DISTINCT o.O_ORDERKEY) AS order_count FROM   ORDE
  ERR: 2013 (HY000): Lost connection to MySQL server during query

[2026-09-03 17:39:51.162354] three_table_joins_Q194
  SQL: SELECT a.C_NAME        AS customer_a, b.C_NAME        AS customer_b, n.N_NAME        AS nation, a.C_ACCTBAL     AS balan
  ERR: 2013 (HY000): Lost connection to MySQL server during query

[2026-09-03 17:39:51.162386] three_table_joins_Q195
  SQL: SELECT c.C_NAME, n.N_NAME        AS nation, o.O_ORDERKEY, CASE WHEN o.O_TOTALPRICE < 30000  THEN 'SMALL' WHEN o.O_TOTALP
  ERR: 2013 (HY000): Lost connection to MySQL server during query

[2026-09-03 17:39:51.162419] three_table_joins_Q196
  SQL: SELECT r.R_NAME        AS region, SUM(CASE WHEN o.O_TOTALPRICE < 30000  THEN 1 ELSE 0 END) AS small_orders, SUM(CASE WHE
  ERR: 2013 (HY000): Lost connection to MySQL server during query

[2026-09-03 17:39:51.162457] three_table_joins_Q197
  SQL: SELECT s.S_SUPPKEY, s.S_NAME, n.N_NAME        AS nation, SUM(l.L_EXTENDEDPRICE * (1 - l.L_DISCOUNT)) AS revenue FROM   L
  ERR: 2013 (HY000): Lost connection to MySQL server during query

[2026-09-03 17:39:51.162491] three_table_joins_Q198
  SQL: SELECT p.P_PARTKEY, p.P_NAME, SUM(CASE WHEN YEAR(l.L_SHIPDATE) = 1995 THEN l.L_QUANTITY ELSE 0 END) AS qty_1995, SUM(CAS
  ERR: 2013 (HY000): Lost connection to MySQL server during query

[2026-09-03 17:39:51.162524] three_table_joins_Q199
  SQL: SELECT c.C_CUSTKEY, c.C_NAME, n.N_NAME        AS nation FROM   CUSTOMER c JOIN   NATION   n ON c.C_NATIONKEY = n.N_NATIO
  ERR: 2013 (HY000): Lost connection to MySQL server during query

[2026-09-03 17:39:51.162558] three_table_joins_Q200
  SQL: SELECT cr.R_NAME       AS customer_region, sr.R_NAME       AS supplier_region, COUNT(DISTINCT o.O_ORDERKEY)             
  ERR: 2013 (HY000): Lost connection to MySQL server during query

[2026-09-03 17:39:51.166296] aggregation_Q001
  SQL: SELECT COUNT(*) AS total_orders FROM orders
  ERR: 2013 (HY000): Lost connection to MySQL server during query

[2026-09-03 17:39:51.166363] aggregation_Q002
  SQL: SELECT SUM(l_extendedprice * (1 - l_discount)) AS total_revenue FROM lineitem
  ERR: 2013 (HY000): Lost connection to MySQL server during query

[2026-09-03 17:39:51.166407] aggregation_Q003
  SQL: SELECT AVG(c_acctbal) AS avg_account_balance FROM customer
  ERR: 2013 (HY000): Lost connection to MySQL server during query

[2026-09-03 17:39:51.166433] aggregation_Q004
  SQL: SELECT MIN(p_retailprice) AS min_price, MAX(p_retailprice) AS max_price FROM part
  ERR: 2013 (HY000): Lost connection to MySQL server during query

[2026-09-03 17:39:51.166461] aggregation_Q005
  SQL: SELECT SUM(l_quantity) AS total_quantity FROM lineitem
  ERR: 2013 (HY000): Lost connection to MySQL server during query

[2026-09-03 17:39:51.166489] aggregation_Q006
  SQL: SELECT COUNT(DISTINCT o_custkey) AS distinct_customers FROM orders
  ERR: 2013 (HY000): Lost connection to MySQL server during query

[2026-09-03 17:39:51.166515] aggregation_Q007
  SQL: SELECT AVG(l_discount) AS avg_discount FROM lineitem
  ERR: 2013 (HY000): Lost connection to MySQL server during query

[2026-09-03 17:39:51.166545] aggregation_Q008
  SQL: SELECT COUNT(*) AS total_suppliers FROM supplier
  ERR: 2013 (HY000): Lost connection to MySQL server during query

[2026-09-03 17:39:51.166572] aggregation_Q009
  SQL: SELECT SUM(ps_availqty) AS total_available_qty FROM partsupp
  ERR: 2013 (HY000): Lost connection to MySQL server during query

[2026-09-03 17:39:51.166601] aggregation_Q010
  SQL: SELECT AVG(ps_supplycost) AS avg_supply_cost FROM partsupp
  ERR: 2013 (HY000): Lost connection to MySQL server during query

[2026-09-03 17:39:51.166629] aggregation_Q011
  SQL: SELECT MIN(o_totalprice) AS min_order_price, MAX(o_totalprice) AS max_order_price FROM orders
  ERR: 2013 (HY000): Lost connection to MySQL server during query

[2026-09-03 17:39:51.166659] aggregation_Q012
  SQL: SELECT COUNT(*) AS high_discount_items FROM lineitem WHERE l_discount > 0.05
  ERR: 2013 (HY000): Lost connection to MySQL server during query

[2026-09-03 17:39:51.166688] aggregation_Q013
  SQL: SELECT SUM(l_extendedprice) AS total_gross_revenue FROM lineitem
  ERR: 2013 (HY000): Lost connection to MySQL server during query

[2026-09-03 17:39:51.166716] aggregation_Q014
  SQL: SELECT AVG(l_quantity) AS avg_quantity FROM lineitem
  ERR: 2013 (HY000): Lost connection to MySQL server during query

[2026-09-03 17:39:51.166752] aggregation_Q015
  SQL: SELECT COUNT(*) AS total_parts FROM part WHERE p_container LIKE '%BOX%'
  ERR: 2013 (HY000): Lost connection to MySQL server during query

[2026-09-03 17:39:51.166779] aggregation_Q016
  SQL: SELECT SUM(l_extendedprice * l_tax) AS total_tax FROM lineitem
  ERR: 2013 (HY000): Lost connection to MySQL server during query

[2026-09-03 17:39:51.166805] aggregation_Q017
  SQL: SELECT COUNT(*) AS customers_positive_balance FROM customer WHERE c_acctbal > 0
  ERR: 2013 (HY000): Lost connection to MySQL server during query

[2026-09-03 17:39:51.166833] aggregation_Q018
  SQL: SELECT AVG(o_totalprice) AS avg_order_total FROM orders
  ERR: 2013 (HY000): Lost connection to MySQL server during query

[2026-09-03 17:39:51.166860] aggregation_Q019
  SQL: SELECT COUNT(*) AS total_parts FROM part
  ERR: 2013 (HY000): Lost connection to MySQL server during query

[2026-09-03 17:39:51.166887] aggregation_Q020
  SQL: SELECT MIN(c_acctbal) AS min_balance, MAX(c_acctbal) AS max_balance FROM customer
  ERR: 2013 (HY000): Lost connection to MySQL server during query

[2026-09-03 17:39:51.166913] aggregation_Q021
  SQL: SELECT o_orderstatus, COUNT(*) AS order_count FROM orders GROUP BY o_orderstatus
  ERR: 2013 (HY000): Lost connection to MySQL server during query

[2026-09-03 17:39:51.166939] aggregation_Q022
  SQL: SELECT SUM(l_extendedprice * (1 - l_discount)) AS shipped_revenue FROM lineitem WHERE l_shipinstruct = 'DELIVER IN PERSO
  ERR: 2013 (HY000): Lost connection to MySQL server during query

[2026-09-03 17:39:51.166977] aggregation_Q023
  SQL: SELECT COUNT(DISTINCT n_nationkey) AS total_nations FROM nation
  ERR: 2013 (HY000): Lost connection to MySQL server during query

[2026-09-03 17:39:51.167003] aggregation_Q024
  SQL: SELECT AVG(p_size) AS avg_part_size FROM part
  ERR: 2013 (HY000): Lost connection to MySQL server during query

[2026-09-03 17:39:51.167028] aggregation_Q025
  SQL: SELECT COUNT(*) AS total_lineitems FROM lineitem
  ERR: 2013 (HY000): Lost connection to MySQL server during query

[2026-09-03 17:39:51.167054] aggregation_Q026
  SQL: SELECT SUM(o_totalprice) AS urgent_order_total FROM orders WHERE o_orderpriority = '1-URGENT'
  ERR: 2013 (HY000): Lost connection to MySQL server during query

[2026-09-03 17:39:51.167079] aggregation_Q027
  SQL: SELECT COUNT(*) AS large_parts FROM part WHERE p_size > 20
  ERR: 2013 (HY000): Lost connection to MySQL server during query

[2026-09-03 17:39:51.167104] aggregation_Q028
  SQL: SELECT AVG(s_acctbal) AS avg_supplier_balance FROM supplier
  ERR: 2013 (HY000): Lost connection to MySQL server during query

[2026-09-03 17:39:51.167130] aggregation_Q029
  SQL: SELECT MIN(l_quantity) AS min_qty, MAX(l_quantity) AS max_qty FROM lineitem
  ERR: 2013 (HY000): Lost connection to MySQL server during query

[2026-09-03 17:39:51.167156] aggregation_Q030
  SQL: SELECT COUNT(*) AS total_regions FROM region
  ERR: 2013 (HY000): Lost connection to MySQL server during query

[2026-09-03 17:39:51.167184] aggregation_Q031
  SQL: SELECT o_custkey, COUNT(*) AS order_count FROM orders GROUP BY o_custkey ORDER BY order_count DESC
  ERR: 2013 (HY000): Lost connection to MySQL server during query

[2026-09-03 17:39:51.167214] aggregation_Q032
  SQL: SELECT l_orderkey, SUM(l_extendedprice * (1 - l_discount)) AS order_revenue FROM lineitem GROUP BY l_orderkey ORDER BY o
  ERR: 2013 (HY000): Lost connection to MySQL server during query

[2026-09-03 17:39:51.167243] aggregation_Q033
  SQL: SELECT c_nationkey, AVG(c_acctbal) AS avg_balance FROM customer GROUP BY c_nationkey ORDER BY avg_balance DESC
  ERR: 2013 (HY000): Lost connection to MySQL server during query

[2026-09-03 17:39:51.167271] aggregation_Q034
  SQL: SELECT p_mfgr, COUNT(*) AS part_count FROM part GROUP BY p_mfgr ORDER BY part_count DESC
  ERR: 2013 (HY000): Lost connection to MySQL server during query

[2026-09-03 17:39:51.167299] aggregation_Q035
  SQL: SELECT ps_suppkey, SUM(ps_availqty) AS total_qty FROM partsupp GROUP BY ps_suppkey ORDER BY total_qty DESC
  ERR: 2013 (HY000): Lost connection to MySQL server during query

[2026-09-03 17:39:51.167329] aggregation_Q036
  SQL: SELECT ps_partkey, AVG(ps_supplycost) AS avg_cost FROM partsupp GROUP BY ps_partkey ORDER BY avg_cost
  ERR: 2013 (HY000): Lost connection to MySQL server during query

[2026-09-03 17:39:51.167356] aggregation_Q037
  SQL: SELECT o_orderpriority, COUNT(*) AS order_count FROM orders GROUP BY o_orderpriority ORDER BY order_count DESC
  ERR: 2013 (HY000): Lost connection to MySQL server during query

[2026-09-03 17:39:51.167386] aggregation_Q038
  SQL: SELECT l_shipmode, SUM(l_quantity) AS total_quantity FROM lineitem GROUP BY l_shipmode ORDER BY total_quantity DESC
  ERR: 2013 (HY000): Lost connection to MySQL server during query

[2026-09-03 17:39:51.167416] aggregation_Q039
  SQL: SELECT l_shipmode, AVG(l_discount) AS avg_discount FROM lineitem GROUP BY l_shipmode ORDER BY avg_discount DESC
  ERR: 2013 (HY000): Lost connection to MySQL server during query

[2026-09-03 17:39:51.167446] aggregation_Q040
  SQL: SELECT l_returnflag, SUM(l_extendedprice * (1 - l_discount)) AS revenue FROM lineitem GROUP BY l_returnflag
  ERR: 2013 (HY000): Lost connection to MySQL server during query

[2026-09-03 17:39:51.167474] aggregation_Q041
  SQL: SELECT s_nationkey, COUNT(*) AS supplier_count FROM supplier GROUP BY s_nationkey ORDER BY supplier_count DESC
  ERR: 2013 (HY000): Lost connection to MySQL server during query

[2026-09-03 17:39:51.167504] aggregation_Q042
  SQL: SELECT p_type, AVG(p_retailprice) AS avg_price FROM part GROUP BY p_type ORDER BY avg_price DESC
  ERR: 2013 (HY000): Lost connection to MySQL server during query

[2026-09-03 17:39:51.167534] aggregation_Q043
  SQL: SELECT YEAR(o_orderdate) AS order_year, SUM(o_totalprice) AS total_value FROM orders GROUP BY YEAR(o_orderdate) ORDER BY
  ERR: 2013 (HY000): Lost connection to MySQL server during query

[2026-09-03 17:39:51.167562] aggregation_Q044
  SQL: SELECT l_linestatus, COUNT(*) AS lineitem_count FROM lineitem GROUP BY l_linestatus
  ERR: 2013 (HY000): Lost connection to MySQL server during query

[2026-09-03 17:39:51.167588] aggregation_Q045
  SQL: SELECT YEAR(o_orderdate) AS order_year, AVG(o_totalprice) AS avg_order_value FROM orders GROUP BY YEAR(o_orderdate) ORDE
  ERR: 2013 (HY000): Lost connection to MySQL server during query

[2026-09-03 17:39:51.167616] aggregation_Q046
  SQL: SELECT ps_partkey, MIN(ps_supplycost) AS min_cost, MAX(ps_supplycost) AS max_cost FROM partsupp GROUP BY ps_partkey
  ERR: 2013 (HY000): Lost connection to MySQL server during query

[2026-09-03 17:39:51.167645] aggregation_Q047
  SQL: SELECT l_partkey, SUM(l_extendedprice) AS total_price FROM lineitem GROUP BY l_partkey ORDER BY total_price DESC
  ERR: 2013 (HY000): Lost connection to MySQL server during query

[2026-09-03 17:39:51.167675] aggregation_Q048
  SQL: SELECT c_mktsegment, COUNT(*) AS customer_count FROM customer GROUP BY c_mktsegment ORDER BY customer_count DESC
  ERR: 2013 (HY000): Lost connection to MySQL server during query

[2026-09-03 17:39:51.167702] aggregation_Q049
  SQL: SELECT c_mktsegment, AVG(c_acctbal) AS avg_balance FROM customer GROUP BY c_mktsegment ORDER BY avg_balance DESC
  ERR: 2013 (HY000): Lost connection to MySQL server during query

[2026-09-03 17:39:51.167730] aggregation_Q050
  SQL: SELECT l_suppkey, SUM(l_extendedprice * (1 - l_discount)) AS supplier_revenue FROM lineitem GROUP BY l_suppkey ORDER BY 
  ERR: 2013 (HY000): Lost connection to MySQL server during query

[2026-09-03 17:39:51.167758] aggregation_Q051
  SQL: SELECT p_brand, COUNT(*) AS part_count FROM part GROUP BY p_brand ORDER BY part_count DESC
  ERR: 2013 (HY000): Lost connection to MySQL server during query

[2026-09-03 17:39:51.167786] aggregation_Q052
  SQL: SELECT p_brand, AVG(p_size) AS avg_size FROM part GROUP BY p_brand ORDER BY avg_size DESC
  ERR: 2013 (HY000): Lost connection to MySQL server during query

[2026-09-03 17:39:51.167814] aggregation_Q053
  SQL: SELECT DATE_FORMAT(o_orderdate, '%Y-%m') AS order_month, COUNT(*) AS order_count FROM orders GROUP BY DATE_FORMAT(o_orde
  ERR: 2013 (HY000): Lost connection to MySQL server during query

[2026-09-03 17:39:51.167850] aggregation_Q054
  SQL: SELECT l_orderkey, SUM(l_extendedprice * l_tax) AS total_tax FROM lineitem GROUP BY l_orderkey ORDER BY total_tax DESC
  ERR: 2013 (HY000): Lost connection to MySQL server during query

[2026-09-03 17:39:51.167879] aggregation_Q055
  SQL: SELECT l_suppkey, AVG(l_quantity) AS avg_quantity FROM lineitem GROUP BY l_suppkey ORDER BY avg_quantity DESC
  ERR: 2013 (HY000): Lost connection to MySQL server during query

[2026-09-03 17:39:51.167907] aggregation_Q056
  SQL: SELECT p_container, COUNT(*) AS part_count FROM part GROUP BY p_container ORDER BY part_count DESC
  ERR: 2013 (HY000): Lost connection to MySQL server during query

[2026-09-03 17:39:51.167936] aggregation_Q057
  SQL: SELECT o_orderpriority, SUM(o_totalprice) AS total_revenue FROM orders GROUP BY o_orderpriority ORDER BY total_revenue D
  ERR: 2013 (HY000): Lost connection to MySQL server during query

[2026-09-03 17:39:51.167964] aggregation_Q058
  SQL: SELECT l_suppkey, COUNT(*) AS lineitem_count FROM lineitem GROUP BY l_suppkey ORDER BY lineitem_count DESC
  ERR: 2013 (HY000): Lost connection to MySQL server during query

[2026-09-03 17:39:51.167990] aggregation_Q059
  SQL: SELECT o_custkey, MIN(o_orderdate) AS first_order_date FROM orders GROUP BY o_custkey
  ERR: 2013 (HY000): Lost connection to MySQL server during query

[2026-09-03 17:39:51.168015] aggregation_Q060
  SQL: SELECT o_custkey, MAX(o_orderdate) AS last_order_date FROM orders GROUP BY o_custkey
  ERR: 2013 (HY000): Lost connection to MySQL server during query

[2026-09-03 17:39:51.168044] aggregation_Q061
  SQL: SELECT c_nationkey, YEAR(o_orderdate) AS order_year, SUM(o_totalprice) AS total_revenue FROM orders JOIN customer ON o_c
  ERR: 2013 (HY000): Lost connection to MySQL server during query

[2026-09-03 17:39:51.168073] aggregation_Q062
  SQL: SELECT o_custkey, o_orderpriority, COUNT(*) AS order_count FROM orders GROUP BY o_custkey, o_orderpriority ORDER BY o_cu
  ERR: 2013 (HY000): Lost connection to MySQL server during query

[2026-09-03 17:39:51.168102] aggregation_Q063
  SQL: SELECT l_shipmode, l_returnflag, SUM(l_extendedprice * (1 - l_discount)) AS revenue FROM lineitem GROUP BY l_shipmode, l
  ERR: 2013 (HY000): Lost connection to MySQL server during query

[2026-09-03 17:39:51.168129] aggregation_Q064
  SQL: SELECT ps_suppkey, ps_partkey, AVG(ps_supplycost) AS avg_cost FROM partsupp GROUP BY ps_suppkey, ps_partkey ORDER BY avg
  ERR: 2013 (HY000): Lost connection to MySQL server during query

[2026-09-03 17:39:51.168156] aggregation_Q065
  SQL: SELECT p_brand, p_container, COUNT(*) AS part_count FROM part GROUP BY p_brand, p_container ORDER BY p_brand, p_containe
  ERR: 2013 (HY000): Lost connection to MySQL server during query

[2026-09-03 17:39:51.168194] aggregation_Q066
  SQL: SELECT p_type, p_brand, SUM(l_extendedprice * (1 - l_discount)) AS revenue FROM lineitem JOIN part ON l_partkey = p_part
  ERR: 2013 (HY000): Lost connection to MySQL server during query

[2026-09-03 17:39:51.168223] aggregation_Q067
  SQL: SELECT c_mktsegment, YEAR(o_orderdate) AS order_year, COUNT(*) AS order_count FROM orders JOIN customer ON o_custkey = c
  ERR: 2013 (HY000): Lost connection to MySQL server during query

[2026-09-03 17:39:51.168253] aggregation_Q068
  SQL: SELECT l_shipmode, l_linestatus, AVG(l_discount) AS avg_discount FROM lineitem GROUP BY l_shipmode, l_linestatus ORDER B
  ERR: 2013 (HY000): Lost connection to MySQL server during query

[2026-09-03 17:39:51.168282] aggregation_Q069
  SQL: SELECT n_name, c_mktsegment, SUM(o_totalprice) AS total_revenue FROM orders JOIN customer ON o_custkey = c_custkey JOIN 
  ERR: 2013 (HY000): Lost connection to MySQL server during query

[2026-09-03 17:39:51.168312] aggregation_Q070
  SQL: SELECT l_suppkey, l_shipmode, SUM(l_quantity) AS total_qty FROM lineitem GROUP BY l_suppkey, l_shipmode ORDER BY l_suppk
  ERR: 2013 (HY000): Lost connection to MySQL server during query

[2026-09-03 17:39:51.168342] aggregation_Q071
  SQL: SELECT YEAR(o_orderdate) AS order_year, o_orderpriority, COUNT(*) AS order_count FROM orders GROUP BY YEAR(o_orderdate),
  ERR: 2013 (HY000): Lost connection to MySQL server during query

[2026-09-03 17:39:51.168372] aggregation_Q072
  SQL: SELECT c_nationkey, c_mktsegment, AVG(c_acctbal) AS avg_balance FROM customer GROUP BY c_nationkey, c_mktsegment ORDER B
  ERR: 2013 (HY000): Lost connection to MySQL server during query

[2026-09-03 17:39:51.168404] aggregation_Q073
  SQL: SELECT r_name, YEAR(o_orderdate) AS order_year, SUM(o_totalprice) AS total_revenue FROM orders JOIN customer ON o_custke
  ERR: 2013 (HY000): Lost connection to MySQL server during query

[2026-09-03 17:39:51.168435] aggregation_Q074
  SQL: SELECT p_mfgr, p_brand, COUNT(*) AS part_count FROM part GROUP BY p_mfgr, p_brand ORDER BY p_mfgr, p_brand
  ERR: 2013 (HY000): Lost connection to MySQL server during query

[2026-09-03 17:39:51.168466] aggregation_Q075
  SQL: SELECT YEAR(o_orderdate) AS order_year, l_shipmode, AVG(o_totalprice) AS avg_order_value FROM orders JOIN lineitem ON o_
  ERR: 2013 (HY000): Lost connection to MySQL server during query

[2026-09-03 17:39:51.168498] aggregation_Q076
  SQL: SELECT n_name, p_type, SUM(ps_supplycost * ps_availqty) AS total_supply_cost FROM partsupp JOIN supplier ON ps_suppkey =
  ERR: 2013 (HY000): Lost connection to MySQL server during query

[2026-09-03 17:39:51.168528] aggregation_Q077
  SQL: SELECT c_mktsegment, l_returnflag, SUM(l_extendedprice * (1 - l_discount)) AS revenue FROM lineitem JOIN orders ON l_ord
  ERR: 2013 (HY000): Lost connection to MySQL server during query

[2026-09-03 17:39:51.168558] aggregation_Q078
  SQL: SELECT p_brand, l_shipmode, AVG(l_extendedprice) AS avg_price FROM lineitem JOIN part ON l_partkey = p_partkey GROUP BY 
  ERR: 2013 (HY000): Lost connection to MySQL server during query

[2026-09-03 17:39:51.168588] aggregation_Q079
  SQL: SELECT o_clerk, YEAR(o_orderdate) AS order_year, COUNT(*) AS order_count FROM orders GROUP BY o_clerk, YEAR(o_orderdate)
  ERR: 2013 (HY000): Lost connection to MySQL server during query

[2026-09-03 17:39:51.168617] aggregation_Q080
  SQL: SELECT l_partkey, l_returnflag, AVG(l_quantity) AS avg_qty FROM lineitem GROUP BY l_partkey, l_returnflag ORDER BY l_par
  ERR: 2013 (HY000): Lost connection to MySQL server during query

[2026-09-03 17:39:51.168646] aggregation_Q081
  SQL: SELECT r_name, p_brand, AVG(ps_supplycost) AS avg_supply_cost FROM partsupp JOIN part ON ps_partkey = p_partkey JOIN sup
  ERR: 2013 (HY000): Lost connection to MySQL server during query

[2026-09-03 17:39:51.168676] aggregation_Q082
  SQL: SELECT DATE_FORMAT(l_shipdate, '%Y-%m') AS ship_month, l_returnflag, SUM(l_extendedprice * (1 - l_discount)) AS revenue 
  ERR: 2013 (HY000): Lost connection to MySQL server during query

[2026-09-03 17:39:51.168706] aggregation_Q083
  SQL: SELECT p_size, p_container, COUNT(*) AS part_count FROM part GROUP BY p_size, p_container ORDER BY p_size, p_container
  ERR: 2013 (HY000): Lost connection to MySQL server during query

[2026-09-03 17:39:51.168737] aggregation_Q084
  SQL: SELECT n1.n_name AS supplier_nation, n2.n_name AS customer_nation, SUM(l_extendedprice * (1 - l_discount)) AS revenue FR
  ERR: 2013 (HY000): Lost connection to MySQL server during query

[2026-09-03 17:39:51.168766] aggregation_Q085
  SQL: SELECT p_type, p_size, AVG(p_retailprice) AS avg_price FROM part GROUP BY p_type, p_size ORDER BY p_type, p_size
  ERR: 2013 (HY000): Lost connection to MySQL server during query

[2026-09-03 17:39:51.168794] aggregation_Q086
  SQL: SELECT c_mktsegment, o_orderpriority, COUNT(*) AS order_count FROM orders JOIN customer ON o_custkey = c_custkey GROUP B
  ERR: 2013 (HY000): Lost connection to MySQL server during query

[2026-09-03 17:39:51.168823] aggregation_Q087
  SQL: SELECT r_name, c_mktsegment, SUM(l_extendedprice * (1 - l_discount)) AS revenue FROM lineitem JOIN orders ON l_orderkey 
  ERR: 2013 (HY000): Lost connection to MySQL server during query

[2026-09-03 17:39:51.168853] aggregation_Q088
  SQL: SELECT r_name, c_mktsegment, AVG(c_acctbal) AS avg_balance FROM customer JOIN nation ON c_nationkey = n_nationkey JOIN r
  ERR: 2013 (HY000): Lost connection to MySQL server during query

[2026-09-03 17:39:51.168902] aggregation_Q089
  SQL: SELECT YEAR(l_shipdate) AS ship_year, l_shipmode, SUM(l_extendedprice * l_discount) AS total_discount FROM lineitem GROU
  ERR: 2013 (HY000): Lost connection to MySQL server during query

[2026-09-03 17:39:51.168931] aggregation_Q090
  SQL: SELECT YEAR(l_shipdate) AS ship_year, l_returnflag, COUNT(*) AS item_count FROM lineitem GROUP BY YEAR(l_shipdate), l_re
  ERR: 2013 (HY000): Lost connection to MySQL server during query

[2026-09-03 17:39:51.168961] aggregation_Q091
  SQL: SELECT o_custkey, COUNT(*) AS order_count FROM orders GROUP BY o_custkey HAVING COUNT(*) > 10 ORDER BY order_count DESC
  ERR: 2013 (HY000): Lost connection to MySQL server during query

[2026-09-03 17:39:51.168989] aggregation_Q092
  SQL: SELECT ps_suppkey, SUM(ps_availqty) AS total_qty FROM partsupp GROUP BY ps_suppkey HAVING SUM(ps_availqty) > 50000 ORDER
  ERR: 2013 (HY000): Lost connection to MySQL server during query

[2026-09-03 17:39:51.169018] aggregation_Q093
  SQL: SELECT ps_partkey, AVG(ps_supplycost) AS avg_cost FROM partsupp GROUP BY ps_partkey HAVING AVG(ps_supplycost) > 500 ORDE
  ERR: 2013 (HY000): Lost connection to MySQL server during query

[2026-09-03 17:39:51.169047] aggregation_Q094
  SQL: SELECT l_shipmode, AVG(l_discount) AS avg_discount FROM lineitem GROUP BY l_shipmode HAVING AVG(l_discount) > 0.05 ORDER
  ERR: 2013 (HY000): Lost connection to MySQL server during query

[2026-09-03 17:39:51.169075] aggregation_Q095
  SQL: SELECT c_nationkey, COUNT(*) AS customer_count FROM customer GROUP BY c_nationkey HAVING COUNT(*) > 1000 ORDER BY custom
  ERR: 2013 (HY000): Lost connection to MySQL server during query

[2026-09-03 17:39:51.169104] aggregation_Q096
  SQL: SELECT l_orderkey, SUM(l_extendedprice * (1 - l_discount)) AS order_revenue FROM lineitem GROUP BY l_orderkey HAVING SUM
  ERR: 2013 (HY000): Lost connection to MySQL server during query

[2026-09-03 17:39:51.169133] aggregation_Q097
  SQL: SELECT p_mfgr, COUNT(*) AS part_count FROM part GROUP BY p_mfgr HAVING COUNT(*) > 200 ORDER BY part_count DESC
  ERR: 2013 (HY000): Lost connection to MySQL server during query

[2026-09-03 17:39:51.169161] aggregation_Q098
  SQL: SELECT o_custkey, AVG(o_totalprice) AS avg_order_value FROM orders GROUP BY o_custkey HAVING AVG(o_totalprice) > 100000 
  ERR: 2013 (HY000): Lost connection to MySQL server during query

[2026-09-03 17:39:51.169190] aggregation_Q099
  SQL: SELECT ps_suppkey, AVG(ps_supplycost) AS avg_cost FROM partsupp GROUP BY ps_suppkey HAVING AVG(ps_supplycost) > (SELECT 
  ERR: 2013 (HY000): Lost connection to MySQL server during query

[2026-09-03 17:39:51.169219] aggregation_Q100
  SQL: SELECT ps_partkey, ps_suppkey, ps_availqty FROM partsupp WHERE ps_availqty < 100 ORDER BY ps_availqty
  ERR: 2013 (HY000): Lost connection to MySQL server during query

[2026-09-03 17:39:51.169248] aggregation_Q101
  SQL: SELECT c_nationkey, AVG(c_acctbal) AS avg_balance FROM customer GROUP BY c_nationkey HAVING AVG(c_acctbal) > 4000 ORDER 
  ERR: 2013 (HY000): Lost connection to MySQL server during query

[2026-09-03 17:39:51.169277] aggregation_Q102
  SQL: SELECT l_shipmode, SUM(l_quantity) AS total_qty FROM lineitem GROUP BY l_shipmode HAVING SUM(l_quantity) > 5000000 ORDER
  ERR: 2013 (HY000): Lost connection to MySQL server during query

[2026-09-03 17:39:51.169304] aggregation_Q103
  SQL: SELECT p_brand, COUNT(DISTINCT p_partkey) AS distinct_parts FROM part GROUP BY p_brand HAVING COUNT(DISTINCT p_partkey) 
  ERR: 2013 (HY000): Lost connection to MySQL server during query

[2026-09-03 17:39:51.169331] aggregation_Q104
  SQL: SELECT o_clerk, COUNT(*) AS order_count FROM orders GROUP BY o_clerk HAVING COUNT(*) > 500 ORDER BY order_count DESC
  ERR: 2013 (HY000): Lost connection to MySQL server during query

[2026-09-03 17:39:51.169363] aggregation_Q105
  SQL: SELECT p_type, MAX(p_retailprice) AS max_price FROM part GROUP BY p_type HAVING MAX(p_retailprice) > 2000 ORDER BY max_p
  ERR: 2013 (HY000): Lost connection to MySQL server during query

[2026-09-03 17:39:51.169390] aggregation_Q106
  SQL: SELECT l_suppkey, SUM(l_extendedprice * (1 - l_discount)) AS revenue FROM lineitem GROUP BY l_suppkey HAVING SUM(l_exten
  ERR: 2013 (HY000): Lost connection to MySQL server during query

[2026-09-03 17:39:51.169417] aggregation_Q107
  SQL: SELECT YEAR(o_orderdate) AS order_year, SUM(o_totalprice) AS total_value FROM orders GROUP BY YEAR(o_orderdate) HAVING S
  ERR: 2013 (HY000): Lost connection to MySQL server during query

[2026-09-03 17:39:51.169444] aggregation_Q108
  SQL: SELECT s_nationkey, COUNT(*) AS supplier_count FROM supplier GROUP BY s_nationkey HAVING COUNT(*) > 50 ORDER BY supplier
  ERR: 2013 (HY000): Lost connection to MySQL server during query

[2026-09-03 17:39:51.169471] aggregation_Q109
  SQL: SELECT c_mktsegment, AVG(c_acctbal) AS avg_balance FROM customer GROUP BY c_mktsegment HAVING AVG(c_acctbal) > (SELECT A
  ERR: 2013 (HY000): Lost connection to MySQL server during query

[2026-09-03 17:39:51.169497] aggregation_Q110
  SQL: SELECT l_partkey, COUNT(*) AS order_times FROM lineitem GROUP BY l_partkey HAVING COUNT(*) > 1000 ORDER BY order_times D
  ERR: 2013 (HY000): Lost connection to MySQL server during query

[2026-09-03 17:39:51.169881] aggregation_Q111
  SQL: SELECT ps_suppkey, COUNT(DISTINCT ps_partkey) AS distinct_parts FROM partsupp GROUP BY ps_suppkey HAVING COUNT(DISTINCT 
  ERR: 2013 (HY000): Lost connection to MySQL server during query

[2026-09-03 17:39:51.169934] aggregation_Q112
  SQL: SELECT o_orderpriority, AVG(o_totalprice) AS avg_total FROM orders GROUP BY o_orderpriority HAVING AVG(o_totalprice) > 1
  ERR: 2013 (HY000): Lost connection to MySQL server during query

[2026-09-03 17:39:51.169997] aggregation_Q113
  SQL: SELECT o_custkey, COUNT(DISTINCT YEAR(o_orderdate)) AS active_years FROM orders GROUP BY o_custkey HAVING COUNT(DISTINCT
  ERR: 2013 (HY000): Lost connection to MySQL server during query

[2026-09-03 17:39:51.170034] aggregation_Q114
  SQL: SELECT p_container, AVG(p_size) AS avg_size FROM part GROUP BY p_container HAVING AVG(p_size) > 30 ORDER BY avg_size DES
  ERR: 2013 (HY000): Lost connection to MySQL server during query

[2026-09-03 17:39:51.170065] aggregation_Q115
  SQL: SELECT l_returnflag, SUM(l_extendedprice * l_discount) AS total_discount FROM lineitem GROUP BY l_returnflag HAVING SUM(
  ERR: 2013 (HY000): Lost connection to MySQL server during query

[2026-09-03 17:39:51.170096] aggregation_Q116
  SQL: SELECT ps_suppkey, MIN(ps_supplycost) AS min_cost FROM partsupp GROUP BY ps_suppkey HAVING MIN(ps_supplycost) < 10 ORDER
  ERR: 2013 (HY000): Lost connection to MySQL server during query

[2026-09-03 17:39:51.170126] aggregation_Q117
  SQL: SELECT c_nationkey, COUNT(*) AS customer_count, COUNT(DISTINCT o_orderkey) AS total_orders FROM customer JOIN orders ON 
  ERR: 2013 (HY000): Lost connection to MySQL server during query

[2026-09-03 17:39:51.170156] aggregation_Q118
  SQL: SELECT p_brand, AVG(p_retailprice) AS avg_retail_price FROM part GROUP BY p_brand HAVING AVG(p_retailprice) BETWEEN 1000
  ERR: 2013 (HY000): Lost connection to MySQL server during query

[2026-09-03 17:39:51.170191] aggregation_Q119
  SQL: SELECT l_shipmode, COUNT(*) AS returned_count FROM lineitem WHERE l_returnflag = 'R' GROUP BY l_shipmode HAVING COUNT(*)
  ERR: 2013 (HY000): Lost connection to MySQL server during query

[2026-09-03 17:39:51.170220] aggregation_Q120
  SQL: SELECT r_regionkey, COUNT(*) AS nation_count FROM nation GROUP BY r_regionkey HAVING COUNT(*) > 5 ORDER BY nation_count 
  ERR: 2013 (HY000): Lost connection to MySQL server during query

[2026-09-03 17:39:51.170249] aggregation_Q121
  SQL: SELECT o_custkey, COUNT(*) AS order_count FROM orders GROUP BY o_custkey HAVING COUNT(*) > ( SELECT AVG(cnt) FROM ( SELE
  ERR: 2013 (HY000): Lost connection to MySQL server during query

[2026-09-03 17:39:51.170278] aggregation_Q122
  SQL: SELECT p_partkey, p_type, p_retailprice FROM part p WHERE p_retailprice > ( SELECT AVG(p2.p_retailprice) FROM part p2 WH
  ERR: 2013 (HY000): Lost connection to MySQL server during query

[2026-09-03 17:39:51.170307] aggregation_Q123
  SQL: SELECT ps_suppkey, ps_partkey, ps_supplycost FROM partsupp ps WHERE ps_supplycost < ( SELECT AVG(ps2.ps_supplycost) FROM
  ERR: 2013 (HY000): Lost connection to MySQL server during query

[2026-09-03 17:39:51.170369] aggregation_Q124
  SQL: SELECT o_custkey, SUM(o_totalprice) AS total_value FROM orders GROUP BY o_custkey ORDER BY total_value DESC LIMIT 10
  ERR: 2013 (HY000): Lost connection to MySQL server during query

[2026-09-03 17:39:51.170400] aggregation_Q125
  SQL: SELECT n_name, SUM(l_extendedprice * (1 - l_discount)) AS nation_revenue, SUM(l_extendedprice * (1 - l_discount)) / (SEL
  ERR: 2013 (HY000): Lost connection to MySQL server during query

[2026-09-03 17:39:51.170430] aggregation_Q126
  SQL: SELECT p_partkey, p_name FROM part WHERE p_partkey NOT IN ( SELECT DISTINCT l_partkey FROM lineitem )
  ERR: 2013 (HY000): Lost connection to MySQL server during query

[2026-09-03 17:39:51.170459] aggregation_Q127
  SQL: SELECT c_custkey, c_name FROM customer WHERE c_custkey NOT IN ( SELECT DISTINCT o_custkey FROM orders )
  ERR: 2013 (HY000): Lost connection to MySQL server during query

[2026-09-03 17:39:51.170509] aggregation_Q128
  SQL: SELECT c_mktsegment, AVG(order_count) AS avg_orders_per_customer FROM ( SELECT c_mktsegment, o_custkey, COUNT(*) AS orde
  ERR: 2013 (HY000): Lost connection to MySQL server during query

[2026-09-03 17:39:51.170545] aggregation_Q129
  SQL: SELECT n_name, SUM(l_extendedprice * (1 - l_discount)) AS total_revenue, RANK() OVER (ORDER BY SUM(l_extendedprice * (1 
  ERR: 2013 (HY000): Lost connection to MySQL server during query

[2026-09-03 17:39:51.170577] aggregation_Q130
  SQL: SELECT n_name, s_name, MAX(ps_supplycost) AS max_supply_cost FROM partsupp JOIN supplier ON ps_suppkey = s_suppkey JOIN 
  ERR: 2013 (HY000): Lost connection to MySQL server during query

[2026-09-03 17:39:51.170608] aggregation_Q131
  SQL: SELECT order_year, total_revenue, LAG(total_revenue) OVER (ORDER BY order_year) AS prev_year_revenue, total_revenue - LA
  ERR: 2013 (HY000): Lost connection to MySQL server during query

[2026-09-03 17:39:51.170640] aggregation_Q132
  SQL: SELECT p_brand, p_name, revenue FROM ( SELECT p_brand, p_name, SUM(l_extendedprice * (1 - l_discount)) AS revenue, RANK(
  ERR: 2013 (HY000): Lost connection to MySQL server during query

[2026-09-03 17:39:51.170671] aggregation_Q133
  SQL: SELECT order_year, o_orderpriority, order_count, order_count / SUM(order_count) OVER (PARTITION BY order_year) * 100 AS 
  ERR: 2013 (HY000): Lost connection to MySQL server during query

[2026-09-03 17:39:51.170706] aggregation_Q134
  SQL: SELECT order_year, AVG(lineitem_count) AS avg_lineitems_per_order FROM ( SELECT YEAR(o_orderdate) AS order_year, l_order
  ERR: 2013 (HY000): Lost connection to MySQL server during query

[2026-09-03 17:39:51.170736] aggregation_Q135
  SQL: SELECT n_name FROM ( SELECT n_name, SUM(l_extendedprice * (1 - l_discount)) AS nation_supply_revenue FROM lineitem JOIN 
  ERR: 2013 (HY000): Lost connection to MySQL server during query

[2026-09-03 17:39:51.170773] aggregation_Q136
  SQL: SELECT ps_partkey, ps_suppkey, ps_availqty FROM partsupp ps WHERE ps_availqty = ( SELECT MAX(ps2.ps_availqty) FROM parts
  ERR: 2013 (HY000): Lost connection to MySQL server during query

[2026-09-03 17:39:51.170802] aggregation_Q137
  SQL: SELECT c_custkey, c_name, c_acctbal, total_spend FROM customer JOIN ( SELECT o_custkey, SUM(o_totalprice) AS total_spend
  ERR: 2013 (HY000): Lost connection to MySQL server during query

[2026-09-03 17:39:51.170832] aggregation_Q138
  SQL: SELECT ship_year, l_shipmode, mode_revenue, mode_revenue / SUM(mode_revenue) OVER (PARTITION BY ship_year) * 100 AS reve
  ERR: 2013 (HY000): Lost connection to MySQL server during query

[2026-09-03 17:39:51.170863] aggregation_Q139
  SQL: SELECT p_partkey, p_type, p_retailprice, ABS(p_retailprice - avg_type_price) AS price_deviation FROM part JOIN ( SELECT 
  ERR: 2013 (HY000): Lost connection to MySQL server during query

[2026-09-03 17:39:51.170899] aggregation_Q140
  SQL: SELECT o_orderdate, SUM(o_totalprice) AS daily_revenue, SUM(SUM(o_totalprice)) OVER (ORDER BY o_orderdate) AS cumulative
  ERR: 2013 (HY000): Lost connection to MySQL server during query

[2026-09-03 17:39:51.170929] aggregation_Q141
  SQL: SELECT n_name, supplier_count FROM ( SELECT n_name, COUNT(*) AS supplier_count FROM supplier JOIN nation ON s_nationkey 
  ERR: 2013 (HY000): Lost connection to MySQL server during query

[2026-09-03 17:39:51.170958] aggregation_Q142
  SQL: SELECT c_mktsegment, SUM(l_extendedprice * l_discount) AS total_discount_savings FROM lineitem JOIN orders ON l_orderkey
  ERR: 2013 (HY000): Lost connection to MySQL server during query

[2026-09-03 17:39:51.170992] aggregation_Q143
  SQL: SELECT o_orderpriority, AVG(item_count) AS avg_lineitems FROM ( SELECT o_orderkey, o_orderpriority, COUNT(*) AS item_cou
  ERR: 2013 (HY000): Lost connection to MySQL server during query

[2026-09-03 17:39:51.171033] aggregation_Q144
  SQL: SELECT CASE WHEN p_size > 30 THEN 'Large' ELSE 'Small' END AS size_group, SUM(l_extendedprice * (1 - l_discount)) AS rev
  ERR: 2013 (HY000): Lost connection to MySQL server during query

[2026-09-03 17:39:51.171066] aggregation_Q145
  SQL: SELECT YEAR(o_orderdate) AS order_year, AVG(DATEDIFF(l_shipdate, o_orderdate)) AS avg_ship_lag_days FROM orders JOIN lin
  ERR: 2013 (HY000): Lost connection to MySQL server during query

[2026-09-03 17:39:51.171094] aggregation_Q146
  SQL: SELECT o_custkey, SUM(o_totalprice) AS total_spend, RANK() OVER (ORDER BY SUM(o_totalprice) DESC) AS spend_rank FROM ord
  ERR: 2013 (HY000): Lost connection to MySQL server during query

[2026-09-03 17:39:51.171126] aggregation_Q147
  SQL: SELECT n_name, COUNT(*) AS supplier_count, DENSE_RANK() OVER (ORDER BY COUNT(*) DESC) AS nation_rank FROM supplier JOIN 
  ERR: 2013 (HY000): Lost connection to MySQL server during query

[2026-09-03 17:39:51.171157] aggregation_Q148
  SQL: SELECT YEAR(o_orderdate) AS order_year, COUNT(*) AS yearly_orders, SUM(COUNT(*)) OVER (ORDER BY YEAR(o_orderdate)) AS ru
  ERR: 2013 (HY000): Lost connection to MySQL server during query

[2026-09-03 17:39:51.171187] aggregation_Q149
  SQL: SELECT n_name, nation_revenue, PERCENT_RANK() OVER (ORDER BY nation_revenue) AS revenue_percentile FROM ( SELECT n_name,
  ERR: 2013 (HY000): Lost connection to MySQL server during query

[2026-09-03 17:39:51.171216] aggregation_Q150
  SQL: SELECT o_orderdate, daily_total, AVG(daily_total) OVER (ORDER BY o_orderdate ROWS BETWEEN 6 PRECEDING AND CURRENT ROW) A
  ERR: 2013 (HY000): Lost connection to MySQL server during query

[2026-09-03 17:39:51.171723] aggregation_Q151
  SQL: SELECT o_custkey, MIN(o_orderdate) AS first_order, MAX(o_orderdate) AS last_order, DATEDIFF(MAX(o_orderdate), MIN(o_orde
  ERR: 2013 (HY000): Lost connection to MySQL server during query

[2026-09-03 17:39:51.171763] aggregation_Q152
  SQL: SELECT l_orderkey, l_linenumber, l_extendedprice, ROW_NUMBER() OVER (PARTITION BY l_orderkey ORDER BY l_extendedprice DE
  ERR: 2013 (HY000): Lost connection to MySQL server during query

[2026-09-03 17:39:51.171792] aggregation_Q153
  SQL: SELECT l_shipmode, ship_year, yearly_qty, SUM(yearly_qty) OVER (PARTITION BY l_shipmode ORDER BY ship_year) AS cumulativ
  ERR: 2013 (HY000): Lost connection to MySQL server during query

[2026-09-03 17:39:51.171825] aggregation_Q154
  SQL: SELECT o_custkey, total_spend, NTILE(4) OVER (ORDER BY total_spend) AS spend_quartile FROM ( SELECT o_custkey, SUM(o_tot
  ERR: 2013 (HY000): Lost connection to MySQL server during query

[2026-09-03 17:39:51.171856] aggregation_Q155
  SQL: SELECT n_name, order_year, nation_revenue, LAG(nation_revenue) OVER (PARTITION BY n_name ORDER BY order_year) AS prev_ye
  ERR: 2013 (HY000): Lost connection to MySQL server during query

[2026-09-03 17:39:51.171889] aggregation_Q156
  SQL: SELECT ship_year, l_shipmode, mode_revenue, MAX(mode_revenue) OVER (PARTITION BY ship_year) AS max_mode_revenue FROM ( S
  ERR: 2013 (HY000): Lost connection to MySQL server during query

[2026-09-03 17:39:51.171920] aggregation_Q157
  SQL: SELECT p_brand, p_partkey, part_revenue, RANK() OVER (PARTITION BY p_brand ORDER BY part_revenue DESC) AS brand_rank FRO
  ERR: 2013 (HY000): Lost connection to MySQL server during query

[2026-09-03 17:39:51.171952] aggregation_Q158
  SQL: SELECT ps_partkey, ps_suppkey, ps_availqty, RANK() OVER (PARTITION BY ps_partkey ORDER BY ps_availqty DESC) AS avail_ran
  ERR: 2013 (HY000): Lost connection to MySQL server during query

[2026-09-03 17:39:51.171995] aggregation_Q159
  SQL: SELECT o_custkey, c_mktsegment, customer_spend, AVG(customer_spend) OVER (PARTITION BY c_mktsegment) AS segment_avg_spen
  ERR: 2013 (HY000): Lost connection to MySQL server during query

[2026-09-03 17:39:51.172026] aggregation_Q160
  SQL: SELECT r_name, order_year, yearly_revenue, SUM(yearly_revenue) OVER (PARTITION BY r_name ORDER BY order_year) AS cumulat
  ERR: 2013 (HY000): Lost connection to MySQL server during query

[2026-09-03 17:39:51.172055] aggregation_Q161
  SQL: SELECT DISTINCT o_custkey, FIRST_VALUE(o_orderkey) OVER ( PARTITION BY o_custkey ORDER BY o_totalprice DESC ) AS highest
  ERR: 2013 (HY000): Lost connection to MySQL server during query

[2026-09-03 17:39:51.172082] aggregation_Q162
  SQL: SELECT n_name, s_name, total_supply_value, RANK() OVER (PARTITION BY n_name ORDER BY total_supply_value DESC) AS nation_
  ERR: 2013 (HY000): Lost connection to MySQL server during query

[2026-09-03 17:39:51.172110] aggregation_Q163
  SQL: SELECT o_custkey, o_orderdate, o_totalprice, MIN(o_totalprice) OVER (PARTITION BY o_custkey ORDER BY o_orderdate) AS run
  ERR: 2013 (HY000): Lost connection to MySQL server during query

[2026-09-03 17:39:51.172137] aggregation_Q164
  SQL: SELECT p_type, ps_partkey, ps_supplycost, AVG(ps_supplycost) OVER (PARTITION BY p_type) AS type_avg_cost, ps_supplycost 
  ERR: 2013 (HY000): Lost connection to MySQL server during query

[2026-09-03 17:39:51.172165] aggregation_Q165
  SQL: SELECT n_name, order_year, nation_revenue, LEAD(nation_revenue) OVER (PARTITION BY n_name ORDER BY order_year) AS next_y
  ERR: 2013 (HY000): Lost connection to MySQL server during query

[2026-09-03 17:39:51.172194] aggregation_Q166
  SQL: SELECT l_shipmode, SUM(CASE WHEN l_returnflag = 'R' THEN l_extendedprice * (1 - l_discount) ELSE 0 END) AS returned_reve
  ERR: 2013 (HY000): Lost connection to MySQL server during query

[2026-09-03 17:39:51.172508] aggregation_Q167
  SQL: SELECT o_custkey, COUNT(CASE WHEN o_totalprice > 200000 THEN 1 END) AS high_value_orders, COUNT(CASE WHEN o_totalprice <
  ERR: 2013 (HY000): Lost connection to MySQL server during query

[2026-09-03 17:39:51.172567] aggregation_Q168
  SQL: SELECT CASE WHEN o_orderpriority = '1-URGENT' THEN 'Urgent' ELSE 'Non-Urgent' END AS priority_group, SUM(o_totalprice) A
  ERR: 2013 (HY000): Lost connection to MySQL server during query

[2026-09-03 17:39:51.172602] aggregation_Q169
  SQL: SELECT CASE WHEN l_discount < 0.02 THEN 'Low (< 2%)' WHEN l_discount < 0.05 THEN 'Medium (2-5%)' WHEN l_discount < 0.08 
  ERR: 2013 (HY000): Lost connection to MySQL server during query

[2026-09-03 17:39:51.172634] aggregation_Q170
  SQL: SELECT CASE WHEN s_acctbal < 0 THEN 'Negative' WHEN s_acctbal < 2500 THEN 'Low' WHEN s_acctbal < 5000 THEN 'Medium' ELSE
  ERR: 2013 (HY000): Lost connection to MySQL server during query

[2026-09-03 17:39:51.172664] aggregation_Q171
  SQL: SELECT YEAR(o_orderdate) AS order_year, QUARTER(o_orderdate) AS order_quarter, COUNT(*) AS order_count, SUM(o_totalprice
  ERR: 2013 (HY000): Lost connection to MySQL server during query

[2026-09-03 17:39:51.172696] aggregation_Q172
  SQL: SELECT CASE WHEN p_size > 25 THEN 'Large' ELSE 'Small' END AS part_size_group, COUNT(DISTINCT l_partkey) AS distinct_par
  ERR: 2013 (HY000): Lost connection to MySQL server during query

[2026-09-03 17:39:51.172727] aggregation_Q173
  SQL: SELECT CASE WHEN DAYOFWEEK(o_orderdate) IN (1, 7) THEN 'Weekend' ELSE 'Weekday' END AS day_type, COUNT(*) AS order_count
  ERR: 2013 (HY000): Lost connection to MySQL server during query

[2026-09-03 17:39:51.172757] aggregation_Q174
  SQL: SELECT CASE WHEN c_acctbal >= 0 THEN 'Positive' ELSE 'Negative' END AS balance_type, COUNT(*) AS customer_count, AVG(c_a
  ERR: 2013 (HY000): Lost connection to MySQL server during query

[2026-09-03 17:39:51.172809] aggregation_Q175
  SQL: SELECT CASE WHEN p_type LIKE 'STANDARD%' THEN 'Standard' WHEN p_type LIKE 'SMALL%' THEN 'Small' WHEN p_type LIKE 'MEDIUM
  ERR: 2013 (HY000): Lost connection to MySQL server during query

[2026-09-03 17:39:51.172851] aggregation_Q176
  SQL: SELECT CASE WHEN DATEDIFF(l_receiptdate, l_shipdate) <= 3 THEN 'Fast (<=3 days)' WHEN DATEDIFF(l_receiptdate, l_shipdate
  ERR: 2013 (HY000): Lost connection to MySQL server during query

[2026-09-03 17:39:51.172882] aggregation_Q177
  SQL: SELECT CASE WHEN DATEDIFF('1998-12-31', o_orderdate) <= 365 THEN 'Recent' WHEN DATEDIFF('1998-12-31', o_orderdate) <= 73
  ERR: 2013 (HY000): Lost connection to MySQL server during query

[2026-09-03 17:39:51.172912] aggregation_Q178
  SQL: SELECT l_returnflag, SUM(CASE WHEN l_discount >= 0.05 THEN l_extendedprice * l_discount ELSE 0 END) AS high_discount_sav
  ERR: 2013 (HY000): Lost connection to MySQL server during query

[2026-09-03 17:39:51.172943] aggregation_Q179
  SQL: SELECT c_mktsegment, COUNT(CASE WHEN order_count = 0            THEN 1 END) AS no_orders, COUNT(CASE WHEN order_count BE
  ERR: 2013 (HY000): Lost connection to MySQL server during query

[2026-09-03 17:39:51.172977] aggregation_Q180
  SQL: SELECT order_month, monthly_revenue, LAG(monthly_revenue) OVER (ORDER BY order_month) AS prev_month_revenue, CASE WHEN m
  ERR: 2013 (HY000): Lost connection to MySQL server during query

[2026-09-03 17:39:51.173011] aggregation_Q181
  SQL: SELECT l_returnflag, l_linestatus, SUM(l_quantity)                                          AS sum_qty, SUM(l_extendedpr
  ERR: 2013 (HY000): Lost connection to MySQL server during query

[2026-09-03 17:39:51.173056] aggregation_Q182
  SQL: SELECT l_orderkey, SUM(l_extendedprice * (1 - l_discount)) AS revenue, o_orderdate, o_shippriority FROM customer JOIN or
  ERR: 2013 (HY000): Lost connection to MySQL server during query

[2026-09-03 17:39:51.173099] aggregation_Q183
  SQL: SELECT n_name, SUM(l_extendedprice * (1 - l_discount)) AS revenue FROM customer JOIN orders ON c_custkey = o_custkey JOI
  ERR: 2013 (HY000): Lost connection to MySQL server during query

[2026-09-03 17:39:51.173131] aggregation_Q184
  SQL: SELECT SUM(l_extendedprice * l_discount) AS revenue_change FROM lineitem WHERE l_shipdate >= '1994-01-01' AND l_shipdate
  ERR: 2013 (HY000): Lost connection to MySQL server during query

[2026-09-03 17:39:51.173167] aggregation_Q185
  SQL: SELECT c_mktsegment, SUM(o_totalprice) AS segment_revenue, SUM(o_totalprice) / (SELECT SUM(o_totalprice) FROM orders) * 
  ERR: 2013 (HY000): Lost connection to MySQL server during query

[2026-09-03 17:39:51.173205] aggregation_Q186
  SQL: SELECT s_name, n_name, COUNT(DISTINCT ps_partkey) AS parts_supplied, AVG(ps_supplycost) AS avg_supply_cost, SUM(ps_avail
  ERR: 2013 (HY000): Lost connection to MySQL server during query

[2026-09-03 17:39:51.173235] aggregation_Q187
  SQL: SELECT o_custkey, COUNT(DISTINCT o_orderkey) AS total_orders, COUNT(l_linenumber) AS total_lineitems, SUM(l_extendedpric
  ERR: 2013 (HY000): Lost connection to MySQL server during query

[2026-09-03 17:39:51.173267] aggregation_Q188
  SQL: SELECT s_name, n_name AS nation, COUNT(DISTINCT ps_partkey) AS unique_parts, SUM(ps_availqty) AS total_stock, MIN(ps_sup
  ERR: 2013 (HY000): Lost connection to MySQL server during query

[2026-09-03 17:39:51.173299] aggregation_Q189
  SQL: SELECT c_custkey, c_name, c_mktsegment, n_name AS nation, COUNT(DISTINCT o_orderkey) AS total_orders, MIN(o_orderdate) A
  ERR: 2013 (HY000): Lost connection to MySQL server during query

[2026-09-03 17:39:51.173331] aggregation_Q190
  SQL: SELECT p_brand, p_type, p_size, COUNT(DISTINCT l_orderkey) AS order_appearances, SUM(l_quantity) AS total_qty_sold, SUM(
  ERR: 2013 (HY000): Lost connection to MySQL server during query

[2026-09-03 17:39:51.173362] aggregation_Q191
  SQL: SELECT r_name, c_mktsegment, YEAR(o_orderdate) AS order_year, COUNT(DISTINCT o_orderkey) AS order_count, SUM(o_totalpric
  ERR: 2013 (HY000): Lost connection to MySQL server during query

[2026-09-03 17:39:51.173394] aggregation_Q192
  SQL: SELECT r_name AS region, n_name AS nation, p_type AS part_type, COUNT(DISTINCT ps_partkey) AS distinct_parts, SUM(ps_ava
  ERR: 2013 (HY000): Lost connection to MySQL server during query

[2026-09-03 17:39:51.173435] aggregation_Q193
  SQL: SELECT n_name, AVG(DATEDIFF(l_shipdate, o_orderdate)) AS avg_days_to_ship, AVG(DATEDIFF(l_receiptdate, l_shipdate)) AS a
  ERR: 2013 (HY000): Lost connection to MySQL server during query

[2026-09-03 17:39:51.173469] aggregation_Q194
  SQL: SELECT l_shipmode, YEAR(l_shipdate) AS ship_year, COUNT(*) AS item_count, SUM(l_extendedprice) AS gross_revenue, SUM(l_e
  ERR: 2013 (HY000): Lost connection to MySQL server during query

[2026-09-03 17:39:51.173501] aggregation_Q195
  SQL: SELECT p_type, COUNT(DISTINCT l_partkey) AS distinct_parts, COUNT(*) AS total_orders, SUM(l_quantity) AS total_qty, SUM(
  ERR: 2013 (HY000): Lost connection to MySQL server during query

[2026-09-03 17:39:51.173542] aggregation_Q196
  SQL: SELECT n1.n_name AS supplier_nation, n2.n_name AS customer_nation, YEAR(o_orderdate) AS trade_year, SUM(l_extendedprice 
  ERR: 2013 (HY000): Lost connection to MySQL server during query

[2026-09-03 17:39:51.173576] aggregation_Q197
  SQL: SELECT c_mktsegment, order_year, segment_revenue, segment_revenue / SUM(segment_revenue) OVER (PARTITION BY order_year) 
  ERR: 2013 (HY000): Lost connection to MySQL server during query

[2026-09-03 17:39:51.173608] aggregation_Q198
  SQL: SELECT n_name, p_brand, SUM(ps_availqty) AS total_stock, AVG(ps_supplycost) AS avg_unit_cost, SUM(ps_availqty * ps_suppl
  ERR: 2013 (HY000): Lost connection to MySQL server during query

[2026-09-03 17:39:51.173639] aggregation_Q199
  SQL: SELECT o_orderpriority, o_orderstatus, YEAR(o_orderdate) AS order_year, COUNT(*) AS order_count, SUM(o_totalprice) AS to
  ERR: 2013 (HY000): Lost connection to MySQL server during query

[2026-09-03 17:39:51.173673] aggregation_Q200
  SQL: SELECT r_name AS region, n_name AS nation, c_mktsegment AS market_segment, YEAR(o_orderdate) AS order_year, COUNT(DISTIN
  ERR: 2013 (HY000): Lost connection to MySQL server during query

[2026-09-03 17:39:51.176929] complex_queries_Q001
  SQL: WITH customer_revenue AS ( SELECT o_custkey, SUM(o_totalprice) AS total_revenue FROM orders GROUP BY o_custkey ) SELECT 
  ERR: 2013 (HY000): Lost connection to MySQL server during query

[2026-09-03 17:39:51.176963] complex_queries_Q002
  SQL: WITH supplier_revenue AS ( SELECT l_suppkey, SUM(l_extendedprice * (1 - l_discount)) AS revenue FROM lineitem GROUP BY l
  ERR: 2013 (HY000): Lost connection to MySQL server during query

[2026-09-03 17:39:51.176995] complex_queries_Q003
  SQL: WITH nation_orders AS ( SELECT n_name, COUNT(DISTINCT o_orderkey) AS order_count, SUM(o_totalprice)          AS total_va
  ERR: 2013 (HY000): Lost connection to MySQL server during query

[2026-09-03 17:39:51.177027] complex_queries_Q004
  SQL: WITH part_demand AS ( SELECT l_partkey, SUM(l_quantity)                          AS total_ordered, SUM(l_extendedprice *
  ERR: 2013 (HY000): Lost connection to MySQL server during query

[2026-09-03 17:39:51.177059] complex_queries_Q005
  SQL: WITH customer_years AS ( SELECT o_custkey, COUNT(DISTINCT YEAR(o_orderdate)) AS active_years FROM orders GROUP BY o_cust
  ERR: 2013 (HY000): Lost connection to MySQL server during query

[2026-09-03 17:39:51.177089] complex_queries_Q006
  SQL: WITH region_revenue AS ( SELECT r_name, SUM(l_extendedprice * (1 - l_discount)) AS revenue FROM lineitem JOIN orders  ON
  ERR: 2013 (HY000): Lost connection to MySQL server during query

[2026-09-03 17:39:51.177123] complex_queries_Q007
  SQL: WITH monthly_revenue AS ( SELECT DATE_FORMAT(o_orderdate, '%Y-%m') AS order_month, SUM(o_totalprice)                 AS 
  ERR: 2013 (HY000): Lost connection to MySQL server during query

[2026-09-03 17:39:51.177154] complex_queries_Q008
  SQL: WITH nation_supply AS ( SELECT n_name, SUM(l_extendedprice * (1 - l_discount)) AS supply_revenue FROM lineitem JOIN supp
  ERR: 2013 (HY000): Lost connection to MySQL server during query

[2026-09-03 17:39:51.177220] complex_queries_Q009
  SQL: WITH order_counts AS ( SELECT o_custkey, COUNT(*) AS num_orders FROM orders GROUP BY o_custkey ), buckets AS ( SELECT o_
  ERR: 2013 (HY000): Lost connection to MySQL server during query

[2026-09-03 17:39:51.177272] complex_queries_Q010
  SQL: WITH part_profit AS ( SELECT p_type, p_partkey, p_name, SUM(l_extendedprice * (1 - l_discount))                  AS reve
  ERR: 2013 (HY000): Lost connection to MySQL server during query

[2026-09-03 17:39:51.177308] complex_queries_Q011
  SQL: WITH customer_totals AS ( SELECT o_custkey, SUM(o_totalprice) AS total_spend FROM orders GROUP BY o_custkey ), percentil
  ERR: 2013 (HY000): Lost connection to MySQL server during query

[2026-09-03 17:39:51.177344] complex_queries_Q012
  SQL: WITH stock_levels AS ( SELECT ps_partkey, SUM(ps_availqty) AS total_stock FROM partsupp GROUP BY ps_partkey ), demand_le
  ERR: 2013 (HY000): Lost connection to MySQL server during query

[2026-09-03 17:39:51.177381] complex_queries_Q013
  SQL: WITH yearly_regional AS ( SELECT r_name, YEAR(o_orderdate) AS yr, SUM(o_totalprice) AS revenue FROM orders JOIN customer
  ERR: 2013 (HY000): Lost connection to MySQL server during query

[2026-09-03 17:39:51.177426] complex_queries_Q014
  SQL: WITH clerk_stats AS ( SELECT o_clerk, COUNT(*)          AS total_orders, SUM(o_totalprice) AS total_value, AVG(o_totalpr
  ERR: 2013 (HY000): Lost connection to MySQL server during query

[2026-09-03 17:39:51.177460] complex_queries_Q015
  SQL: WITH ordered_dates AS ( SELECT o_custkey, o_orderdate, LAG(o_orderdate) OVER (PARTITION BY o_custkey ORDER BY o_orderdat
  ERR: 2013 (HY000): Lost connection to MySQL server during query

[2026-09-03 17:39:51.177494] complex_queries_Q016
  SQL: WITH trade_pairs AS ( SELECT n1.n_name AS supplier_nation, n2.n_name AS customer_nation, SUM(l_extendedprice * (1 - l_di
  ERR: 2013 (HY000): Lost connection to MySQL server during query

[2026-09-03 17:39:51.177528] complex_queries_Q017
  SQL: WITH segment_avg AS ( SELECT c_mktsegment, AVG(c_acctbal) AS avg_balance FROM customer GROUP BY c_mktsegment ) SELECT c_
  ERR: 2013 (HY000): Lost connection to MySQL server during query

[2026-09-03 17:39:51.177564] complex_queries_Q018
  SQL: WITH brand_region_revenue AS ( SELECT r_name, p_brand, SUM(l_extendedprice * (1 - l_discount)) AS revenue FROM lineitem 
  ERR: 2013 (HY000): Lost connection to MySQL server during query

[2026-09-03 17:39:51.177598] complex_queries_Q019
  SQL: WITH supplier_yearly AS ( SELECT l_suppkey, YEAR(l_shipdate) AS yr, SUM(l_extendedprice * (1 - l_discount)) AS yearly_re
  ERR: 2013 (HY000): Lost connection to MySQL server during query

[2026-09-03 17:39:51.177630] complex_queries_Q020
  SQL: WITH order_values AS ( SELECT o_orderkey, o_totalprice, NTILE(10) OVER (ORDER BY o_totalprice) AS decile FROM orders ) S
  ERR: 2013 (HY000): Lost connection to MySQL server during query

[2026-09-03 17:39:51.177671] complex_queries_Q021
  SQL: WITH supplier_counts AS ( SELECT ps_partkey, COUNT(DISTINCT ps_suppkey) AS num_suppliers FROM partsupp GROUP BY ps_partk
  ERR: 2013 (HY000): Lost connection to MySQL server during query

[2026-09-03 17:39:51.177701] complex_queries_Q022
  SQL: WITH quarterly AS ( SELECT YEAR(o_orderdate)    AS yr, QUARTER(o_orderdate) AS qtr, COUNT(*)              AS order_count
  ERR: 2013 (HY000): Lost connection to MySQL server during query

[2026-09-03 17:39:51.177729] complex_queries_Q023
  SQL: WITH returned_parts AS ( SELECT DISTINCT l_partkey FROM lineitem WHERE l_returnflag = 'R' ) SELECT p_partkey, p_name, p_
  ERR: 2013 (HY000): Lost connection to MySQL server during query

[2026-09-03 17:39:51.177758] complex_queries_Q024
  SQL: WITH ship_delays AS ( SELECT c_nationkey, l_orderkey, DATEDIFF(l_shipdate, o_orderdate)    AS order_to_ship, DATEDIFF(l_
  ERR: 2013 (HY000): Lost connection to MySQL server during query

[2026-09-03 17:39:51.177790] complex_queries_Q025
  SQL: WITH last_orders AS ( SELECT o_custkey, MAX(o_orderdate) AS last_order_date FROM orders GROUP BY o_custkey ), churn_flag
  ERR: 2013 (HY000): Lost connection to MySQL server during query

[2026-09-03 17:39:51.177823] complex_queries_Q026
  SQL: SELECT c_custkey, c_name, o_orderkey, o_totalprice FROM customer JOIN orders ON c_custkey = o_custkey WHERE o_totalprice
  ERR: 2013 (HY000): Lost connection to MySQL server during query

[2026-09-03 17:39:51.177861] complex_queries_Q027
  SQL: SELECT p_partkey, p_name, p_brand, p_retailprice FROM part p WHERE p_retailprice > ( SELECT AVG(p2.p_retailprice) FROM p
  ERR: 2013 (HY000): Lost connection to MySQL server during query

[2026-09-03 17:39:51.177894] complex_queries_Q028
  SQL: SELECT s_suppkey, s_name, s_nationkey, part_count FROM supplier JOIN ( SELECT ps_suppkey, COUNT(DISTINCT ps_partkey) AS 
  ERR: 2013 (HY000): Lost connection to MySQL server during query

[2026-09-03 17:39:51.177927] complex_queries_Q029
  SQL: SELECT o_orderkey, o_custkey, o_totalprice, item_count FROM orders JOIN ( SELECT l_orderkey, COUNT(*) AS item_count FROM
  ERR: 2013 (HY000): Lost connection to MySQL server during query

[2026-09-03 17:39:51.177959] complex_queries_Q030
  SQL: SELECT n_name, AVG(c_acctbal) AS avg_balance FROM customer JOIN nation ON c_nationkey = n_nationkey GROUP BY n_name HAVI
  ERR: 2013 (HY000): Lost connection to MySQL server during query

[2026-09-03 17:39:51.177988] complex_queries_Q031
  SQL: SELECT ps1.ps_partkey, ps1.ps_suppkey, ps1.ps_supplycost FROM partsupp ps1 WHERE ps1.ps_supplycost = ( SELECT MIN(ps2.ps
  ERR: 2013 (HY000): Lost connection to MySQL server during query

[2026-09-03 17:39:51.178016] complex_queries_Q032
  SQL: SELECT c_custkey, c_name, c_mktsegment, total_spend FROM customer JOIN ( SELECT o_custkey, SUM(o_totalprice) AS total_sp
  ERR: 2013 (HY000): Lost connection to MySQL server during query

[2026-09-03 17:39:51.178045] complex_queries_Q033
  SQL: SELECT s_suppkey, s_name, MIN(ps_supplycost) AS cheapest_part_cost FROM supplier JOIN partsupp ON s_suppkey = ps_suppkey
  ERR: 2013 (HY000): Lost connection to MySQL server during query

[2026-09-03 17:39:51.178071] complex_queries_Q034
  SQL: SELECT l_orderkey, l_partkey, l_quantity FROM lineitem l WHERE l_quantity > ( SELECT AVG(l2.l_quantity) FROM lineitem l2
  ERR: 2013 (HY000): Lost connection to MySQL server during query

[2026-09-03 17:39:51.178098] complex_queries_Q035
  SQL: SELECT o_orderkey, o_custkey, o_orderdate, o_totalprice FROM orders o WHERE o_orderdate > ( SELECT MIN(o2.o_orderdate) F
  ERR: 2013 (HY000): Lost connection to MySQL server during query

[2026-09-03 17:39:51.178126] complex_queries_Q036
  SQL: SELECT l_partkey, p_type, SUM(l_extendedprice * (1 - l_discount)) AS part_revenue FROM lineitem JOIN part ON l_partkey =
  ERR: 2013 (HY000): Lost connection to MySQL server during query

[2026-09-03 17:39:51.178154] complex_queries_Q037
  SQL: SELECT o_custkey, COUNT(DISTINCT YEAR(o_orderdate)) AS active_years FROM orders GROUP BY o_custkey HAVING COUNT(DISTINCT
  ERR: 2013 (HY000): Lost connection to MySQL server during query

[2026-09-03 17:39:51.178181] complex_queries_Q038
  SQL: SELECT s_suppkey, s_name FROM supplier WHERE NOT EXISTS ( SELECT 1 FROM partsupp ps WHERE ps.ps_suppkey = s_suppkey AND 
  ERR: 2013 (HY000): Lost connection to MySQL server during query

[2026-09-03 17:39:51.178249] complex_queries_Q039
  SQL: SELECT DISTINCT o_orderkey FROM orders WHERE NOT EXISTS ( SELECT 1 FROM lineitem l WHERE l.l_orderkey = o_orderkey AND l
  ERR: 2013 (HY000): Lost connection to MySQL server during query

[2026-09-03 17:39:51.178312] complex_queries_Q040
  SQL: SELECT o_custkey, MAX(o_totalprice)  AS best_order, AVG(o_totalprice)  AS avg_order FROM orders GROUP BY o_custkey HAVIN
  ERR: 2013 (HY000): Lost connection to MySQL server during query

[2026-09-03 17:39:51.178344] complex_queries_Q041
  SQL: SELECT ps_partkey, COUNT(DISTINCT ps_suppkey) AS supplier_count FROM partsupp GROUP BY ps_partkey HAVING COUNT(DISTINCT 
  ERR: 2013 (HY000): Lost connection to MySQL server during query

[2026-09-03 17:39:51.178374] complex_queries_Q042
  SQL: SELECT n_name FROM nation WHERE ( SELECT SUM(ps_availqty) FROM partsupp JOIN supplier ON ps_suppkey = s_suppkey WHERE s_
  ERR: 2013 (HY000): Lost connection to MySQL server during query

[2026-09-03 17:39:51.178405] complex_queries_Q043
  SQL: SELECT l_orderkey, l_linenumber, l_shipdate FROM lineitem l WHERE l_shipdate = ( SELECT MAX(l2.l_shipdate) FROM lineitem
  ERR: 2013 (HY000): Lost connection to MySQL server during query

[2026-09-03 17:39:51.178436] complex_queries_Q044
  SQL: SELECT o_custkey FROM orders o WHERE o_totalprice = (SELECT MAX(o2.o_totalprice) FROM orders o2 WHERE o2.o_custkey = o.o
  ERR: 2013 (HY000): Lost connection to MySQL server during query

[2026-09-03 17:39:51.178465] complex_queries_Q045
  SQL: SELECT ps_partkey, MAX(ps_supplycost) - MIN(ps_supplycost) AS cost_spread, MAX(ps_supplycost)                      AS ma
  ERR: 2013 (HY000): Lost connection to MySQL server during query

[2026-09-03 17:39:51.178496] complex_queries_Q046
  SQL: SELECT o_orderkey, o_orderpriority, o_totalprice FROM orders o WHERE o_totalprice < ( SELECT MIN_10PCT FROM ( SELECT o_o
  ERR: 2013 (HY000): Lost connection to MySQL server during query

[2026-09-03 17:39:51.178528] complex_queries_Q047
  SQL: SELECT DISTINCT s_suppkey, s_name FROM supplier s JOIN ( SELECT l_suppkey, SUM(l_extendedprice * (1 - l_discount)) AS re
  ERR: 2013 (HY000): Lost connection to MySQL server during query

[2026-09-03 17:39:51.178570] complex_queries_Q048
  SQL: SELECT n_name, c_custkey, c_name, c_acctbal FROM customer JOIN nation ON c_nationkey = n_nationkey WHERE c_acctbal = ( S
  ERR: 2013 (HY000): Lost connection to MySQL server during query

[2026-09-03 17:39:51.178601] complex_queries_Q049
  SQL: SELECT DISTINCT o_orderkey FROM orders WHERE EXISTS ( SELECT 1 FROM lineitem l1 WHERE l1.l_orderkey = o_orderkey AND l1.
  ERR: 2013 (HY000): Lost connection to MySQL server during query

[2026-09-03 17:39:51.178632] complex_queries_Q050
  SQL: SELECT l_partkey FROM lineitem JOIN orders ON l_orderkey = o_orderkey GROUP BY l_partkey HAVING COUNT(DISTINCT YEAR(o_or
  ERR: 2013 (HY000): Lost connection to MySQL server during query

[2026-09-03 17:39:51.178663] complex_queries_Q051
  SQL: SELECT 'Customer' AS entity_type, c_name     AS entity_name, n_name     AS nation FROM customer JOIN nation ON c_nationk
  ERR: 2013 (HY000): Lost connection to MySQL server during query

[2026-09-03 17:39:51.178694] complex_queries_Q052
  SQL: SELECT c_custkey, c_name, 'High Spender' AS tag FROM customer JOIN ( SELECT o_custkey, SUM(o_totalprice) AS total FROM o
  ERR: 2013 (HY000): Lost connection to MySQL server during query

[2026-09-03 17:39:51.178727] complex_queries_Q053
  SQL: (SELECT l_partkey, 'Top Revenue' AS category, SUM(l_extendedprice * (1 - l_discount)) AS metric FROM lineitem GROUP BY l
  ERR: 2013 (HY000): Lost connection to MySQL server during query

[2026-09-03 17:39:51.178756] complex_queries_Q054
  SQL: SELECT c_custkey, c_name, 0 AS order_count FROM customer WHERE c_custkey NOT IN (SELECT DISTINCT o_custkey FROM orders) 
  ERR: 2013 (HY000): Lost connection to MySQL server during query

[2026-09-03 17:39:51.178786] complex_queries_Q055
  SQL: SELECT o_orderkey, o_custkey, o_totalprice, '1-URGENT' AS priority_label FROM orders WHERE o_orderpriority = '1-URGENT' 
  ERR: 2013 (HY000): Lost connection to MySQL server during query

[2026-09-03 17:39:51.178822] complex_queries_Q056
  SQL: SELECT n_name FROM ( SELECT n_name, COUNT(*) AS cnt FROM customer JOIN nation ON c_nationkey = n_nationkey GROUP BY n_na
  ERR: 2013 (HY000): Lost connection to MySQL server during query

[2026-09-03 17:39:51.178852] complex_queries_Q057
  SQL: SELECT l_orderkey, l_linenumber, 'Returned' AS issue FROM lineitem WHERE l_returnflag = 'R' UNION ALL SELECT l_orderkey,
  ERR: 2013 (HY000): Lost connection to MySQL server during query

[2026-09-03 17:39:51.178901] complex_queries_Q058
  SQL: SELECT o_orderkey, o_totalprice, o_orderpriority, 'Order' AS source FROM orders WHERE o_totalprice > 300000 UNION ALL SE
  ERR: 2013 (HY000): Lost connection to MySQL server during query

[2026-09-03 17:39:51.178941] complex_queries_Q059
  SQL: SELECT DISTINCT p_brand FROM lineitem JOIN part    ON l_partkey  = p_partkey JOIN orders  ON l_orderkey = o_orderkey JOI
  ERR: 2013 (HY000): Lost connection to MySQL server during query

[2026-09-03 17:39:51.178975] complex_queries_Q060
  SQL: SELECT s_suppkey, s_name, s_acctbal, r_name FROM supplier JOIN nation ON s_nationkey = n_nationkey JOIN region ON n_regi
  ERR: 2013 (HY000): Lost connection to MySQL server during query

[2026-09-03 17:39:51.179015] complex_queries_Q061
  SQL: SELECT n_name, 'Revenue' AS type, SUM(l_extendedprice * (1 - l_discount)) AS amount FROM lineitem JOIN orders   ON l_ord
  ERR: 2013 (HY000): Lost connection to MySQL server during query

[2026-09-03 17:39:51.179047] complex_queries_Q062
  SQL: (SELECT p_brand, 'Top Revenue' AS category FROM lineitem JOIN part ON l_partkey = p_partkey GROUP BY p_brand ORDER BY SU
  ERR: 2013 (HY000): Lost connection to MySQL server during query

[2026-09-03 17:39:51.179077] complex_queries_Q063
  SQL: SELECT DISTINCT l1.l_orderkey FROM lineitem l1 WHERE l1.l_shipmode = 'MAIL' AND l1.l_orderkey IN ( SELECT l2.l_orderkey 
  ERR: 2013 (HY000): Lost connection to MySQL server during query

[2026-09-03 17:39:51.179108] complex_queries_Q064
  SQL: SELECT n_name, cust_count, supp_count, order_count, cust_count + supp_count + order_count AS activity_score FROM ( SELEC
  ERR: 2013 (HY000): Lost connection to MySQL server during query

[2026-09-03 17:39:51.179139] complex_queries_Q065
  SQL: SELECT l_orderkey, l_linenumber, l_discount, l_tax FROM lineitem WHERE l_discount > (SELECT AVG(l_discount) FROM lineite
  ERR: 2013 (HY000): Lost connection to MySQL server during query

[2026-09-03 17:39:51.179169] complex_queries_Q066
  SQL: SELECT o_custkey, o_orderkey, o_totalprice, 'Best' AS label FROM orders o WHERE o_totalprice = ( SELECT MAX(o2.o_totalpr
  ERR: 2013 (HY000): Lost connection to MySQL server during query

[2026-09-03 17:39:51.179199] complex_queries_Q067
  SQL: SELECT DISTINCT l_partkey, 'Q1' AS quarter FROM lineitem JOIN orders ON l_orderkey = o_orderkey WHERE QUARTER(o_orderdat
  ERR: 2013 (HY000): Lost connection to MySQL server during query

[2026-09-03 17:39:51.179228] complex_queries_Q068
  SQL: SELECT 'Customer' AS role, c_name AS name, c_acctbal AS balance FROM customer JOIN nation ON c_nationkey = n_nationkey J
  ERR: 2013 (HY000): Lost connection to MySQL server during query

[2026-09-03 17:39:51.179258] complex_queries_Q069
  SQL: SELECT l_orderkey, l_linenumber, l_discount AS value, 'High Discount' AS flag FROM lineitem WHERE l_discount >= 0.09 UNI
  ERR: 2013 (HY000): Lost connection to MySQL server during query

[2026-09-03 17:39:51.179298] complex_queries_Q070
  SQL: SELECT o_orderkey FROM orders WHERE o_orderpriority = '1-URGENT' AND o_orderkey IN ( SELECT DISTINCT l_orderkey FROM lin
  ERR: 2013 (HY000): Lost connection to MySQL server during query

[2026-09-03 17:39:51.179328] complex_queries_Q071
  SQL: SELECT n_name FROM ( SELECT n_name FROM customer JOIN nation ON c_nationkey = n_nationkey GROUP BY n_name HAVING AVG(c_a
  ERR: 2013 (HY000): Lost connection to MySQL server during query

[2026-09-03 17:39:51.179359] complex_queries_Q072
  SQL: SELECT '1994' AS yr, n_name, SUM(o_totalprice) AS revenue FROM orders JOIN customer ON o_custkey = c_custkey JOIN nation
  ERR: 2013 (HY000): Lost connection to MySQL server during query

[2026-09-03 17:39:51.179390] complex_queries_Q073
  SQL: SELECT DISTINCT p_partkey FROM part WHERE p_type LIKE 'STANDARD%' AND p_partkey IN ( SELECT p_partkey FROM part WHERE p_
  ERR: 2013 (HY000): Lost connection to MySQL server during query

[2026-09-03 17:39:51.179418] complex_queries_Q074
  SQL: SELECT DISTINCT l_shipmode FROM lineitem WHERE YEAR(l_shipdate) = 1994 AND l_shipmode IN ( SELECT DISTINCT l_shipmode FR
  ERR: 2013 (HY000): Lost connection to MySQL server during query

[2026-09-03 17:39:51.179447] complex_queries_Q075
  SQL: SELECT DISTINCT o1.o_custkey FROM orders o1 JOIN orders o2 ON o1.o_custkey = o2.o_custkey AND YEAR(o1.o_orderdate) = YEA
  ERR: 2013 (HY000): Lost connection to MySQL server during query

[2026-09-03 17:39:51.179477] complex_queries_Q076
  SQL: SELECT c_custkey, c_name FROM customer WHERE EXISTS ( SELECT 1 FROM orders WHERE o_custkey = c_custkey AND o_orderpriori
  ERR: 2013 (HY000): Lost connection to MySQL server during query

[2026-09-03 17:39:51.179506] complex_queries_Q077
  SQL: SELECT s_suppkey, s_name FROM supplier WHERE NOT EXISTS ( SELECT 1 FROM lineitem WHERE l_suppkey = s_suppkey AND l_retur
  ERR: 2013 (HY000): Lost connection to MySQL server during query

[2026-09-03 17:39:51.179535] complex_queries_Q078
  SQL: SELECT DISTINCT p_partkey, p_name FROM part WHERE EXISTS ( SELECT 1 FROM lineitem JOIN orders   ON l_orderkey = o_orderk
  ERR: 2013 (HY000): Lost connection to MySQL server during query

[2026-09-03 17:39:51.179564] complex_queries_Q079
  SQL: SELECT n_name FROM nation WHERE NOT EXISTS ( SELECT 1 FROM supplier WHERE s_nationkey = n_nationkey ) ORDER BY n_name
  ERR: 2013 (HY000): Lost connection to MySQL server during query

[2026-09-03 17:39:51.179593] complex_queries_Q080
  SQL: SELECT o_custkey FROM orders WHERE YEAR(o_orderdate) = 1996 GROUP BY o_custkey HAVING COUNT(DISTINCT QUARTER(o_orderdate
  ERR: 2013 (HY000): Lost connection to MySQL server during query

[2026-09-03 17:39:51.179621] complex_queries_Q081
  SQL: SELECT ps_partkey FROM partsupp GROUP BY ps_partkey HAVING COUNT(DISTINCT ps_suppkey) >= 3 ORDER BY ps_partkey
  ERR: 2013 (HY000): Lost connection to MySQL server during query

[2026-09-03 17:39:51.179650] complex_queries_Q082
  SQL: SELECT s_suppkey, s_name FROM supplier WHERE NOT EXISTS ( SELECT DISTINCT p_type FROM part WHERE NOT EXISTS ( SELECT 1 F
  ERR: 2013 (HY000): Lost connection to MySQL server during query

[2026-09-03 17:39:51.179680] complex_queries_Q083
  SQL: SELECT o_orderkey FROM orders WHERE EXISTS ( SELECT l_shipmode FROM lineitem WHERE l_orderkey = o_orderkey GROUP BY l_sh
  ERR: 2013 (HY000): Lost connection to MySQL server during query

[2026-09-03 17:39:51.179710] complex_queries_Q084
  SQL: SELECT c_custkey FROM customer WHERE c_mktsegment = 'BUILDING' AND c_custkey IN ( SELECT c_custkey FROM customer WHERE c
  ERR: 2013 (HY000): Lost connection to MySQL server during query

[2026-09-03 17:39:51.179739] complex_queries_Q085
  SQL: SELECT DISTINCT s_suppkey, s_name FROM supplier WHERE EXISTS ( SELECT 1 FROM lineitem JOIN orders   ON l_orderkey = o_or
  ERR: 2013 (HY000): Lost connection to MySQL server during query

[2026-09-03 17:39:51.179768] complex_queries_Q086
  SQL: SELECT p_partkey, p_name FROM part WHERE NOT EXISTS ( SELECT 1 FROM lineitem WHERE l_partkey = p_partkey AND l_quantity 
  ERR: 2013 (HY000): Lost connection to MySQL server during query

[2026-09-03 17:39:51.179798] complex_queries_Q087
  SQL: SELECT o_custkey FROM orders GROUP BY o_custkey HAVING COUNT(DISTINCT YEAR(o_orderdate)) = 7 ORDER BY o_custkey
  ERR: 2013 (HY000): Lost connection to MySQL server during query

[2026-09-03 17:39:51.179826] complex_queries_Q088
  SQL: SELECT r_name FROM region WHERE EXISTS ( SELECT 1 FROM supplier JOIN nation ON s_nationkey = n_nationkey WHERE n_regionk
  ERR: 2013 (HY000): Lost connection to MySQL server during query

[2026-09-03 17:39:51.179867] complex_queries_Q089
  SQL: SELECT l_orderkey FROM lineitem JOIN part ON l_partkey = p_partkey GROUP BY l_orderkey HAVING COUNT(DISTINCT SUBSTRING(p
  ERR: 2013 (HY000): Lost connection to MySQL server during query

[2026-09-03 17:39:51.179903] complex_queries_Q090
  SQL: SELECT s_suppkey, s_name, COUNT(DISTINCT ps_partkey) AS part_count FROM supplier JOIN partsupp ON s_suppkey = ps_suppkey
  ERR: 2013 (HY000): Lost connection to MySQL server during query

[2026-09-03 17:39:51.179934] complex_queries_Q091
  SQL: SELECT c_custkey, c_name FROM customer WHERE c_acctbal >= 0 AND NOT EXISTS ( SELECT 1 FROM orders WHERE o_custkey = c_cu
  ERR: 2013 (HY000): Lost connection to MySQL server during query

[2026-09-03 17:39:51.179966] complex_queries_Q092
  SQL: SELECT l_partkey FROM lineitem GROUP BY l_partkey HAVING COUNT(DISTINCT l_shipmode) = 7 ORDER BY l_partkey
  ERR: 2013 (HY000): Lost connection to MySQL server during query

[2026-09-03 17:39:51.179995] complex_queries_Q093
  SQL: SELECT o_custkey FROM orders o WHERE YEAR(o_orderdate) = 1997 AND o_totalprice = ( SELECT MAX(o2.o_totalprice) FROM orde
  ERR: 2013 (HY000): Lost connection to MySQL server during query

[2026-09-03 17:39:51.180024] complex_queries_Q094
  SQL: SELECT n_name FROM nation WHERE NOT EXISTS ( SELECT 1 FROM supplier WHERE s_nationkey = n_nationkey AND s_acctbal <= 0 )
  ERR: 2013 (HY000): Lost connection to MySQL server during query

[2026-09-03 17:39:51.180063] complex_queries_Q095
  SQL: SELECT DISTINCT l_partkey FROM lineitem JOIN orders   ON l_orderkey = o_orderkey JOIN customer ON o_custkey  = c_custkey
  ERR: 2013 (HY000): Lost connection to MySQL server during query

[2026-09-03 17:39:51.180093] complex_queries_Q096
  SQL: SELECT o_custkey FROM orders GROUP BY o_custkey HAVING COUNT(DISTINCT o_orderpriority) = 5 ORDER BY o_custkey
  ERR: 2013 (HY000): Lost connection to MySQL server during query

[2026-09-03 17:39:51.180131] complex_queries_Q097
  SQL: SELECT DISTINCT l_suppkey FROM lineitem WHERE YEAR(l_shipdate) = 1993 AND l_suppkey IN ( SELECT DISTINCT l_suppkey FROM 
  ERR: 2013 (HY000): Lost connection to MySQL server during query

[2026-09-03 17:39:51.180159] complex_queries_Q098
  SQL: SELECT ps_partkey, MAX(ps_supplycost) - MIN(ps_supplycost) AS cost_range FROM partsupp GROUP BY ps_partkey HAVING MAX(ps
  ERR: 2013 (HY000): Lost connection to MySQL server during query

[2026-09-03 17:39:51.180189] complex_queries_Q099
  SQL: SELECT o_custkey, SUM(l_extendedprice * l_discount) AS discount_savings FROM lineitem JOIN orders ON l_orderkey = o_orde
  ERR: 2013 (HY000): Lost connection to MySQL server during query

[2026-09-03 17:39:51.180219] complex_queries_Q100
  SQL: SELECT o_orderkey, COUNT(*) AS lineitem_count, SUM(l_extendedprice * (1 - l_discount)) AS order_revenue FROM lineitem GR
  ERR: 2013 (HY000): Lost connection to MySQL server during query

[2026-09-03 17:39:51.180249] complex_queries_Q101
  SQL: SELECT decile, COUNT(*)          AS customers, SUM(total_spend)  AS decile_revenue, AVG(total_spend)  AS avg_spend FROM 
  ERR: 2013 (HY000): Lost connection to MySQL server during query

[2026-09-03 17:39:51.180306] complex_queries_Q102
  SQL: SELECT n_name, total_parts, total_stock, avg_cost, RANK() OVER (ORDER BY total_stock * (1.0 / NULLIF(avg_cost, 0)) DESC)
  ERR: 2013 (HY000): Lost connection to MySQL server during query

[2026-09-03 17:39:51.180342] complex_queries_Q103
  SQL: SELECT tier, COUNT(*)         AS customer_count, AVG(total_spend) AS avg_spend, SUM(total_spend) AS tier_revenue FROM ( 
  ERR: 2013 (HY000): Lost connection to MySQL server during query

[2026-09-03 17:39:51.180377] complex_queries_Q104
  SQL: SELECT p_brand, p_type, SUM(total_stock)   AS total_supply, SUM(total_demand)  AS total_demand, ROUND(SUM(total_stock) /
  ERR: 2013 (HY000): Lost connection to MySQL server during query

[2026-09-03 17:39:51.180411] complex_queries_Q105
  SQL: SELECT s_suppkey, s_name, revenue, cost, ROUND(revenue / NULLIF(cost, 0), 4) AS profitability_index FROM ( SELECT l_supp
  ERR: 2013 (HY000): Lost connection to MySQL server during query

[2026-09-03 17:39:51.180444] complex_queries_Q106
  SQL: SELECT r_name, n_name, orders_count, total_revenue, total_revenue / SUM(total_revenue) OVER (PARTITION BY r_name) * 100 
  ERR: 2013 (HY000): Lost connection to MySQL server during query

[2026-09-03 17:39:51.180477] complex_queries_Q107
  SQL: SELECT o_orderkey, o_custkey, YEAR(o_orderdate) AS order_year, o_totalprice, pct_rank FROM ( SELECT *, PERCENT_RANK() OV
  ERR: 2013 (HY000): Lost connection to MySQL server during query

[2026-09-03 17:39:51.180509] complex_queries_Q108
  SQL: SELECT l_partkey, p_name, total_ordered, total_returned, ROUND(total_returned / NULLIF(total_ordered, 0) * 100, 2) AS re
  ERR: 2013 (HY000): Lost connection to MySQL server during query

[2026-09-03 17:39:51.180541] complex_queries_Q109
  SQL: SELECT c_mktsegment, MONTH(o_orderdate) AS order_month, COUNT(*)           AS order_count, SUM(o_totalprice)  AS revenue
  ERR: 2013 (HY000): Lost connection to MySQL server during query

[2026-09-03 17:39:51.180573] complex_queries_Q110
  SQL: SELECT n_name, ROUND(SUM(POWER(revenue_share, 2)), 4) AS hhi_index FROM ( SELECT n_name, l_suppkey, nation_revenue, supp
  ERR: 2013 (HY000): Lost connection to MySQL server during query

[2026-09-03 17:39:51.180607] complex_queries_Q111
  SQL: SELECT size_bucket, AVG(ship_lag) AS avg_ship_lag_days, COUNT(*)      AS item_count FROM ( SELECT CASE WHEN p_size <= 10
  ERR: 2013 (HY000): Lost connection to MySQL server during query

[2026-09-03 17:39:51.180640] complex_queries_Q112
  SQL: SELECT order_month, new_customers, SUM(new_customers) OVER ( ORDER BY order_month ROWS BETWEEN 11 PRECEDING AND CURRENT 
  ERR: 2013 (HY000): Lost connection to MySQL server during query

[2026-09-03 17:39:51.180672] complex_queries_Q113
  SQL: SELECT l_shipmode, total_revenue, total_qty, ROUND(total_revenue / total_qty, 2) AS revenue_per_unit FROM ( SELECT l_shi
  ERR: 2013 (HY000): Lost connection to MySQL server during query

[2026-09-03 17:39:51.180706] complex_queries_Q114
  SQL: SELECT o_custkey, recency_days, order_frequency, total_value, NTILE(3) OVER (ORDER BY recency_days DESC)  AS recency_sco
  ERR: 2013 (HY000): Lost connection to MySQL server during query

[2026-09-03 17:39:51.180740] complex_queries_Q115
  SQL: SELECT p_partkey, p_name, avg_price, total_qty, RANK() OVER (ORDER BY avg_price DESC)  AS price_rank, RANK() OVER (ORDER
  ERR: 2013 (HY000): Lost connection to MySQL server during query

[2026-09-03 17:39:51.180773] complex_queries_Q116
  SQL: SELECT l_suppkey, s_name, total_shipments, on_time_shipments, ROUND(on_time_shipments / NULLIF(total_shipments, 0) * 100
  ERR: 2013 (HY000): Lost connection to MySQL server during query

[2026-09-03 17:39:51.180817] complex_queries_Q117
  SQL: SELECT supplier_nation, customer_nation, export_value, import_value, export_value - import_value AS trade_balance FROM (
  ERR: 2013 (HY000): Lost connection to MySQL server during query

[2026-09-03 17:39:51.180854] complex_queries_Q118
  SQL: SELECT order_year, order_week, order_count, AVG(order_count) OVER ( PARTITION BY order_year ORDER BY order_week ROWS BET
  ERR: 2013 (HY000): Lost connection to MySQL server during query

[2026-09-03 17:39:51.180886] complex_queries_Q119
  SQL: SELECT material_type, p_brand, p_type, SUM(revenue) AS total_revenue FROM ( SELECT SUBSTRING_INDEX(p_type, ' ', -1) AS m
  ERR: 2013 (HY000): Lost connection to MySQL server during query

[2026-09-03 17:39:51.180919] complex_queries_Q120
  SQL: SELECT o_orderkey, o_custkey, o_totalprice, global_mean, global_std, (o_totalprice - global_mean) / global_std AS z_scor
  ERR: 2013 (HY000): Lost connection to MySQL server during query

[2026-09-03 17:39:51.180953] complex_queries_Q121
  SQL: SELECT l_suppkey, s_name, supplier_revenue, cumulative_revenue, cumulative_revenue / NULLIF(total_revenue, 0) * 100 AS c
  ERR: 2013 (HY000): Lost connection to MySQL server during query

[2026-09-03 17:39:51.180987] complex_queries_Q122
  SQL: SELECT c_mktsegment, order_year, segment_revenue, ROUND( (segment_revenue - LAG(segment_revenue) OVER (PARTITION BY c_mk
  ERR: 2013 (HY000): Lost connection to MySQL server during query

[2026-09-03 17:39:51.181022] complex_queries_Q123
  SQL: SELECT discount_bracket, AVG(l_quantity)                          AS avg_quantity, AVG(l_extendedprice * (1 - l_discount
  ERR: 2013 (HY000): Lost connection to MySQL server during query

[2026-09-03 17:39:51.181056] complex_queries_Q124
  SQL: SELECT n_name, late_count, total_count, ROUND(late_count / NULLIF(total_count, 0) * 100, 2) AS late_rate_pct FROM ( SELE
  ERR: 2013 (HY000): Lost connection to MySQL server during query

[2026-09-03 17:39:51.181090] complex_queries_Q125
  SQL: SELECT c_mktsegment, best_month, max_revenue FROM ( SELECT c_mktsegment, DATE_FORMAT(o_orderdate, '%Y-%m') AS best_month
  ERR: 2013 (HY000): Lost connection to MySQL server during query

[2026-09-03 17:39:51.181123] complex_queries_Q126
  SQL: SELECT o_custkey, c_mktsegment, total_spend, PERCENT_RANK() OVER ( PARTITION BY c_mktsegment ORDER BY total_spend ) AS s
  ERR: 2013 (HY000): Lost connection to MySQL server during query

[2026-09-03 17:39:51.181155] complex_queries_Q127
  SQL: SELECT r_name, order_month, monthly_orders, SUM(monthly_orders) OVER ( PARTITION BY r_name ORDER BY order_month ROWS BET
  ERR: 2013 (HY000): Lost connection to MySQL server during query

[2026-09-03 17:39:51.181188] complex_queries_Q128
  SQL: SELECT l_suppkey, ship_month, monthly_revenue, LAG(monthly_revenue)  OVER (PARTITION BY l_suppkey ORDER BY ship_month) A
  ERR: 2013 (HY000): Lost connection to MySQL server during query

[2026-09-03 17:39:51.181231] complex_queries_Q129
  SQL: SELECT p_container, l_partkey, part_revenue, DENSE_RANK() OVER ( PARTITION BY p_container ORDER BY part_revenue DESC ) A
  ERR: 2013 (HY000): Lost connection to MySQL server during query

[2026-09-03 17:39:51.181261] complex_queries_Q130
  SQL: SELECT l_orderkey, FIRST_VALUE(l_linenumber) OVER ( PARTITION BY l_orderkey ORDER BY l_shipdate ) AS first_shipped_line,
  ERR: 2013 (HY000): Lost connection to MySQL server during query

[2026-09-03 17:39:51.181292] complex_queries_Q131
  SQL: SELECT o_custkey, o_orderdate, order_discount, SUM(order_discount) OVER ( PARTITION BY o_custkey ORDER BY o_orderdate ) 
  ERR: 2013 (HY000): Lost connection to MySQL server during query

[2026-09-03 17:39:51.181323] complex_queries_Q132
  SQL: SELECT p_brand, ps_partkey, avg_cost, PERCENT_RANK() OVER ( PARTITION BY p_brand ORDER BY avg_cost ) AS brand_cost_perce
  ERR: 2013 (HY000): Lost connection to MySQL server during query

[2026-09-03 17:39:51.181355] complex_queries_Q133
  SQL: SELECT o_orderpriority, MIN(o_totalprice)                          AS q0_min, MAX(CASE WHEN rnk_pct <= 0.25 THEN o_total
  ERR: 2013 (HY000): Lost connection to MySQL server during query

[2026-09-03 17:39:51.181389] complex_queries_Q134
  SQL: SELECT l_suppkey, n_name, supp_revenue, nation_avg_revenue, supp_revenue - nation_avg_revenue AS deviation, (supp_revenu
  ERR: 2013 (HY000): Lost connection to MySQL server during query

[2026-09-03 17:39:51.181428] complex_queries_Q135
  SQL: SELECT o_custkey, n_name, order_year, yearly_spend, RANK() OVER ( PARTITION BY n_name, order_year ORDER BY yearly_spend 
  ERR: 2013 (HY000): Lost connection to MySQL server during query

[2026-09-03 17:39:51.181458] complex_queries_Q136
  SQL: SELECT l_shipmode, ship_week, weekly_qty, AVG(weekly_qty) OVER ( PARTITION BY l_shipmode ORDER BY ship_week ROWS BETWEEN
  ERR: 2013 (HY000): Lost connection to MySQL server during query

[2026-09-03 17:39:51.181487] complex_queries_Q137
  SQL: SELECT o_orderkey, o_custkey, o_totalprice, customer_avg, customer_std, ROUND((o_totalprice - customer_avg) / NULLIF(cus
  ERR: 2013 (HY000): Lost connection to MySQL server during query

[2026-09-03 17:39:51.181515] complex_queries_Q138
  SQL: SELECT o_custkey, o_orderdate, o_totalprice, prev_price, o_totalprice - prev_price AS order_growth FROM ( SELECT o_custk
  ERR: 2013 (HY000): Lost connection to MySQL server during query

[2026-09-03 17:39:51.181545] complex_queries_Q139
  SQL: SELECT r_name, order_month, monthly_revenue, SUM(monthly_revenue) OVER ( PARTITION BY r_name, LEFT(order_month, 4) ORDER
  ERR: 2013 (HY000): Lost connection to MySQL server during query

[2026-09-03 17:39:51.181584] complex_queries_Q140
  SQL: SELECT s_name, rank_1994, rank_1997, rank_1997 - rank_1994 AS rank_change FROM ( SELECT l_suppkey, RANK() OVER (ORDER BY
  ERR: 2013 (HY000): Lost connection to MySQL server during query

[2026-09-03 17:39:51.181617] complex_queries_Q141
  SQL: SELECT l_partkey, order_month, monthly_qty, monthly_qty / AVG(monthly_qty) OVER (PARTITION BY l_partkey) AS seasonality_
  ERR: 2013 (HY000): Lost connection to MySQL server during query

[2026-09-03 17:39:51.181650] complex_queries_Q142
  SQL: SELECT o_custkey, MAX(streak) AS longest_streak_months FROM ( SELECT o_custkey, COUNT(*) AS streak FROM ( SELECT o_custk
  ERR: 2013 (HY000): Lost connection to MySQL server during query

[2026-09-03 17:39:51.181684] complex_queries_Q143
  SQL: SELECT top_n, supplier_count, cumulative_revenue, total_revenue, ROUND(cumulative_revenue / NULLIF(total_revenue, 0) * 1
  ERR: 2013 (HY000): Lost connection to MySQL server during query

[2026-09-03 17:39:51.181720] complex_queries_Q144
  SQL: SELECT curr.ship_week, curr.weekly_revenue AS this_year, prev.weekly_revenue AS prior_year, ROUND( (curr.weekly_revenue 
  ERR: 2013 (HY000): Lost connection to MySQL server during query

[2026-09-03 17:39:51.181752] complex_queries_Q145
  SQL: SELECT s_name, n_name, annual_revenue, inventory_cost, ROUND(annual_revenue / NULLIF(inventory_cost, 0), 2) AS stock_tur
  ERR: 2013 (HY000): Lost connection to MySQL server during query

[2026-09-03 17:39:51.181782] complex_queries_Q146
  SQL: SELECT o1.o_custkey, o1.o_orderkey  AS order1, o2.o_orderkey  AS order2, o1.o_orderdate AS order_date FROM orders o1 JOI
  ERR: 2013 (HY000): Lost connection to MySQL server during query

[2026-09-03 17:39:51.181813] complex_queries_Q147
  SQL: SELECT p1.p_partkey AS part1, p2.p_partkey AS part2, p1.p_retailprice, p1.p_brand   AS brand1, p2.p_brand   AS brand2 FR
  ERR: 2013 (HY000): Lost connection to MySQL server during query

[2026-09-03 17:39:51.181845] complex_queries_Q148
  SQL: SELECT s1.s_suppkey AS supp1, s2.s_suppkey AS supp2, n_name        AS nation FROM supplier s1 JOIN supplier s2 ON s1.s_n
  ERR: 2013 (HY000): Lost connection to MySQL server during query

[2026-09-03 17:39:51.181877] complex_queries_Q149
  SQL: SELECT o1.o_custkey, o1.o_orderdate          AS day1, o2.o_orderdate          AS day2, o1.o_totalprice + o2.o_totalprice
  ERR: 2013 (HY000): Lost connection to MySQL server during query

[2026-09-03 17:39:51.181909] complex_queries_Q150
  SQL: SELECT ps1.ps_partkey, ps1.ps_suppkey   AS supplier_a, ps1.ps_supplycost AS cost_a, ps2.ps_suppkey   AS supplier_b, ps2.
  ERR: 2013 (HY000): Lost connection to MySQL server during query

[2026-09-03 17:39:51.181941] complex_queries_Q151
  SQL: SELECT c1.c_custkey   AS customer_a, c2.c_custkey   AS customer_b, c1.c_mktsegment, n_name          AS nation FROM custo
  ERR: 2013 (HY000): Lost connection to MySQL server during query

[2026-09-03 17:39:51.181975] complex_queries_Q152
  SQL: SELECT n1.n_name AS from_nation, n2.n_name AS to_nation, COALESCE(trade_value, 0) AS trade_value FROM nation n1 CROSS JO
  ERR: 2013 (HY000): Lost connection to MySQL server during query

[2026-09-03 17:39:51.182008] complex_queries_Q153
  SQL: SELECT p1.p_partkey AS part_a, p2.p_partkey AS part_b, p1.p_brand, p1.p_container, p1.p_size AS size_a, p2.p_size AS siz
  ERR: 2013 (HY000): Lost connection to MySQL server during query

[2026-09-03 17:39:51.182036] complex_queries_Q154
  SQL: SELECT o1.o_custkey, o1.o_orderkey AS earlier_order, o1.o_totalprice AS earlier_value, o2.o_orderkey AS later_order, o2.
  ERR: 2013 (HY000): Lost connection to MySQL server during query

[2026-09-03 17:39:51.182065] complex_queries_Q155
  SQL: SELECT ps1.ps_partkey, ps1.ps_suppkey AS supp_low, ps1.ps_supplycost AS cost_low, ps2.ps_suppkey AS supp_high, ps2.ps_su
  ERR: 2013 (HY000): Lost connection to MySQL server during query

[2026-09-03 17:39:51.182095] complex_queries_Q156
  SQL: SELECT o1.o_custkey, o1.o_totalprice AS first_order_value, o2.o_totalprice AS second_order_value FROM orders o1 JOIN ord
  ERR: 2013 (HY000): Lost connection to MySQL server during query

[2026-09-03 17:39:51.182124] complex_queries_Q157
  SQL: SELECT p1.p_partkey   AS part_a, p2.p_partkey   AS part_b, p1.p_brand, p1.p_retailprice, p1.p_mfgr      AS mfgr_a, p2.p_
  ERR: 2013 (HY000): Lost connection to MySQL server during query

[2026-09-03 17:39:51.182152] complex_queries_Q158
  SQL: SELECT a.ps_suppkey AS supp_a, b.ps_suppkey AS supp_b, COUNT(DISTINCT a.ps_partkey) AS shared_parts FROM partsupp a JOIN
  ERR: 2013 (HY000): Lost connection to MySQL server during query

[2026-09-03 17:39:51.182179] complex_queries_Q159
  SQL: SELECT o1.o_custkey, o1.o_orderdate AS month1_order, o2.o_orderdate AS month2_order FROM orders o1 JOIN orders o2 ON o1.
  ERR: 2013 (HY000): Lost connection to MySQL server during query

[2026-09-03 17:39:51.182209] complex_queries_Q160
  SQL: SELECT r1.r_name AS region_a, r2.r_name AS region_b, rev_a, rev_b, ROUND(rev_a / rev_b, 3) AS revenue_ratio FROM ( SELEC
  ERR: 2013 (HY000): Lost connection to MySQL server during query

[2026-09-03 17:39:51.182626] complex_queries_Q161
  SQL: SELECT s_acctbal, s_name, n_name, p_partkey, p_mfgr, s_address, s_phone, s_comment FROM part, supplier, partsupp, nation
  ERR: 2013 (HY000): Lost connection to MySQL server during query

[2026-09-03 17:39:51.182667] complex_queries_Q162
  SQL: SELECT o_orderpriority, COUNT(*) AS order_count FROM orders WHERE o_orderdate >= '1993-07-01' AND o_orderdate <  '1993-1
  ERR: 2013 (HY000): Lost connection to MySQL server during query

[2026-09-03 17:39:51.182709] complex_queries_Q163
  SQL: SELECT supp_nation, cust_nation, l_year, SUM(volume) AS revenue FROM ( SELECT n1.n_name AS supp_nation, n2.n_name AS cus
  ERR: 2013 (HY000): Lost connection to MySQL server during query

[2026-09-03 17:39:51.182746] complex_queries_Q164
  SQL: SELECT o_year, SUM(CASE WHEN nation = 'BRAZIL' THEN volume ELSE 0 END) / SUM(volume) AS mkt_share FROM ( SELECT YEAR(o_o
  ERR: 2013 (HY000): Lost connection to MySQL server during query

[2026-09-03 17:39:51.182782] complex_queries_Q165
  SQL: SELECT nation, o_year, SUM(amount) AS sum_profit FROM ( SELECT n_name AS nation, YEAR(o_orderdate) AS o_year, l_extended
  ERR: 2013 (HY000): Lost connection to MySQL server during query

[2026-09-03 17:39:51.182817] complex_queries_Q166
  SQL: SELECT c_custkey, c_name, SUM(l_extendedprice * (1 - l_discount)) AS revenue, c_acctbal, n_name, c_address, c_phone, c_c
  ERR: 2013 (HY000): Lost connection to MySQL server during query

[2026-09-03 17:39:51.182851] complex_queries_Q167
  SQL: SELECT ps_partkey, SUM(ps_supplycost * ps_availqty) AS part_value FROM partsupp, supplier, nation WHERE ps_suppkey  = s_
  ERR: 2013 (HY000): Lost connection to MySQL server during query

[2026-09-03 17:39:51.182884] complex_queries_Q168
  SQL: SELECT l_shipmode, SUM(CASE WHEN o_orderpriority = '1-URGENT' OR o_orderpriority = '2-HIGH' THEN 1 ELSE 0 END) AS high_l
  ERR: 2013 (HY000): Lost connection to MySQL server during query

[2026-09-03 17:39:51.182916] complex_queries_Q169
  SQL: SELECT c_count, COUNT(*) AS custdist FROM ( SELECT c_custkey, COUNT(o_orderkey) AS c_count FROM customer LEFT JOIN order
  ERR: 2013 (HY000): Lost connection to MySQL server during query

[2026-09-03 17:39:51.182946] complex_queries_Q170
  SQL: SELECT ROUND( 100.00 * SUM(CASE WHEN p_type LIKE 'PROMO%' THEN l_extendedprice * (1 - l_discount) ELSE 0 END) / SUM(l_ex
  ERR: 2013 (HY000): Lost connection to MySQL server during query

[2026-09-03 17:39:51.182977] complex_queries_Q171
  SQL: SELECT s_suppkey, s_name, s_address, s_phone, total_revenue FROM supplier JOIN ( SELECT l_suppkey, SUM(l_extendedprice *
  ERR: 2013 (HY000): Lost connection to MySQL server during query

[2026-09-03 17:39:51.183008] complex_queries_Q172
  SQL: SELECT p_brand, p_type, p_size, COUNT(DISTINCT ps_suppkey) AS supplier_cnt FROM partsupp, part WHERE p_partkey = ps_part
  ERR: 2013 (HY000): Lost connection to MySQL server during query

[2026-09-03 17:39:51.183045] complex_queries_Q173
  SQL: SELECT ROUND(SUM(l_extendedprice) / 7.0, 2) AS avg_yearly FROM lineitem, part WHERE p_partkey = l_partkey AND p_brand   
  ERR: 2013 (HY000): Lost connection to MySQL server during query

[2026-09-03 17:39:51.183075] complex_queries_Q174
  SQL: SELECT c_name, c_custkey, o_orderkey, o_orderdate, o_totalprice, SUM(l_quantity) AS total_qty FROM customer, orders, lin
  ERR: 2013 (HY000): Lost connection to MySQL server during query

[2026-09-03 17:39:51.183109] complex_queries_Q175
  SQL: SELECT SUM(l_extendedprice * (1 - l_discount)) AS revenue FROM lineitem, part WHERE ( p_partkey = l_partkey AND p_brand 
  ERR: 2013 (HY000): Lost connection to MySQL server during query

[2026-09-03 17:39:51.183146] complex_queries_Q176
  SQL: WITH pipeline AS ( SELECT o_orderkey, o_custkey, o_orderdate, o_orderpriority, MIN(l_shipdate)                          
  ERR: 2013 (HY000): Lost connection to MySQL server during query

[2026-09-03 17:39:51.183182] complex_queries_Q177
  SQL: WITH supp_metrics AS ( SELECT l_suppkey, COUNT(*)                                                   AS shipments, SUM(l_
  ERR: 2013 (HY000): Lost connection to MySQL server during query

[2026-09-03 17:39:51.183218] complex_queries_Q178
  SQL: WITH cust_metrics AS ( SELECT o_custkey, COUNT(DISTINCT o_orderkey)                   AS total_orders, SUM(o_totalprice)
  ERR: 2013 (HY000): Lost connection to MySQL server during query

[2026-09-03 17:39:51.183622] complex_queries_Q179
  SQL: WITH part_sales AS ( SELECT l_partkey, SUM(l_quantity)                            AS units_sold, SUM(l_extendedprice * (
  ERR: 2013 (HY000): Lost connection to MySQL server during query

[2026-09-03 17:39:51.183664] complex_queries_Q180
  SQL: SELECT r_name    AS region, n_name    AS nation, order_year, order_count, total_revenue, avg_order_value, revenue_per_cu
  ERR: 2013 (HY000): Lost connection to MySQL server during query

[2026-09-03 17:39:51.183700] complex_queries_Q181
  SQL: SELECT p_brand, l_shipmode, c_mktsegment, COUNT(*)                                          AS line_items, AVG(l_discoun
  ERR: 2013 (HY000): Lost connection to MySQL server during query

[2026-09-03 17:39:51.183737] complex_queries_Q182
  SQL: WITH region_metrics AS ( SELECT r_name, SUM(l_extendedprice)                          AS gross_revenue, SUM(l_extendedpr
  ERR: 2013 (HY000): Lost connection to MySQL server during query

[2026-09-03 17:39:51.183774] complex_queries_Q183
  SQL: SELECT first_order_year, COUNT(DISTINCT o_custkey)  AS cohort_size, AVG(lifetime_value)        AS avg_ltv, SUM(lifetime_
  ERR: 2013 (HY000): Lost connection to MySQL server during query

[2026-09-03 17:39:51.183808] complex_queries_Q184
  SQL: WITH part_revenue AS ( SELECT l_partkey, SUM(l_extendedprice * (1 - l_discount)) AS revenue FROM lineitem GROUP BY l_par
  ERR: 2013 (HY000): Lost connection to MySQL server during query

[2026-09-03 17:39:51.183883] complex_queries_Q185
  SQL: WITH yearly_summary AS ( SELECT YEAR(o_orderdate)                        AS yr, COUNT(DISTINCT o_custkey)               
  ERR: 2013 (HY000): Lost connection to MySQL server during query

[2026-09-03 17:39:51.183931] complex_queries_Q186
  SQL: WITH nation_supplier_stats AS ( SELECT n_name, COUNT(DISTINCT s_suppkey)                   AS supplier_count, AVG(s_acct
  ERR: 2013 (HY000): Lost connection to MySQL server during query

[2026-09-03 17:39:51.183968] complex_queries_Q187
  SQL: SELECT l_partkey, p_name, p_brand, MIN(o_orderdate)  AS first_ordered, MAX(o_orderdate)  AS last_ordered, DATEDIFF(MAX(o
  ERR: 2013 (HY000): Lost connection to MySQL server during query

[2026-09-03 17:39:51.184017] complex_queries_Q188
  SQL: SELECT c_mktsegment, avg_distinct_parts, avg_distinct_brands, avg_distinct_types, COUNT(*) AS customer_count FROM ( SELE
  ERR: 2013 (HY000): Lost connection to MySQL server during query

[2026-09-03 17:39:51.184053] complex_queries_Q189
  SQL: SELECT r_name, l_shipmode, shipment_count, total_qty, total_revenue, ROUND(total_revenue / shipment_count, 2) AS revenue
  ERR: 2013 (HY000): Lost connection to MySQL server during query

[2026-09-03 17:39:51.184090] complex_queries_Q190
  SQL: SELECT n_name, c_mktsegment, COUNT(*)                                         AS items_at_risk, SUM(l_extendedprice * (1
  ERR: 2013 (HY000): Lost connection to MySQL server during query

[2026-09-03 17:39:51.184124] complex_queries_Q191
  SQL: WITH weekly_sales AS ( SELECT YEARWEEK(o_orderdate) AS yr_week, SUM(o_totalprice)      AS weekly_revenue, COUNT(*)      
  ERR: 2013 (HY000): Lost connection to MySQL server during query

[2026-09-03 17:39:51.184159] complex_queries_Q192
  SQL: WITH supply AS ( SELECT ps_partkey, SUM(ps_availqty) AS total_supply FROM partsupp GROUP BY ps_partkey ), demand AS ( SE
  ERR: 2013 (HY000): Lost connection to MySQL server during query

[2026-09-03 17:39:51.184195] complex_queries_Q193
  SQL: SELECT c_mktsegment, wallet_tier, COUNT(*) AS customers, AVG(wallet_share_pct) AS avg_wallet_share FROM ( SELECT o_custk
  ERR: 2013 (HY000): Lost connection to MySQL server during query

[2026-09-03 17:39:51.184231] complex_queries_Q194
  SQL: SELECT ps_partkey, p_name, p_brand, total_stock, avg_monthly_demand, ROUND(total_stock / NULLIF(avg_monthly_demand, 0), 
  ERR: 2013 (HY000): Lost connection to MySQL server during query

[2026-09-03 17:39:51.184266] complex_queries_Q195
  SQL: SELECT o_orderpriority, l_shipmode, ROUND(AVG(DATEDIFF(l_shipdate,    o_orderdate)),  1) AS avg_order_to_ship, ROUND(AVG
  ERR: 2013 (HY000): Lost connection to MySQL server during query

[2026-09-03 17:39:51.184305] complex_queries_Q196
  SQL: WITH nation_scores AS ( SELECT n_name, cust_count, supp_count, order_count, total_revenue, avg_balance, (total_revenue -
  ERR: 2013 (HY000): Lost connection to MySQL server during query

[2026-09-03 17:39:51.184369] complex_queries_Q197
  SQL: SELECT price_tier, discount_tier, COUNT(*)                                       AS transactions, AVG(l_quantity)       
  ERR: 2013 (HY000): Lost connection to MySQL server during query

[2026-09-03 17:39:51.184411] complex_queries_Q198
  SQL: SELECT r1.r_name AS region, total_orders, active_customers, total_revenue, avg_order_value, total_lineitems, avg_items_p
  ERR: 2013 (HY000): Lost connection to MySQL server during query

[2026-09-03 17:39:51.184451] complex_queries_Q199
  SQL: SELECT p_type, order_year, annual_revenue, annual_qty, ROUND( annual_revenue / SUM(annual_revenue) OVER (PARTITION BY or
  ERR: 2013 (HY000): Lost connection to MySQL server during query

[2026-09-03 17:39:51.184493] complex_queries_Q200
  SQL: WITH order_metrics AS ( SELECT o_custkey, YEAR(o_orderdate)                        AS yr, COUNT(DISTINCT o_orderkey)    
  ERR: 2013 (HY000): Lost connection to MySQL server during query

