category,query_id,query_number,avg_runtime_ms,min_runtime_ms,max_runtime_ms,runs,status,error,sql_preview
single_table_filters,Q001,1,56130.7392,52404.9595,61832.8148,3,OK,,SELECT * FROM ORDERS WHERE O_TOTALPRICE > 10000
single_table_filters,Q002,2,41375.8644,39003.4177,44209.5762,3,OK,,SELECT * FROM ORDERS WHERE O_TOTALPRICE > 50000
single_table_filters,Q003,3,5475.1227,5464.9736,5494.6558,3,OK,,SELECT * FROM ORDERS WHERE O_TOTALPRICE BETWEEN 20000 AND 40000
single_table_filters,Q004,4,23599.9376,23218.023,23816.9871,3,OK,,SELECT * FROM ORDERS WHERE O_ORDERDATE > '1995-01-01'
single_table_filters,Q005,5,7979.6466,7760.7184,8089.7527,3,OK,,SELECT * FROM ORDERS WHERE O_ORDERDATE BETWEEN '1995-01-01' AND '1996-01-01'
single_table_filters,Q006,6,5879.035,5862.5099,5901.7574,3,OK,,"SELECT O_ORDERKEY, O_ORDERDATE FROM ORDERS WHERE O_ORDERDATE > '1996-01-01'"
single_table_filters,Q007,7,2053.1916,2052.5472,2053.771,3,OK,,"SELECT O_ORDERKEY, O_CUSTKEY FROM ORDERS WHERE O_CUSTKEY = 1000"
single_table_filters,Q008,8,4695.3244,4692.4255,4697.9425,3,OK,,SELECT * FROM ORDERS WHERE O_CUSTKEY BETWEEN 100 AND 500
single_table_filters,Q009,9,2459.2349,2457.1486,2461.3059,3,OK,,"SELECT O_ORDERKEY, O_TOTALPRICE FROM ORDERS WHERE O_TOTALPRICE < 5000"
single_table_filters,Q010,10,21073.9601,20716.722,21690.7798,3,OK,,SELECT * FROM ORDERS WHERE O_ORDERSTATUS = 'O'
single_table_filters,Q011,11,16275.4038,15878.9446,16610.021,3,OK,,SELECT * FROM ORDERS WHERE O_TOTALPRICE > 15000 AND O_ORDERDATE > '1996-01-01'
single_table_filters,Q012,12,18903.7597,18496.0221,19283.4074,3,OK,,"SELECT O_ORDERKEY, O_TOTALPRICE FROM ORDERS WHERE O_TOTALPRICE >= 30000"
single_table_filters,Q013,13,2508.3838,2501.8231,2514.278,3,OK,,"SELECT O_ORDERKEY, O_TOTALPRICE FROM ORDERS WHERE O_TOTALPRICE <= 15000"
single_table_filters,Q014,14,3863.8199,3851.6525,3878.8125,3,OK,,"SELECT O_ORDERKEY, O_ORDERDATE FROM ORDERS WHERE O_ORDERDATE BETWEEN '1994-01-01' AND '1995-01-01'"
single_table_filters,Q015,15,2057.3104,2054.4901,2061.679,3,OK,,"SELECT O_ORDERKEY, O_CUSTKEY FROM ORDERS WHERE O_CUSTKEY BETWEEN 500 AND 1000"
single_table_filters,Q016,16,5210.0805,5192.4863,5220.9385,3,OK,,SELECT * FROM ORDERS WHERE O_TOTALPRICE > 20000 AND O_CUSTKEY < 500
single_table_filters,Q017,17,7592.6638,7585.0003,7598.522,3,OK,,SELECT O_ORDERKEY FROM ORDERS WHERE O_TOTALPRICE > 5000
single_table_filters,Q018,18,7425.4335,7421.1944,7431.888,3,OK,,SELECT O_ORDERKEY FROM ORDERS WHERE O_TOTALPRICE > 15000
single_table_filters,Q019,19,7224.8161,7223.5303,7225.6118,3,OK,,SELECT O_ORDERKEY FROM ORDERS WHERE O_TOTALPRICE > 25000
single_table_filters,Q020,20,6998.4583,6993.9055,7002.7244,3,OK,,SELECT O_ORDERKEY FROM ORDERS WHERE O_TOTALPRICE > 35000
single_table_filters,Q021,21,6736.2661,6729.9959,6747.2656,3,OK,,SELECT O_ORDERKEY FROM ORDERS WHERE O_TOTALPRICE > 45000
single_table_filters,Q022,22,6437.5918,6431.2293,6444.6312,3,OK,,SELECT O_ORDERKEY FROM ORDERS WHERE O_TOTALPRICE > 55000
single_table_filters,Q023,23,2598.2723,2593.6221,2602.269,3,OK,,"SELECT O_ORDERKEY, O_TOTALPRICE FROM ORDERS WHERE O_TOTALPRICE BETWEEN 5000 AND 15000"
single_table_filters,Q024,24,2654.5772,2647.9092,2659.6216,3,OK,,"SELECT O_ORDERKEY, O_TOTALPRICE FROM ORDERS WHERE O_TOTALPRICE BETWEEN 15000 AND 30000"
single_table_filters,Q025,25,2896.5211,2854.5802,2940.631,3,OK,,"SELECT O_ORDERKEY, O_TOTALPRICE FROM ORDERS WHERE O_TOTALPRICE BETWEEN 30000 AND 60000"
single_table_filters,Q026,26,2905.9337,2870.707,2947.1048,3,OK,,"SELECT O_ORDERKEY, O_TOTALPRICE FROM ORDERS WHERE O_TOTALPRICE BETWEEN 10000 AND 50000"
single_table_filters,Q027,27,,,,3,ERROR,2013 (HY000): Lost connection to MySQL server during query,SELECT * FROM LINEITEM WHERE L_QUANTITY > 20
single_table_filters,Q028,28,,,,3,ERROR,2013 (HY000): Lost connection to MySQL server during query,SELECT * FROM LINEITEM WHERE L_QUANTITY BETWEEN 10 AND 30
single_table_filters,Q029,29,,,,3,ERROR,2013 (HY000): Lost connection to MySQL server during query,SELECT * FROM LINEITEM WHERE L_SHIPDATE > '1996-01-01'
single_table_filters,Q030,30,,,,3,ERROR,2013 (HY000): Lost connection to MySQL server during query,SELECT * FROM LINEITEM WHERE L_DISCOUNT > 0.05
single_table_filters,Q031,31,,,,3,ERROR,2013 (HY000): Lost connection to MySQL server during query,SELECT * FROM LINEITEM WHERE L_QUANTITY > 30
single_table_filters,Q032,32,,,,3,ERROR,2013 (HY000): Lost connection to MySQL server during query,SELECT * FROM LINEITEM WHERE L_QUANTITY BETWEEN 5 AND 15
single_table_filters,Q033,33,,,,3,ERROR,2013 (HY000): Lost connection to MySQL server during query,"SELECT L_ORDERKEY, L_PARTKEY FROM LINEITEM WHERE L_PARTKEY = 500"
single_table_filters,Q034,34,,,,3,ERROR,2013 (HY000): Lost connection to MySQL server during query,SELECT * FROM LINEITEM WHERE L_SHIPDATE BETWEEN '1995-01-01' AND '1997-01-01'
single_table_filters,Q035,35,,,,3,ERROR,2013 (HY000): Lost connection to MySQL server during query,SELECT * FROM LINEITEM WHERE L_DISCOUNT BETWEEN 0.02 AND 0.07
single_table_filters,Q036,36,,,,3,ERROR,2013 (HY000): Lost connection to MySQL server during query,"SELECT L_ORDERKEY, L_QUANTITY FROM LINEITEM WHERE L_QUANTITY >= 25"
single_table_filters,Q037,37,,,,3,ERROR,2013 (HY000): Lost connection to MySQL server during query,SELECT * FROM LINEITEM WHERE L_RETURNFLAG = 'R'
single_table_filters,Q038,38,,,,3,ERROR,2013 (HY000): Lost connection to MySQL server during query,SELECT * FROM LINEITEM WHERE L_QUANTITY > 15 AND L_DISCOUNT > 0.03
single_table_filters,Q039,39,,,,3,ERROR,2013 (HY000): Lost connection to MySQL server during query,"SELECT L_ORDERKEY, L_QUANTITY FROM LINEITEM WHERE L_QUANTITY < 10"
single_table_filters,Q040,40,,,,3,ERROR,2013 (HY000): Lost connection to MySQL server during query,"SELECT L_ORDERKEY, L_QUANTITY FROM LINEITEM WHERE L_QUANTITY >= 35"
single_table_filters,Q041,41,,,,3,ERROR,2013 (HY000): Lost connection to MySQL server during query,SELECT * FROM LINEITEM WHERE L_SHIPDATE BETWEEN '1994-01-01' AND '1995-01-01'
single_table_filters,Q042,42,,,,3,ERROR,2013 (HY000): Lost connection to MySQL server during query,SELECT * FROM LINEITEM WHERE L_DISCOUNT < 0.02
single_table_filters,Q043,43,,,,3,ERROR,2013 (HY000): Lost connection to MySQL server during query,SELECT * FROM LINEITEM WHERE L_QUANTITY > 20 AND L_SHIPDATE > '1996-01-01'
single_table_filters,Q044,44,,,,3,ERROR,2013 (HY000): Lost connection to MySQL server during query,SELECT L_ORDERKEY FROM LINEITEM WHERE L_QUANTITY > 5
single_table_filters,Q045,45,,,,3,ERROR,2013 (HY000): Lost connection to MySQL server during query,SELECT L_ORDERKEY FROM LINEITEM WHERE L_QUANTITY > 10
single_table_filters,Q046,46,,,,3,ERROR,2013 (HY000): Lost connection to MySQL server during query,SELECT L_ORDERKEY FROM LINEITEM WHERE L_QUANTITY > 15
single_table_filters,Q047,47,,,,3,ERROR,2013 (HY000): Lost connection to MySQL server during query,SELECT L_ORDERKEY FROM LINEITEM WHERE L_QUANTITY > 25
single_table_filters,Q048,48,,,,3,ERROR,2013 (HY000): Lost connection to MySQL server during query,SELECT L_ORDERKEY FROM LINEITEM WHERE L_QUANTITY > 35
single_table_filters,Q049,49,,,,3,ERROR,2013 (HY000): Lost connection to MySQL server during query,"SELECT L_ORDERKEY, L_QUANTITY FROM LINEITEM WHERE L_QUANTITY BETWEEN 1 AND 10"
single_table_filters,Q050,50,,,,3,ERROR,2013 (HY000): Lost connection to MySQL server during query,"SELECT L_ORDERKEY, L_QUANTITY FROM LINEITEM WHERE L_QUANTITY BETWEEN 10 AND 20"
single_table_filters,Q051,51,,,,3,ERROR,2013 (HY000): Lost connection to MySQL server during query,"SELECT L_ORDERKEY, L_QUANTITY FROM LINEITEM WHERE L_QUANTITY BETWEEN 20 AND 40"
single_table_filters,Q052,52,,,,3,ERROR,2013 (HY000): Lost connection to MySQL server during query,SELECT L_ORDERKEY FROM LINEITEM WHERE L_QUANTITY BETWEEN 30 AND 50
single_table_filters,Q053,53,,,,3,ERROR,2013 (HY000): Lost connection to MySQL server during query,SELECT L_ORDERKEY FROM LINEITEM WHERE L_DISCOUNT > 0.08
single_table_filters,Q054,54,,,,3,ERROR,2013 (HY000): Lost connection to MySQL server during query,SELECT * FROM CUSTOMER WHERE C_ACCTBAL > 1000
single_table_filters,Q055,55,,,,3,ERROR,2013 (HY000): Lost connection to MySQL server during query,SELECT * FROM CUSTOMER WHERE C_ACCTBAL > 500
single_table_filters,Q056,56,,,,3,ERROR,2013 (HY000): Lost connection to MySQL server during query,SELECT * FROM CUSTOMER WHERE C_NATIONKEY = 10
single_table_filters,Q057,57,,,,3,ERROR,2013 (HY000): Lost connection to MySQL server during query,SELECT * FROM CUSTOMER WHERE C_ACCTBAL BETWEEN 200 AND 800
single_table_filters,Q058,58,,,,3,ERROR,2013 (HY000): Lost connection to MySQL server during query,SELECT * FROM CUSTOMER WHERE C_NATIONKEY BETWEEN 1 AND 10
single_table_filters,Q059,59,,,,3,ERROR,2013 (HY000): Lost connection to MySQL server during query,"SELECT C_CUSTKEY, C_NAME FROM CUSTOMER WHERE C_NATIONKEY = 5"
single_table_filters,Q060,60,,,,3,ERROR,2013 (HY000): Lost connection to MySQL server during query,SELECT * FROM CUSTOMER WHERE C_MKTSEGMENT = 'BUILDING'
single_table_filters,Q061,61,,,,3,ERROR,2013 (HY000): Lost connection to MySQL server during query,"SELECT C_CUSTKEY, C_NAME FROM CUSTOMER WHERE C_ACCTBAL < 300"
single_table_filters,Q062,62,,,,3,ERROR,2013 (HY000): Lost connection to MySQL server during query,"SELECT C_CUSTKEY, C_ACCTBAL FROM CUSTOMER WHERE C_ACCTBAL >= 1200"
single_table_filters,Q063,63,,,,3,ERROR,2013 (HY000): Lost connection to MySQL server during query,SELECT * FROM CUSTOMER WHERE C_ACCTBAL < 200
single_table_filters,Q064,64,,,,3,ERROR,2013 (HY000): Lost connection to MySQL server during query,SELECT * FROM CUSTOMER WHERE C_NATIONKEY = 3
single_table_filters,Q065,65,,,,3,ERROR,2013 (HY000): Lost connection to MySQL server during query,"SELECT C_CUSTKEY, C_NAME FROM CUSTOMER WHERE C_ACCTBAL BETWEEN 400 AND 900"
single_table_filters,Q066,66,,,,3,ERROR,2013 (HY000): Lost connection to MySQL server during query,"SELECT C_CUSTKEY, C_NAME FROM CUSTOMER WHERE C_NAME LIKE 'Customer#000%'"
single_table_filters,Q067,67,,,,3,ERROR,2013 (HY000): Lost connection to MySQL server during query,SELECT C_CUSTKEY FROM CUSTOMER WHERE C_ACCTBAL > 100
single_table_filters,Q068,68,,,,3,ERROR,2013 (HY000): Lost connection to MySQL server during query,SELECT C_CUSTKEY FROM CUSTOMER WHERE C_ACCTBAL > 300
single_table_filters,Q069,69,,,,3,ERROR,2013 (HY000): Lost connection to MySQL server during query,SELECT C_CUSTKEY FROM CUSTOMER WHERE C_ACCTBAL > 700
single_table_filters,Q070,70,,,,3,ERROR,2013 (HY000): Lost connection to MySQL server during query,SELECT C_CUSTKEY FROM CUSTOMER WHERE C_ACCTBAL > 1500
single_table_filters,Q071,71,,,,3,ERROR,2013 (HY000): Lost connection to MySQL server during query,SELECT C_CUSTKEY FROM CUSTOMER WHERE C_ACCTBAL > 2000
single_table_filters,Q072,72,,,,3,ERROR,2013 (HY000): Lost connection to MySQL server during query,"SELECT C_CUSTKEY, C_ACCTBAL FROM CUSTOMER WHERE C_ACCTBAL BETWEEN 100 AND 500"
single_table_filters,Q073,73,,,,3,ERROR,2013 (HY000): Lost connection to MySQL server during query,"SELECT C_CUSTKEY, C_ACCTBAL FROM CUSTOMER WHERE C_ACCTBAL BETWEEN 500 AND 1000"
single_table_filters,Q074,74,,,,3,ERROR,2013 (HY000): Lost connection to MySQL server during query,SELECT C_CUSTKEY FROM CUSTOMER WHERE C_NATIONKEY BETWEEN 6 AND 12
single_table_filters,Q075,75,,,,3,ERROR,2013 (HY000): Lost connection to MySQL server during query,SELECT * FROM PART WHERE P_SIZE = 10
single_table_filters,Q076,76,,,,3,ERROR,2013 (HY000): Lost connection to MySQL server during query,SELECT * FROM PART WHERE P_SIZE = 20
single_table_filters,Q077,77,,,,3,ERROR,2013 (HY000): Lost connection to MySQL server during query,SELECT * FROM PART WHERE P_SIZE BETWEEN 5 AND 15
single_table_filters,Q078,78,,,,3,ERROR,2013 (HY000): Lost connection to MySQL server during query,SELECT * FROM PART WHERE P_RETAILPRICE > 500
single_table_filters,Q079,79,,,,3,ERROR,2013 (HY000): Lost connection to MySQL server during query,SELECT * FROM PART WHERE P_RETAILPRICE > 1000
single_table_filters,Q080,80,,,,3,ERROR,2013 (HY000): Lost connection to MySQL server during query,SELECT * FROM PART WHERE P_RETAILPRICE BETWEEN 200 AND 800
single_table_filters,Q081,81,,,,3,ERROR,2013 (HY000): Lost connection to MySQL server during query,SELECT * FROM PART WHERE P_SIZE >= 15
single_table_filters,Q082,82,,,,3,ERROR,2013 (HY000): Lost connection to MySQL server during query,"SELECT P_PARTKEY, P_NAME FROM PART WHERE P_RETAILPRICE < 300"
single_table_filters,Q083,83,,,,3,ERROR,2013 (HY000): Lost connection to MySQL server during query,"SELECT P_PARTKEY, P_SIZE FROM PART WHERE P_SIZE < 5"
single_table_filters,Q084,84,,,,3,ERROR,2013 (HY000): Lost connection to MySQL server during query,SELECT * FROM PART WHERE P_RETAILPRICE >= 1200
single_table_filters,Q085,85,,,,3,ERROR,2013 (HY000): Lost connection to MySQL server during query,"SELECT P_PARTKEY, P_RETAILPRICE FROM PART WHERE P_RETAILPRICE <= 300"
single_table_filters,Q086,86,,,,3,ERROR,2013 (HY000): Lost connection to MySQL server during query,"SELECT P_PARTKEY, P_NAME FROM PART WHERE P_NAME LIKE '%green%'"
single_table_filters,Q087,87,,,,3,ERROR,2013 (HY000): Lost connection to MySQL server during query,SELECT P_PARTKEY FROM PART WHERE P_SIZE > 5
single_table_filters,Q088,88,,,,3,ERROR,2013 (HY000): Lost connection to MySQL server during query,SELECT P_PARTKEY FROM PART WHERE P_SIZE > 10
single_table_filters,Q089,89,,,,3,ERROR,2013 (HY000): Lost connection to MySQL server during query,SELECT P_PARTKEY FROM PART WHERE P_SIZE > 15
single_table_filters,Q090,90,,,,3,ERROR,2013 (HY000): Lost connection to MySQL server during query,SELECT P_PARTKEY FROM PART WHERE P_SIZE > 20
single_table_filters,Q091,91,,,,3,ERROR,2013 (HY000): Lost connection to MySQL server during query,"SELECT P_PARTKEY, P_RETAILPRICE FROM PART WHERE P_RETAILPRICE > 200"
single_table_filters,Q092,92,,,,3,ERROR,2013 (HY000): Lost connection to MySQL server during query,"SELECT P_PARTKEY, P_RETAILPRICE FROM PART WHERE P_RETAILPRICE > 600"
single_table_filters,Q093,93,,,,3,ERROR,2013 (HY000): Lost connection to MySQL server during query,"SELECT P_PARTKEY, P_RETAILPRICE FROM PART WHERE P_RETAILPRICE > 1200"
single_table_filters,Q094,94,,,,3,ERROR,2013 (HY000): Lost connection to MySQL server during query,"SELECT P_PARTKEY, P_RETAILPRICE FROM PART WHERE P_RETAILPRICE > 1500"
single_table_filters,Q095,95,,,,3,ERROR,2013 (HY000): Lost connection to MySQL server during query,SELECT P_PARTKEY FROM PART WHERE P_SIZE BETWEEN 10 AND 30
single_table_filters,Q096,96,,,,3,ERROR,2013 (HY000): Lost connection to MySQL server during query,SELECT * FROM SUPPLIER WHERE S_ACCTBAL > 1000
single_table_filters,Q097,97,,,,3,ERROR,2013 (HY000): Lost connection to MySQL server during query,SELECT * FROM SUPPLIER WHERE S_ACCTBAL BETWEEN 500 AND 1500
single_table_filters,Q098,98,,,,3,ERROR,2013 (HY000): Lost connection to MySQL server during query,"SELECT S_SUPPKEY, S_NAME FROM SUPPLIER WHERE S_NATIONKEY = 3"
single_table_filters,Q099,99,,,,3,ERROR,2013 (HY000): Lost connection to MySQL server during query,SELECT * FROM SUPPLIER WHERE S_ACCTBAL < 500
single_table_filters,Q100,100,,,,3,ERROR,2013 (HY000): Lost connection to MySQL server during query,"SELECT S_SUPPKEY, S_PHONE FROM SUPPLIER WHERE S_NATIONKEY BETWEEN 5 AND 10"
single_table_filters,Q101,101,,,,3,ERROR,2013 (HY000): Lost connection to MySQL server during query,SELECT * FROM SUPPLIER WHERE S_ACCTBAL >= 2000
single_table_filters,Q102,102,,,,3,ERROR,2013 (HY000): Lost connection to MySQL server during query,SELECT * FROM SUPPLIER WHERE S_NATIONKEY = 7
single_table_filters,Q103,103,,,,3,ERROR,2013 (HY000): Lost connection to MySQL server during query,"SELECT S_SUPPKEY, S_ACCTBAL FROM SUPPLIER WHERE S_ACCTBAL BETWEEN 200 AND 800"
single_table_filters,Q104,104,,,,3,ERROR,2013 (HY000): Lost connection to MySQL server during query,SELECT S_SUPPKEY FROM SUPPLIER WHERE S_ACCTBAL > 100
single_table_filters,Q105,105,,,,3,ERROR,2013 (HY000): Lost connection to MySQL server during query,SELECT S_SUPPKEY FROM SUPPLIER WHERE S_ACCTBAL > 500
single_table_filters,Q106,106,,,,3,ERROR,2013 (HY000): Lost connection to MySQL server during query,SELECT S_SUPPKEY FROM SUPPLIER WHERE S_ACCTBAL > 1000
single_table_filters,Q107,107,,,,3,ERROR,2013 (HY000): Lost connection to MySQL server during query,SELECT S_SUPPKEY FROM SUPPLIER WHERE S_ACCTBAL > 1500
single_table_filters,Q108,108,,,,3,ERROR,2013 (HY000): Lost connection to MySQL server during query,SELECT S_SUPPKEY FROM SUPPLIER WHERE S_ACCTBAL > 1800
single_table_filters,Q109,109,,,,3,ERROR,2013 (HY000): Lost connection to MySQL server during query,"SELECT S_SUPPKEY, S_ACCTBAL FROM SUPPLIER WHERE S_ACCTBAL BETWEEN 100 AND 600"
single_table_filters,Q110,110,,,,3,ERROR,2013 (HY000): Lost connection to MySQL server during query,"SELECT S_SUPPKEY, S_ACCTBAL FROM SUPPLIER WHERE S_ACCTBAL BETWEEN 600 AND 1200"
single_table_filters,Q111,111,,,,3,ERROR,2013 (HY000): Lost connection to MySQL server during query,SELECT S_SUPPKEY FROM SUPPLIER WHERE S_NATIONKEY BETWEEN 1 AND 5
two_table_joins,Q001,112,,,,3,ERROR,2013 (HY000): Lost connection to MySQL server during query,"SELECT o.O_ORDERKEY, c.C_NAME FROM   ORDERS   o JOIN   CUSTOMER c ON o.O_CUSTKEY = c.C_CUSTKEY"
two_table_joins,Q002,113,,,,3,ERROR,2013 (HY000): Lost connection to MySQL server during query,"SELECT o.O_ORDERKEY, c.C_ACCTBAL FROM   ORDERS   o JOIN   CUSTOMER c ON o.O_CUSTKEY = c.C_CUSTKEY WHERE  c.C_ACCTBAL > 5"
two_table_joins,Q003,114,,,,3,ERROR,2013 (HY000): Lost connection to MySQL server during query,"SELECT o.O_ORDERKEY, c.C_NAME FROM   ORDERS   o JOIN   CUSTOMER c ON o.O_CUSTKEY = c.C_CUSTKEY WHERE  o.O_TOTALPRICE > 2"
two_table_joins,Q004,115,,,,3,ERROR,2013 (HY000): Lost connection to MySQL server during query,"SELECT o.O_ORDERKEY, c.C_NATIONKEY FROM   ORDERS   o JOIN   CUSTOMER c ON o.O_CUSTKEY = c.C_CUSTKEY WHERE  c.C_NATIONKEY"
two_table_joins,Q005,116,,,,3,ERROR,2013 (HY000): Lost connection to MySQL server during query,"SELECT o.O_ORDERKEY, c.C_NAME FROM   ORDERS   o JOIN   CUSTOMER c ON o.O_CUSTKEY = c.C_CUSTKEY WHERE  o.O_ORDERDATE > '1"
two_table_joins,Q006,117,,,,3,ERROR,2013 (HY000): Lost connection to MySQL server during query,"SELECT o.O_ORDERKEY, c.C_NAME FROM   ORDERS   o JOIN   CUSTOMER c ON o.O_CUSTKEY = c.C_CUSTKEY WHERE  c.C_ACCTBAL > 100"
two_table_joins,Q007,118,,,,3,ERROR,2013 (HY000): Lost connection to MySQL server during query,"SELECT o.O_ORDERKEY, c.C_NAME FROM   ORDERS   o JOIN   CUSTOMER c ON o.O_CUSTKEY = c.C_CUSTKEY WHERE  c.C_ACCTBAL > 1000"
two_table_joins,Q008,119,,,,3,ERROR,2013 (HY000): Lost connection to MySQL server during query,"SELECT o.O_ORDERKEY, c.C_ACCTBAL FROM   ORDERS   o JOIN   CUSTOMER c ON o.O_CUSTKEY = c.C_CUSTKEY WHERE  o.O_TOTALPRICE "
two_table_joins,Q009,120,,,,3,ERROR,2013 (HY000): Lost connection to MySQL server during query,"SELECT o.O_ORDERKEY, c.C_NATIONKEY FROM   ORDERS   o JOIN   CUSTOMER c ON o.O_CUSTKEY = c.C_CUSTKEY WHERE  c.C_NATIONKEY"
two_table_joins,Q010,121,,,,3,ERROR,2013 (HY000): Lost connection to MySQL server during query,"SELECT o.O_ORDERKEY, c.C_NAME FROM   ORDERS   o JOIN   CUSTOMER c ON o.O_CUSTKEY = c.C_CUSTKEY WHERE  o.O_ORDERDATE BETW"
two_table_joins,Q011,122,,,,3,ERROR,2013 (HY000): Lost connection to MySQL server during query,"SELECT o.O_ORDERKEY, c.C_NAME FROM   ORDERS   o JOIN   CUSTOMER c ON o.O_CUSTKEY = c.C_CUSTKEY WHERE  o.O_TOTALPRICE > 1"
two_table_joins,Q012,123,,,,3,ERROR,2013 (HY000): Lost connection to MySQL server during query,"SELECT o.O_ORDERKEY, c.C_NAME FROM   ORDERS   o JOIN   CUSTOMER c ON o.O_CUSTKEY = c.C_CUSTKEY WHERE  o.O_TOTALPRICE > 3"
two_table_joins,Q013,124,,,,3,ERROR,2013 (HY000): Lost connection to MySQL server during query,"SELECT o.O_ORDERKEY, c.C_NAME FROM   ORDERS   o JOIN   CUSTOMER c ON o.O_CUSTKEY = c.C_CUSTKEY WHERE  o.O_TOTALPRICE  BE"
two_table_joins,Q014,125,,,,3,ERROR,2013 (HY000): Lost connection to MySQL server during query,"SELECT o.O_ORDERKEY, c.C_NAME FROM   ORDERS   o JOIN   CUSTOMER c ON o.O_CUSTKEY = c.C_CUSTKEY WHERE  o.O_ORDERDATE BETW"
two_table_joins,Q015,126,,,,3,ERROR,2013 (HY000): Lost connection to MySQL server during query,"SELECT o.O_ORDERKEY, c.C_NAME FROM   ORDERS   o JOIN   CUSTOMER c ON o.O_CUSTKEY = c.C_CUSTKEY WHERE  o.O_ORDERDATE   > "
two_table_joins,Q016,127,,,,3,ERROR,2013 (HY000): Lost connection to MySQL server during query,"SELECT o.O_ORDERKEY, l.L_QUANTITY FROM   ORDERS  o JOIN   LINEITEM l ON o.O_ORDERKEY = l.L_ORDERKEY"
two_table_joins,Q017,128,,,,3,ERROR,2013 (HY000): Lost connection to MySQL server during query,"SELECT o.O_ORDERKEY, l.L_QUANTITY FROM   ORDERS  o JOIN   LINEITEM l ON o.O_ORDERKEY = l.L_ORDERKEY WHERE  l.L_QUANTITY "
two_table_joins,Q018,129,,,,3,ERROR,2013 (HY000): Lost connection to MySQL server during query,"SELECT o.O_ORDERKEY, l.L_QUANTITY FROM   ORDERS  o JOIN   LINEITEM l ON o.O_ORDERKEY = l.L_ORDERKEY WHERE  o.O_TOTALPRIC"
two_table_joins,Q019,130,,,,3,ERROR,2013 (HY000): Lost connection to MySQL server during query,"SELECT o.O_ORDERKEY, l.L_SHIPDATE FROM   ORDERS  o JOIN   LINEITEM l ON o.O_ORDERKEY = l.L_ORDERKEY WHERE  l.L_SHIPDATE "
two_table_joins,Q020,131,,,,3,ERROR,2013 (HY000): Lost connection to MySQL server during query,"SELECT o.O_ORDERKEY, l.L_DISCOUNT FROM   ORDERS  o JOIN   LINEITEM l ON o.O_ORDERKEY = l.L_ORDERKEY WHERE  l.L_DISCOUNT "
two_table_joins,Q021,132,,,,3,ERROR,2013 (HY000): Lost connection to MySQL server during query,"SELECT o.O_ORDERKEY, l.L_QUANTITY FROM   ORDERS  o JOIN   LINEITEM l ON o.O_ORDERKEY = l.L_ORDERKEY WHERE  l.L_QUANTITY "
two_table_joins,Q022,133,,,,3,ERROR,2013 (HY000): Lost connection to MySQL server during query,"SELECT o.O_ORDERKEY, l.L_QUANTITY FROM   ORDERS  o JOIN   LINEITEM l ON o.O_ORDERKEY = l.L_ORDERKEY WHERE  l.L_QUANTITY "
two_table_joins,Q023,134,,,,3,ERROR,2013 (HY000): Lost connection to MySQL server during query,"SELECT o.O_ORDERKEY, l.L_DISCOUNT FROM   ORDERS  o JOIN   LINEITEM l ON o.O_ORDERKEY = l.L_ORDERKEY WHERE  l.L_DISCOUNT "
two_table_joins,Q024,135,,,,3,ERROR,2013 (HY000): Lost connection to MySQL server during query,"SELECT o.O_ORDERKEY, l.L_SHIPDATE FROM   ORDERS  o JOIN   LINEITEM l ON o.O_ORDERKEY = l.L_ORDERKEY WHERE  l.L_SHIPDATE "
two_table_joins,Q025,136,,,,3,ERROR,2013 (HY000): Lost connection to MySQL server during query,"SELECT o.O_ORDERKEY, l.L_QUANTITY FROM   ORDERS  o JOIN   LINEITEM l ON o.O_ORDERKEY = l.L_ORDERKEY WHERE  o.O_TOTALPRIC"
two_table_joins,Q026,137,,,,3,ERROR,2013 (HY000): Lost connection to MySQL server during query,"SELECT p.P_PARTKEY, ps.PS_SUPPLYCOST FROM   PART     p JOIN   PARTSUPP ps ON p.P_PARTKEY = ps.PS_PARTKEY"
two_table_joins,Q027,138,,,,3,ERROR,2013 (HY000): Lost connection to MySQL server during query,"SELECT p.P_PARTKEY, ps.PS_SUPPLYCOST FROM   PART     p JOIN   PARTSUPP ps ON p.P_PARTKEY = ps.PS_PARTKEY WHERE  p.P_SIZE"
two_table_joins,Q028,139,,,,3,ERROR,2013 (HY000): Lost connection to MySQL server during query,"SELECT p.P_PARTKEY, ps.PS_SUPPLYCOST FROM   PART     p JOIN   PARTSUPP ps ON p.P_PARTKEY = ps.PS_PARTKEY WHERE  ps.PS_SU"
two_table_joins,Q029,140,,,,3,ERROR,2013 (HY000): Lost connection to MySQL server during query,"SELECT p.P_PARTKEY, ps.PS_AVAILQTY FROM   PART     p JOIN   PARTSUPP ps ON p.P_PARTKEY = ps.PS_PARTKEY WHERE  ps.PS_AVAI"
two_table_joins,Q030,141,,,,3,ERROR,2013 (HY000): Lost connection to MySQL server during query,"SELECT p.P_PARTKEY, ps.PS_SUPPLYCOST FROM   PART     p JOIN   PARTSUPP ps ON p.P_PARTKEY = ps.PS_PARTKEY WHERE  p.P_RETA"
two_table_joins,Q031,142,,,,3,ERROR,2013 (HY000): Lost connection to MySQL server during query,"SELECT s.S_SUPPKEY, ps.PS_PARTKEY FROM   SUPPLIER s JOIN   PARTSUPP ps ON s.S_SUPPKEY = ps.PS_SUPPKEY"
two_table_joins,Q032,143,,,,3,ERROR,2013 (HY000): Lost connection to MySQL server during query,"SELECT s.S_SUPPKEY, ps.PS_SUPPLYCOST FROM   SUPPLIER s JOIN   PARTSUPP ps ON s.S_SUPPKEY = ps.PS_SUPPKEY WHERE  s.S_ACCT"
two_table_joins,Q033,144,,,,3,ERROR,2013 (HY000): Lost connection to MySQL server during query,"SELECT s.S_SUPPKEY, ps.PS_SUPPLYCOST FROM   SUPPLIER s JOIN   PARTSUPP ps ON s.S_SUPPKEY = ps.PS_SUPPKEY WHERE  ps.PS_SU"
two_table_joins,Q034,145,,,,3,ERROR,2013 (HY000): Lost connection to MySQL server during query,"SELECT s.S_SUPPKEY, ps.PS_PARTKEY FROM   SUPPLIER s JOIN   PARTSUPP ps ON s.S_SUPPKEY = ps.PS_SUPPKEY WHERE  s.S_NATIONK"
two_table_joins,Q035,146,,,,3,ERROR,2013 (HY000): Lost connection to MySQL server during query,"SELECT s.S_SUPPKEY, ps.PS_AVAILQTY FROM   SUPPLIER s JOIN   PARTSUPP ps ON s.S_SUPPKEY = ps.PS_SUPPKEY WHERE  ps.PS_AVAI"
two_table_joins,Q036,147,,,,3,ERROR,2013 (HY000): Lost connection to MySQL server during query,"SELECT o.O_ORDERKEY, c.C_NAME FROM   ORDERS   o JOIN   CUSTOMER c ON o.O_CUSTKEY = c.C_CUSTKEY WHERE  c.C_ACCTBAL    > 5"
two_table_joins,Q037,148,,,,3,ERROR,2013 (HY000): Lost connection to MySQL server during query,"SELECT o.O_ORDERKEY, l.L_QUANTITY FROM   ORDERS  o JOIN   LINEITEM l ON o.O_ORDERKEY = l.L_ORDERKEY WHERE  l.L_QUANTITY "
two_table_joins,Q038,149,,,,3,ERROR,2013 (HY000): Lost connection to MySQL server during query,"SELECT p.P_PARTKEY, ps.PS_SUPPLYCOST FROM   PART     p JOIN   PARTSUPP ps ON p.P_PARTKEY = ps.PS_PARTKEY WHERE  p.P_SIZE"
two_table_joins,Q039,150,,,,3,ERROR,2013 (HY000): Lost connection to MySQL server during query,"SELECT s.S_SUPPKEY, ps.PS_SUPPLYCOST FROM   SUPPLIER s JOIN   PARTSUPP ps ON s.S_SUPPKEY = ps.PS_SUPPKEY WHERE  s.S_ACCT"
two_table_joins,Q040,151,,,,3,ERROR,2013 (HY000): Lost connection to MySQL server during query,"SELECT o.O_ORDERKEY, c.C_NAME FROM   ORDERS   o JOIN   CUSTOMER c ON o.O_CUSTKEY = c.C_CUSTKEY ORDER BY o.O_TOTALPRICE D"
two_table_joins,Q041,152,,,,3,ERROR,2013 (HY000): Lost connection to MySQL server during query,"SELECT o.O_ORDERKEY, l.L_QUANTITY FROM   ORDERS  o JOIN   LINEITEM l ON o.O_ORDERKEY = l.L_ORDERKEY ORDER BY l.L_QUANTIT"
two_table_joins,Q042,153,,,,3,ERROR,2013 (HY000): Lost connection to MySQL server during query,"SELECT o.O_ORDERKEY, c.C_NAME FROM   ORDERS   o JOIN   CUSTOMER c ON o.O_CUSTKEY = c.C_CUSTKEY ORDER BY c.C_ACCTBAL DESC"
two_table_joins,Q043,154,,,,3,ERROR,2013 (HY000): Lost connection to MySQL server during query,"SELECT o.O_ORDERKEY, l.L_DISCOUNT FROM   ORDERS  o JOIN   LINEITEM l ON o.O_ORDERKEY = l.L_ORDERKEY ORDER BY l.L_DISCOUN"
two_table_joins,Q044,155,,,,3,ERROR,2013 (HY000): Lost connection to MySQL server during query,"SELECT p.P_PARTKEY, ps.PS_SUPPLYCOST FROM   PART     p JOIN   PARTSUPP ps ON p.P_PARTKEY = ps.PS_PARTKEY ORDER BY ps.PS_"
two_table_joins,Q045,156,,,,3,ERROR,2013 (HY000): Lost connection to MySQL server during query,"SELECT p.P_PARTKEY, ps.PS_AVAILQTY FROM   PART     p JOIN   PARTSUPP ps ON p.P_PARTKEY = ps.PS_PARTKEY ORDER BY ps.PS_AV"
two_table_joins,Q046,157,,,,3,ERROR,2013 (HY000): Lost connection to MySQL server during query,"SELECT s.S_SUPPKEY, ps.PS_SUPPLYCOST FROM   SUPPLIER s JOIN   PARTSUPP ps ON s.S_SUPPKEY = ps.PS_SUPPKEY ORDER BY ps.PS_"
two_table_joins,Q047,158,,,,3,ERROR,2013 (HY000): Lost connection to MySQL server during query,"SELECT s.S_SUPPKEY, ps.PS_AVAILQTY FROM   SUPPLIER s JOIN   PARTSUPP ps ON s.S_SUPPKEY = ps.PS_SUPPKEY ORDER BY ps.PS_AV"
two_table_joins,Q048,159,,,,3,ERROR,2013 (HY000): Lost connection to MySQL server during query,"SELECT o.O_ORDERKEY, c.C_NAME FROM   ORDERS   o JOIN   CUSTOMER c ON o.O_CUSTKEY = c.C_CUSTKEY LIMIT  50"
two_table_joins,Q049,160,,,,3,ERROR,2013 (HY000): Lost connection to MySQL server during query,"SELECT o.O_ORDERKEY, c.C_NAME FROM   ORDERS   o JOIN   CUSTOMER c ON o.O_CUSTKEY = c.C_CUSTKEY LIMIT  100"
two_table_joins,Q050,161,,,,3,ERROR,2013 (HY000): Lost connection to MySQL server during query,"SELECT o.O_ORDERKEY, l.L_QUANTITY FROM   ORDERS  o JOIN   LINEITEM l ON o.O_ORDERKEY = l.L_ORDERKEY LIMIT  100"
two_table_joins,Q051,162,,,,3,ERROR,2013 (HY000): Lost connection to MySQL server during query,"SELECT o.O_ORDERKEY, l.L_QUANTITY FROM   ORDERS  o JOIN   LINEITEM l ON o.O_ORDERKEY = l.L_ORDERKEY LIMIT  200"
two_table_joins,Q052,163,,,,3,ERROR,2013 (HY000): Lost connection to MySQL server during query,"SELECT p.P_PARTKEY, ps.PS_SUPPLYCOST FROM   PART     p JOIN   PARTSUPP ps ON p.P_PARTKEY = ps.PS_PARTKEY LIMIT  80"
two_table_joins,Q053,164,,,,3,ERROR,2013 (HY000): Lost connection to MySQL server during query,"SELECT s.S_SUPPKEY, ps.PS_SUPPLYCOST FROM   SUPPLIER s JOIN   PARTSUPP ps ON s.S_SUPPKEY = ps.PS_SUPPKEY LIMIT  60"
two_table_joins,Q054,165,,,,3,ERROR,2013 (HY000): Lost connection to MySQL server during query,"SELECT o.O_ORDERKEY, c.C_NAME FROM   ORDERS o JOIN CUSTOMER c ON o.O_CUSTKEY = c.C_CUSTKEY WHERE  o.O_TOTALPRICE > 5000"
two_table_joins,Q055,166,,,,3,ERROR,2013 (HY000): Lost connection to MySQL server during query,"SELECT o.O_ORDERKEY, c.C_NAME FROM   ORDERS o JOIN CUSTOMER c ON o.O_CUSTKEY = c.C_CUSTKEY WHERE  o.O_TOTALPRICE > 10000"
two_table_joins,Q056,167,,,,3,ERROR,2013 (HY000): Lost connection to MySQL server during query,"SELECT o.O_ORDERKEY, c.C_NAME FROM   ORDERS o JOIN CUSTOMER c ON o.O_CUSTKEY = c.C_CUSTKEY WHERE  o.O_TOTALPRICE > 15000"
two_table_joins,Q057,168,,,,3,ERROR,2013 (HY000): Lost connection to MySQL server during query,"SELECT o.O_ORDERKEY, c.C_NAME FROM   ORDERS o JOIN CUSTOMER c ON o.O_CUSTKEY = c.C_CUSTKEY WHERE  o.O_TOTALPRICE > 25000"
two_table_joins,Q058,169,,,,3,ERROR,2013 (HY000): Lost connection to MySQL server during query,"SELECT o.O_ORDERKEY, c.C_NAME FROM   ORDERS o JOIN CUSTOMER c ON o.O_CUSTKEY = c.C_CUSTKEY WHERE  o.O_TOTALPRICE > 40000"
two_table_joins,Q059,170,,,,3,ERROR,2013 (HY000): Lost connection to MySQL server during query,"SELECT o.O_ORDERKEY, c.C_ACCTBAL FROM   ORDERS o JOIN CUSTOMER c ON o.O_CUSTKEY = c.C_CUSTKEY WHERE  c.C_ACCTBAL > 200"
two_table_joins,Q060,171,,,,3,ERROR,2013 (HY000): Lost connection to MySQL server during query,"SELECT o.O_ORDERKEY, c.C_ACCTBAL FROM   ORDERS o JOIN CUSTOMER c ON o.O_CUSTKEY = c.C_CUSTKEY WHERE  c.C_ACCTBAL > 400"
two_table_joins,Q061,172,,,,3,ERROR,2013 (HY000): Lost connection to MySQL server during query,"SELECT o.O_ORDERKEY, c.C_ACCTBAL FROM   ORDERS o JOIN CUSTOMER c ON o.O_CUSTKEY = c.C_CUSTKEY WHERE  c.C_ACCTBAL > 800"
two_table_joins,Q062,173,,,,3,ERROR,2013 (HY000): Lost connection to MySQL server during query,"SELECT o.O_ORDERKEY, c.C_ACCTBAL FROM   ORDERS o JOIN CUSTOMER c ON o.O_CUSTKEY = c.C_CUSTKEY WHERE  c.C_ACCTBAL > 1200"
two_table_joins,Q063,174,,,,3,ERROR,2013 (HY000): Lost connection to MySQL server during query,"SELECT o.O_ORDERKEY, c.C_NAME FROM   ORDERS o JOIN CUSTOMER c ON o.O_CUSTKEY = c.C_CUSTKEY WHERE  o.O_TOTALPRICE > 10000"
two_table_joins,Q064,175,,,,3,ERROR,2013 (HY000): Lost connection to MySQL server during query,"SELECT o.O_ORDERKEY, c.C_NAME FROM   ORDERS o JOIN CUSTOMER c ON o.O_CUSTKEY = c.C_CUSTKEY WHERE  o.O_TOTALPRICE > 20000"
two_table_joins,Q065,176,,,,3,ERROR,2013 (HY000): Lost connection to MySQL server during query,"SELECT o.O_ORDERKEY, c.C_NAME FROM   ORDERS o JOIN CUSTOMER c ON o.O_CUSTKEY = c.C_CUSTKEY WHERE  o.O_TOTALPRICE > 30000"
two_table_joins,Q066,177,,,,3,ERROR,2013 (HY000): Lost connection to MySQL server during query,"SELECT o.O_ORDERKEY, c.C_NAME FROM   ORDERS o JOIN CUSTOMER c ON o.O_CUSTKEY = c.C_CUSTKEY WHERE  o.O_ORDERDATE > '1994-"
two_table_joins,Q067,178,,,,3,ERROR,2013 (HY000): Lost connection to MySQL server during query,"SELECT o.O_ORDERKEY, c.C_NAME FROM   ORDERS o JOIN CUSTOMER c ON o.O_CUSTKEY = c.C_CUSTKEY WHERE  o.O_ORDERDATE > '1995-"
two_table_joins,Q068,179,,,,3,ERROR,2013 (HY000): Lost connection to MySQL server during query,"SELECT o.O_ORDERKEY, c.C_NAME FROM   ORDERS o JOIN CUSTOMER c ON o.O_CUSTKEY = c.C_CUSTKEY WHERE  o.O_ORDERDATE > '1997-"
two_table_joins,Q069,180,,,,3,ERROR,2013 (HY000): Lost connection to MySQL server during query,"SELECT o.O_ORDERKEY, c.C_NATIONKEY FROM   ORDERS o JOIN CUSTOMER c ON o.O_CUSTKEY = c.C_CUSTKEY WHERE  c.C_NATIONKEY = 1"
two_table_joins,Q070,181,,,,3,ERROR,2013 (HY000): Lost connection to MySQL server during query,"SELECT o.O_ORDERKEY, c.C_NATIONKEY FROM   ORDERS o JOIN CUSTOMER c ON o.O_CUSTKEY = c.C_CUSTKEY WHERE  c.C_NATIONKEY = 5"
two_table_joins,Q071,182,,,,3,ERROR,2013 (HY000): Lost connection to MySQL server during query,"SELECT o.O_ORDERKEY, c.C_NATIONKEY FROM   ORDERS o JOIN CUSTOMER c ON o.O_CUSTKEY = c.C_CUSTKEY WHERE  c.C_NATIONKEY = 1"
two_table_joins,Q072,183,,,,3,ERROR,2013 (HY000): Lost connection to MySQL server during query,"SELECT o.O_ORDERKEY, c.C_NAME FROM   ORDERS o JOIN CUSTOMER c ON o.O_CUSTKEY = c.C_CUSTKEY WHERE  o.O_TOTALPRICE BETWEEN"
two_table_joins,Q073,184,,,,3,ERROR,2013 (HY000): Lost connection to MySQL server during query,"SELECT o.O_ORDERKEY, c.C_NAME FROM   ORDERS o JOIN CUSTOMER c ON o.O_CUSTKEY = c.C_CUSTKEY WHERE  o.O_TOTALPRICE BETWEEN"
two_table_joins,Q074,185,,,,3,ERROR,2013 (HY000): Lost connection to MySQL server during query,"SELECT o.O_ORDERKEY, c.C_NAME FROM   ORDERS o JOIN CUSTOMER c ON o.O_CUSTKEY = c.C_CUSTKEY WHERE  o.O_TOTALPRICE BETWEEN"
two_table_joins,Q075,186,,,,3,ERROR,2013 (HY000): Lost connection to MySQL server during query,"SELECT o.O_ORDERKEY, c.C_NAME FROM   ORDERS o JOIN CUSTOMER c ON o.O_CUSTKEY = c.C_CUSTKEY WHERE  c.C_ACCTBAL BETWEEN 20"
two_table_joins,Q076,187,,,,3,ERROR,2013 (HY000): Lost connection to MySQL server during query,"SELECT o.O_ORDERKEY, c.C_NAME FROM   ORDERS o JOIN CUSTOMER c ON o.O_CUSTKEY = c.C_CUSTKEY WHERE  c.C_ACCTBAL BETWEEN 50"
two_table_joins,Q077,188,,,,3,ERROR,2013 (HY000): Lost connection to MySQL server during query,"SELECT o.O_ORDERKEY, c.C_NAME FROM   ORDERS o JOIN CUSTOMER c ON o.O_CUSTKEY = c.C_CUSTKEY WHERE  o.O_TOTALPRICE > 25000"
two_table_joins,Q078,189,,,,3,ERROR,2013 (HY000): Lost connection to MySQL server during query,"SELECT o.O_ORDERKEY, l.L_QUANTITY FROM   ORDERS o JOIN LINEITEM l ON o.O_ORDERKEY = l.L_ORDERKEY WHERE  l.L_QUANTITY > 5"
two_table_joins,Q079,190,,,,3,ERROR,2013 (HY000): Lost connection to MySQL server during query,"SELECT o.O_ORDERKEY, l.L_QUANTITY FROM   ORDERS o JOIN LINEITEM l ON o.O_ORDERKEY = l.L_ORDERKEY WHERE  l.L_QUANTITY > 1"
two_table_joins,Q080,191,,,,3,ERROR,2013 (HY000): Lost connection to MySQL server during query,"SELECT o.O_ORDERKEY, l.L_QUANTITY FROM   ORDERS o JOIN LINEITEM l ON o.O_ORDERKEY = l.L_ORDERKEY WHERE  l.L_QUANTITY > 2"
two_table_joins,Q081,192,,,,3,ERROR,2013 (HY000): Lost connection to MySQL server during query,"SELECT o.O_ORDERKEY, l.L_QUANTITY FROM   ORDERS o JOIN LINEITEM l ON o.O_ORDERKEY = l.L_ORDERKEY WHERE  l.L_QUANTITY > 3"
two_table_joins,Q082,193,,,,3,ERROR,2013 (HY000): Lost connection to MySQL server during query,"SELECT o.O_ORDERKEY, l.L_DISCOUNT FROM   ORDERS o JOIN LINEITEM l ON o.O_ORDERKEY = l.L_ORDERKEY WHERE  l.L_DISCOUNT > 0"
two_table_joins,Q083,194,,,,3,ERROR,2013 (HY000): Lost connection to MySQL server during query,"SELECT o.O_ORDERKEY, l.L_DISCOUNT FROM   ORDERS o JOIN LINEITEM l ON o.O_ORDERKEY = l.L_ORDERKEY WHERE  l.L_DISCOUNT > 0"
two_table_joins,Q084,195,,,,3,ERROR,2013 (HY000): Lost connection to MySQL server during query,"SELECT o.O_ORDERKEY, l.L_DISCOUNT FROM   ORDERS o JOIN LINEITEM l ON o.O_ORDERKEY = l.L_ORDERKEY WHERE  l.L_DISCOUNT > 0"
two_table_joins,Q085,196,,,,3,ERROR,2013 (HY000): Lost connection to MySQL server during query,"SELECT o.O_ORDERKEY, l.L_DISCOUNT FROM   ORDERS o JOIN LINEITEM l ON o.O_ORDERKEY = l.L_ORDERKEY WHERE  l.L_DISCOUNT > 0"
two_table_joins,Q086,197,,,,3,ERROR,2013 (HY000): Lost connection to MySQL server during query,"SELECT o.O_ORDERKEY, l.L_SHIPDATE FROM   ORDERS o JOIN LINEITEM l ON o.O_ORDERKEY = l.L_ORDERKEY WHERE  l.L_SHIPDATE > '"
two_table_joins,Q087,198,,,,3,ERROR,2013 (HY000): Lost connection to MySQL server during query,"SELECT o.O_ORDERKEY, l.L_SHIPDATE FROM   ORDERS o JOIN LINEITEM l ON o.O_ORDERKEY = l.L_ORDERKEY WHERE  l.L_SHIPDATE > '"
two_table_joins,Q088,199,,,,3,ERROR,2013 (HY000): Lost connection to MySQL server during query,"SELECT o.O_ORDERKEY, l.L_SHIPDATE FROM   ORDERS o JOIN LINEITEM l ON o.O_ORDERKEY = l.L_ORDERKEY WHERE  l.L_SHIPDATE > '"
two_table_joins,Q089,200,,,,3,ERROR,2013 (HY000): Lost connection to MySQL server during query,"SELECT o.O_ORDERKEY, l.L_SHIPDATE FROM   ORDERS o JOIN LINEITEM l ON o.O_ORDERKEY = l.L_ORDERKEY WHERE  l.L_SHIPDATE > '"
two_table_joins,Q090,201,,,,3,ERROR,2013 (HY000): Lost connection to MySQL server during query,"SELECT o.O_ORDERKEY, l.L_QUANTITY FROM   ORDERS o JOIN LINEITEM l ON o.O_ORDERKEY = l.L_ORDERKEY WHERE  o.O_TOTALPRICE >"
two_table_joins,Q091,202,,,,3,ERROR,2013 (HY000): Lost connection to MySQL server during query,"SELECT o.O_ORDERKEY, l.L_QUANTITY FROM   ORDERS o JOIN LINEITEM l ON o.O_ORDERKEY = l.L_ORDERKEY WHERE  o.O_TOTALPRICE >"
two_table_joins,Q092,203,,,,3,ERROR,2013 (HY000): Lost connection to MySQL server during query,"SELECT o.O_ORDERKEY, l.L_QUANTITY FROM   ORDERS o JOIN LINEITEM l ON o.O_ORDERKEY = l.L_ORDERKEY WHERE  o.O_TOTALPRICE >"
two_table_joins,Q093,204,,,,3,ERROR,2013 (HY000): Lost connection to MySQL server during query,"SELECT o.O_ORDERKEY, l.L_QUANTITY FROM   ORDERS o JOIN LINEITEM l ON o.O_ORDERKEY = l.L_ORDERKEY WHERE  o.O_TOTALPRICE >"
two_table_joins,Q094,205,,,,3,ERROR,2013 (HY000): Lost connection to MySQL server during query,"SELECT o.O_ORDERKEY, l.L_QUANTITY FROM   ORDERS o JOIN LINEITEM l ON o.O_ORDERKEY = l.L_ORDERKEY WHERE  o.O_TOTALPRICE >"
two_table_joins,Q095,206,,,,3,ERROR,2013 (HY000): Lost connection to MySQL server during query,"SELECT o.O_ORDERKEY, l.L_QUANTITY FROM   ORDERS o JOIN LINEITEM l ON o.O_ORDERKEY = l.L_ORDERKEY WHERE  l.L_QUANTITY BET"
two_table_joins,Q096,207,,,,3,ERROR,2013 (HY000): Lost connection to MySQL server during query,"SELECT o.O_ORDERKEY, l.L_QUANTITY FROM   ORDERS o JOIN LINEITEM l ON o.O_ORDERKEY = l.L_ORDERKEY WHERE  l.L_QUANTITY BET"
two_table_joins,Q097,208,,,,3,ERROR,2013 (HY000): Lost connection to MySQL server during query,"SELECT o.O_ORDERKEY, l.L_QUANTITY FROM   ORDERS o JOIN LINEITEM l ON o.O_ORDERKEY = l.L_ORDERKEY WHERE  l.L_QUANTITY BET"
two_table_joins,Q098,209,,,,3,ERROR,2013 (HY000): Lost connection to MySQL server during query,"SELECT o.O_ORDERKEY, l.L_DISCOUNT FROM   ORDERS o JOIN LINEITEM l ON o.O_ORDERKEY = l.L_ORDERKEY WHERE  l.L_QUANTITY > 1"
two_table_joins,Q099,210,,,,3,ERROR,2013 (HY000): Lost connection to MySQL server during query,"SELECT o.O_ORDERKEY, l.L_DISCOUNT FROM   ORDERS o JOIN LINEITEM l ON o.O_ORDERKEY = l.L_ORDERKEY WHERE  l.L_QUANTITY > 2"
two_table_joins,Q100,211,,,,3,ERROR,2013 (HY000): Lost connection to MySQL server during query,"SELECT o.O_ORDERKEY, l.L_DISCOUNT FROM   ORDERS o JOIN LINEITEM l ON o.O_ORDERKEY = l.L_ORDERKEY WHERE  l.L_QUANTITY > 3"
two_table_joins,Q101,212,,,,3,ERROR,2013 (HY000): Lost connection to MySQL server during query,"SELECT p.P_PARTKEY, ps.PS_SUPPLYCOST FROM   PART p JOIN PARTSUPP ps ON p.P_PARTKEY = ps.PS_PARTKEY WHERE  p.P_SIZE > 5"
two_table_joins,Q102,213,,,,3,ERROR,2013 (HY000): Lost connection to MySQL server during query,"SELECT p.P_PARTKEY, ps.PS_SUPPLYCOST FROM   PART p JOIN PARTSUPP ps ON p.P_PARTKEY = ps.PS_PARTKEY WHERE  p.P_SIZE > 15"
two_table_joins,Q103,214,,,,3,ERROR,2013 (HY000): Lost connection to MySQL server during query,"SELECT p.P_PARTKEY, ps.PS_SUPPLYCOST FROM   PART p JOIN PARTSUPP ps ON p.P_PARTKEY = ps.PS_PARTKEY WHERE  p.P_SIZE > 20"
two_table_joins,Q104,215,,,,3,ERROR,2013 (HY000): Lost connection to MySQL server during query,"SELECT p.P_PARTKEY, ps.PS_SUPPLYCOST FROM   PART p JOIN PARTSUPP ps ON p.P_PARTKEY = ps.PS_PARTKEY WHERE  p.P_SIZE > 25"
two_table_joins,Q105,216,,,,3,ERROR,2013 (HY000): Lost connection to MySQL server during query,"SELECT p.P_PARTKEY, ps.PS_SUPPLYCOST FROM   PART p JOIN PARTSUPP ps ON p.P_PARTKEY = ps.PS_PARTKEY WHERE  ps.PS_SUPPLYCO"
two_table_joins,Q106,217,,,,3,ERROR,2013 (HY000): Lost connection to MySQL server during query,"SELECT p.P_PARTKEY, ps.PS_SUPPLYCOST FROM   PART p JOIN PARTSUPP ps ON p.P_PARTKEY = ps.PS_PARTKEY WHERE  ps.PS_SUPPLYCO"
two_table_joins,Q107,218,,,,3,ERROR,2013 (HY000): Lost connection to MySQL server during query,"SELECT p.P_PARTKEY, ps.PS_SUPPLYCOST FROM   PART p JOIN PARTSUPP ps ON p.P_PARTKEY = ps.PS_PARTKEY WHERE  ps.PS_SUPPLYCO"
two_table_joins,Q108,219,,,,3,ERROR,2013 (HY000): Lost connection to MySQL server during query,"SELECT p.P_PARTKEY, ps.PS_SUPPLYCOST FROM   PART p JOIN PARTSUPP ps ON p.P_PARTKEY = ps.PS_PARTKEY WHERE  ps.PS_SUPPLYCO"
two_table_joins,Q109,220,,,,3,ERROR,2013 (HY000): Lost connection to MySQL server during query,"SELECT p.P_PARTKEY, ps.PS_AVAILQTY FROM   PART p JOIN PARTSUPP ps ON p.P_PARTKEY = ps.PS_PARTKEY WHERE  ps.PS_AVAILQTY >"
two_table_joins,Q110,221,,,,3,ERROR,2013 (HY000): Lost connection to MySQL server during query,"SELECT p.P_PARTKEY, ps.PS_AVAILQTY FROM   PART p JOIN PARTSUPP ps ON p.P_PARTKEY = ps.PS_PARTKEY WHERE  ps.PS_AVAILQTY >"
two_table_joins,Q111,222,,,,3,ERROR,2013 (HY000): Lost connection to MySQL server during query,"SELECT p.P_PARTKEY, ps.PS_AVAILQTY FROM   PART p JOIN PARTSUPP ps ON p.P_PARTKEY = ps.PS_PARTKEY WHERE  ps.PS_AVAILQTY >"
two_table_joins,Q112,223,,,,3,ERROR,2013 (HY000): Lost connection to MySQL server during query,"SELECT p.P_PARTKEY, ps.PS_AVAILQTY FROM   PART p JOIN PARTSUPP ps ON p.P_PARTKEY = ps.PS_PARTKEY WHERE  ps.PS_AVAILQTY >"
two_table_joins,Q113,224,,,,3,ERROR,2013 (HY000): Lost connection to MySQL server during query,"SELECT p.P_PARTKEY, ps.PS_SUPPLYCOST FROM   PART p JOIN PARTSUPP ps ON p.P_PARTKEY = ps.PS_PARTKEY WHERE  p.P_SIZE      "
two_table_joins,Q114,225,,,,3,ERROR,2013 (HY000): Lost connection to MySQL server during query,"SELECT p.P_PARTKEY, ps.PS_SUPPLYCOST FROM   PART p JOIN PARTSUPP ps ON p.P_PARTKEY = ps.PS_PARTKEY WHERE  p.P_SIZE      "
two_table_joins,Q115,226,,,,3,ERROR,2013 (HY000): Lost connection to MySQL server during query,"SELECT p.P_PARTKEY, ps.PS_SUPPLYCOST FROM   PART p JOIN PARTSUPP ps ON p.P_PARTKEY = ps.PS_PARTKEY WHERE  p.P_SIZE      "
two_table_joins,Q116,227,,,,3,ERROR,2013 (HY000): Lost connection to MySQL server during query,"SELECT s.S_SUPPKEY, ps.PS_PARTKEY FROM   SUPPLIER s JOIN PARTSUPP ps ON s.S_SUPPKEY = ps.PS_SUPPKEY WHERE  s.S_ACCTBAL >"
two_table_joins,Q117,228,,,,3,ERROR,2013 (HY000): Lost connection to MySQL server during query,"SELECT s.S_SUPPKEY, ps.PS_PARTKEY FROM   SUPPLIER s JOIN PARTSUPP ps ON s.S_SUPPKEY = ps.PS_SUPPKEY WHERE  s.S_ACCTBAL >"
two_table_joins,Q118,229,,,,3,ERROR,2013 (HY000): Lost connection to MySQL server during query,"SELECT s.S_SUPPKEY, ps.PS_PARTKEY FROM   SUPPLIER s JOIN PARTSUPP ps ON s.S_SUPPKEY = ps.PS_SUPPKEY WHERE  s.S_ACCTBAL >"
two_table_joins,Q119,230,,,,3,ERROR,2013 (HY000): Lost connection to MySQL server during query,"SELECT s.S_SUPPKEY, ps.PS_PARTKEY FROM   SUPPLIER s JOIN PARTSUPP ps ON s.S_SUPPKEY = ps.PS_SUPPKEY WHERE  s.S_ACCTBAL >"
two_table_joins,Q120,231,,,,3,ERROR,2013 (HY000): Lost connection to MySQL server during query,"SELECT s.S_SUPPKEY, ps.PS_PARTKEY FROM   SUPPLIER s JOIN PARTSUPP ps ON s.S_SUPPKEY = ps.PS_SUPPKEY WHERE  s.S_NATIONKEY"
two_table_joins,Q121,232,,,,3,ERROR,2013 (HY000): Lost connection to MySQL server during query,"SELECT s.S_SUPPKEY, ps.PS_PARTKEY FROM   SUPPLIER s JOIN PARTSUPP ps ON s.S_SUPPKEY = ps.PS_SUPPKEY WHERE  s.S_NATIONKEY"
two_table_joins,Q122,233,,,,3,ERROR,2013 (HY000): Lost connection to MySQL server during query,"SELECT s.S_SUPPKEY, ps.PS_PARTKEY FROM   SUPPLIER s JOIN PARTSUPP ps ON s.S_SUPPKEY = ps.PS_SUPPKEY WHERE  s.S_NATIONKEY"
two_table_joins,Q123,234,,,,3,ERROR,2013 (HY000): Lost connection to MySQL server during query,"SELECT s.S_SUPPKEY, ps.PS_SUPPLYCOST FROM   SUPPLIER s JOIN PARTSUPP ps ON s.S_SUPPKEY = ps.PS_SUPPKEY WHERE  ps.PS_SUPP"
two_table_joins,Q124,235,,,,3,ERROR,2013 (HY000): Lost connection to MySQL server during query,"SELECT s.S_SUPPKEY, ps.PS_SUPPLYCOST FROM   SUPPLIER s JOIN PARTSUPP ps ON s.S_SUPPKEY = ps.PS_SUPPKEY WHERE  ps.PS_SUPP"
two_table_joins,Q125,236,,,,3,ERROR,2013 (HY000): Lost connection to MySQL server during query,"SELECT s.S_SUPPKEY, ps.PS_SUPPLYCOST FROM   SUPPLIER s JOIN PARTSUPP ps ON s.S_SUPPKEY = ps.PS_SUPPKEY WHERE  ps.PS_SUPP"
two_table_joins,Q126,237,,,,3,ERROR,2013 (HY000): Lost connection to MySQL server during query,"SELECT s.S_SUPPKEY, ps.PS_PARTKEY FROM   SUPPLIER s JOIN PARTSUPP ps ON s.S_SUPPKEY = ps.PS_SUPPKEY WHERE  s.S_ACCTBAL  "
two_table_joins,Q127,238,,,,3,ERROR,2013 (HY000): Lost connection to MySQL server during query,"SELECT s.S_SUPPKEY, ps.PS_PARTKEY FROM   SUPPLIER s JOIN PARTSUPP ps ON s.S_SUPPKEY = ps.PS_SUPPKEY WHERE  s.S_NATIONKEY"
two_table_joins,Q128,239,,,,3,ERROR,2013 (HY000): Lost connection to MySQL server during query,"SELECT s.S_SUPPKEY, ps.PS_AVAILQTY FROM   SUPPLIER s JOIN PARTSUPP ps ON s.S_SUPPKEY = ps.PS_SUPPKEY WHERE  ps.PS_AVAILQ"
two_table_joins,Q129,240,,,,3,ERROR,2013 (HY000): Lost connection to MySQL server during query,"SELECT s.S_SUPPKEY, ps.PS_AVAILQTY FROM   SUPPLIER s JOIN PARTSUPP ps ON s.S_SUPPKEY = ps.PS_SUPPKEY WHERE  ps.PS_AVAILQ"
two_table_joins,Q130,241,,,,3,ERROR,2013 (HY000): Lost connection to MySQL server during query,"SELECT o.O_ORDERKEY, l.L_QUANTITY FROM   ORDERS o JOIN LINEITEM l ON o.O_ORDERKEY = l.L_ORDERKEY WHERE  l.L_QUANTITY BET"
two_table_joins,Q131,242,,,,3,ERROR,2013 (HY000): Lost connection to MySQL server during query,"SELECT o.O_ORDERKEY, l.L_DISCOUNT FROM   ORDERS o JOIN LINEITEM l ON o.O_ORDERKEY = l.L_ORDERKEY WHERE  l.L_DISCOUNT BET"
two_table_joins,Q132,243,,,,3,ERROR,2013 (HY000): Lost connection to MySQL server during query,"SELECT p.P_PARTKEY, ps.PS_SUPPLYCOST FROM   PART p JOIN PARTSUPP ps ON p.P_PARTKEY = ps.PS_PARTKEY WHERE  ps.PS_SUPPLYCO"
two_table_joins,Q133,244,,,,3,ERROR,2013 (HY000): Lost connection to MySQL server during query,"SELECT s.S_SUPPKEY, ps.PS_AVAILQTY FROM   SUPPLIER s JOIN PARTSUPP ps ON s.S_SUPPKEY = ps.PS_SUPPKEY WHERE  ps.PS_AVAILQ"
two_table_joins,Q134,245,,,,3,ERROR,2013 (HY000): Lost connection to MySQL server during query,"SELECT o.O_ORDERKEY, c.C_NAME FROM   ORDERS   o JOIN   CUSTOMER c ON o.O_CUSTKEY = c.C_CUSTKEY WHERE  o.O_TOTALPRICE > 2"
two_table_joins,Q135,246,,,,3,ERROR,2013 (HY000): Lost connection to MySQL server during query,"SELECT o.O_ORDERKEY, l.L_QUANTITY FROM   ORDERS  o JOIN   LINEITEM l ON o.O_ORDERKEY = l.L_ORDERKEY WHERE  l.L_QUANTITY "
two_table_joins,Q136,247,,,,3,ERROR,2013 (HY000): Lost connection to MySQL server during query,"SELECT c.C_CUSTKEY, c.C_NAME, COUNT(o.O_ORDERKEY)   AS order_count FROM   CUSTOMER c JOIN   ORDERS   o ON c.C_CUSTKEY = "
two_table_joins,Q137,248,,,,3,ERROR,2013 (HY000): Lost connection to MySQL server during query,"SELECT c.C_CUSTKEY, c.C_NAME, SUM(o.O_TOTALPRICE)   AS total_revenue FROM   CUSTOMER c JOIN   ORDERS   o ON c.C_CUSTKEY "
two_table_joins,Q138,249,,,,3,ERROR,2013 (HY000): Lost connection to MySQL server during query,"SELECT c.C_CUSTKEY, c.C_NAME, AVG(o.O_TOTALPRICE)   AS avg_order_value FROM   CUSTOMER c JOIN   ORDERS   o ON c.C_CUSTKE"
two_table_joins,Q139,250,,,,3,ERROR,2013 (HY000): Lost connection to MySQL server during query,"SELECT c.C_NATIONKEY, MAX(o.O_TOTALPRICE)   AS max_order_price FROM   ORDERS   o JOIN   CUSTOMER c ON o.O_CUSTKEY = c.C_"
two_table_joins,Q140,251,,,,3,ERROR,2013 (HY000): Lost connection to MySQL server during query,"SELECT c.C_NATIONKEY, MIN(o.O_TOTALPRICE)   AS min_order_price FROM   ORDERS   o JOIN   CUSTOMER c ON o.O_CUSTKEY = c.C_"
two_table_joins,Q141,252,,,,3,ERROR,2013 (HY000): Lost connection to MySQL server during query,"SELECT c.C_NATIONKEY, COUNT(o.O_ORDERKEY)   AS order_count, SUM(o.O_TOTALPRICE)   AS total_revenue FROM   ORDERS   o JOI"
two_table_joins,Q142,253,,,,3,ERROR,2013 (HY000): Lost connection to MySQL server during query,"SELECT o.O_ORDERKEY, SUM(l.L_QUANTITY)     AS total_qty FROM   ORDERS  o JOIN   LINEITEM l ON o.O_ORDERKEY = l.L_ORDERKE"
two_table_joins,Q143,254,,,,3,ERROR,2013 (HY000): Lost connection to MySQL server during query,"SELECT o.O_ORDERKEY, AVG(l.L_DISCOUNT)     AS avg_discount FROM   ORDERS  o JOIN   LINEITEM l ON o.O_ORDERKEY = l.L_ORDE"
two_table_joins,Q144,255,,,,3,ERROR,2013 (HY000): Lost connection to MySQL server during query,"SELECT o.O_ORDERKEY, COUNT(l.L_LINENUMBER) AS line_count FROM   ORDERS  o JOIN   LINEITEM l ON o.O_ORDERKEY = l.L_ORDERK"
two_table_joins,Q145,256,,,,3,ERROR,2013 (HY000): Lost connection to MySQL server during query,"SELECT o.O_ORDERKEY, MAX(l.L_QUANTITY)     AS max_qty, MIN(l.L_DISCOUNT)     AS min_discount FROM   ORDERS  o JOIN   LIN"
two_table_joins,Q146,257,,,,3,ERROR,2013 (HY000): Lost connection to MySQL server during query,"SELECT YEAR(l.L_SHIPDATE)    AS ship_year, SUM(l.L_EXTENDEDPRICE) AS total_extended FROM   ORDERS  o JOIN   LINEITEM l O"
two_table_joins,Q147,258,,,,3,ERROR,2013 (HY000): Lost connection to MySQL server during query,"SELECT p.P_SIZE, AVG(ps.PS_SUPPLYCOST) AS avg_supply_cost FROM   PART     p JOIN   PARTSUPP ps ON p.P_PARTKEY = ps.PS_PA"
two_table_joins,Q148,259,,,,3,ERROR,2013 (HY000): Lost connection to MySQL server during query,"SELECT p.P_PARTKEY, SUM(ps.PS_AVAILQTY)   AS total_availqty FROM   PART     p JOIN   PARTSUPP ps ON p.P_PARTKEY = ps.PS_"
two_table_joins,Q149,260,,,,3,ERROR,2013 (HY000): Lost connection to MySQL server during query,"SELECT p.P_TYPE, MAX(ps.PS_SUPPLYCOST) AS max_cost, MIN(ps.PS_SUPPLYCOST) AS min_cost FROM   PART     p JOIN   PARTSUPP "
two_table_joins,Q150,261,,,,3,ERROR,2013 (HY000): Lost connection to MySQL server during query,"SELECT s.S_SUPPKEY, s.S_NAME, COUNT(ps.PS_PARTKEY)  AS parts_supplied FROM   SUPPLIER s JOIN   PARTSUPP ps ON s.S_SUPPKE"
two_table_joins,Q151,262,,,,3,ERROR,2013 (HY000): Lost connection to MySQL server during query,"SELECT s.S_NATIONKEY, AVG(ps.PS_SUPPLYCOST) AS avg_supply_cost FROM   SUPPLIER s JOIN   PARTSUPP ps ON s.S_SUPPKEY = ps."
two_table_joins,Q152,263,,,,3,ERROR,2013 (HY000): Lost connection to MySQL server during query,"SELECT s.S_SUPPKEY, SUM(ps.PS_AVAILQTY)   AS total_availqty FROM   SUPPLIER s JOIN   PARTSUPP ps ON s.S_SUPPKEY = ps.PS_"
two_table_joins,Q153,264,,,,3,ERROR,2013 (HY000): Lost connection to MySQL server during query,"SELECT s.S_NATIONKEY, MAX(ps.PS_SUPPLYCOST) AS max_supply_cost FROM   SUPPLIER s JOIN   PARTSUPP ps ON s.S_SUPPKEY = ps."
two_table_joins,Q154,265,,,,3,ERROR,2013 (HY000): Lost connection to MySQL server during query,"SELECT c.C_CUSTKEY, COUNT(o.O_ORDERKEY)   AS order_count FROM   CUSTOMER c JOIN   ORDERS   o ON c.C_CUSTKEY = o.O_CUSTKE"
two_table_joins,Q155,266,,,,3,ERROR,2013 (HY000): Lost connection to MySQL server during query,"SELECT o.O_ORDERKEY, COUNT(l.L_LINENUMBER) AS line_count, AVG(l.L_QUANTITY)     AS avg_qty FROM   ORDERS  o JOIN   LINEI"
two_table_joins,Q156,267,,,,3,ERROR,2013 (HY000): Lost connection to MySQL server during query,"SELECT c.C_CUSTKEY, c.C_NAME, COUNT(o.O_ORDERKEY)   AS order_count FROM   CUSTOMER c JOIN   ORDERS   o ON c.C_CUSTKEY = "
two_table_joins,Q157,268,,,,3,ERROR,2013 (HY000): Lost connection to MySQL server during query,"SELECT c.C_CUSTKEY, c.C_NAME, SUM(o.O_TOTALPRICE)   AS total_revenue FROM   CUSTOMER c JOIN   ORDERS   o ON c.C_CUSTKEY "
two_table_joins,Q158,269,,,,3,ERROR,2013 (HY000): Lost connection to MySQL server during query,"SELECT c.C_NATIONKEY, AVG(o.O_TOTALPRICE)   AS avg_order_value FROM   ORDERS   o JOIN   CUSTOMER c ON o.O_CUSTKEY = c.C_"
two_table_joins,Q159,270,,,,3,ERROR,2013 (HY000): Lost connection to MySQL server during query,"SELECT o.O_ORDERKEY, COUNT(l.L_LINENUMBER) AS line_count FROM   ORDERS  o JOIN   LINEITEM l ON o.O_ORDERKEY = l.L_ORDERK"
two_table_joins,Q160,271,,,,3,ERROR,2013 (HY000): Lost connection to MySQL server during query,"SELECT o.O_ORDERKEY, SUM(l.L_QUANTITY)     AS total_qty FROM   ORDERS  o JOIN   LINEITEM l ON o.O_ORDERKEY = l.L_ORDERKE"
two_table_joins,Q161,272,,,,3,ERROR,2013 (HY000): Lost connection to MySQL server during query,"SELECT p.P_PARTKEY, COUNT(ps.PS_SUPPKEY)  AS supplier_count FROM   PART     p JOIN   PARTSUPP ps ON p.P_PARTKEY = ps.PS_"
two_table_joins,Q162,273,,,,3,ERROR,2013 (HY000): Lost connection to MySQL server during query,"SELECT p.P_SIZE, AVG(ps.PS_SUPPLYCOST) AS avg_cost FROM   PART     p JOIN   PARTSUPP ps ON p.P_PARTKEY = ps.PS_PARTKEY G"
two_table_joins,Q163,274,,,,3,ERROR,2013 (HY000): Lost connection to MySQL server during query,"SELECT s.S_SUPPKEY, SUM(ps.PS_AVAILQTY)   AS total_qty FROM   SUPPLIER s JOIN   PARTSUPP ps ON s.S_SUPPKEY = ps.PS_SUPPK"
two_table_joins,Q164,275,,,,3,ERROR,2013 (HY000): Lost connection to MySQL server during query,"SELECT DISTINCT c.C_CUSTKEY, c.C_NAME FROM   CUSTOMER c JOIN   ORDERS   o ON c.C_CUSTKEY = o.O_CUSTKEY"
two_table_joins,Q165,276,,,,3,ERROR,2013 (HY000): Lost connection to MySQL server during query,SELECT DISTINCT c.C_NATIONKEY FROM   ORDERS   o JOIN   CUSTOMER c ON o.O_CUSTKEY = c.C_CUSTKEY WHERE  o.O_TOTALPRICE > 5
two_table_joins,Q166,277,,,,3,ERROR,2013 (HY000): Lost connection to MySQL server during query,SELECT DISTINCT l.L_SHIPDATE FROM   ORDERS  o JOIN   LINEITEM l ON o.O_ORDERKEY = l.L_ORDERKEY WHERE  o.O_TOTALPRICE > 3
two_table_joins,Q167,278,,,,3,ERROR,2013 (HY000): Lost connection to MySQL server during query,SELECT DISTINCT p.P_TYPE FROM   PART     p JOIN   PARTSUPP ps ON p.P_PARTKEY = ps.PS_PARTKEY WHERE  ps.PS_SUPPLYCOST > 6
two_table_joins,Q168,279,,,,3,ERROR,2013 (HY000): Lost connection to MySQL server during query,SELECT DISTINCT s.S_NATIONKEY FROM   SUPPLIER s JOIN   PARTSUPP ps ON s.S_SUPPKEY = ps.PS_SUPPKEY WHERE  ps.PS_AVAILQTY 
two_table_joins,Q169,280,,,,3,ERROR,2013 (HY000): Lost connection to MySQL server during query,SELECT DISTINCT o.O_ORDERKEY FROM   ORDERS  o JOIN   LINEITEM l ON o.O_ORDERKEY = l.L_ORDERKEY WHERE  l.L_DISCOUNT > 0.0
two_table_joins,Q170,281,,,,3,ERROR,2013 (HY000): Lost connection to MySQL server during query,"SELECT o.O_ORDERKEY, c.C_NAME, o.O_TOTALPRICE FROM   ORDERS   o JOIN   CUSTOMER c ON o.O_CUSTKEY = c.C_CUSTKEY ORDER BY "
two_table_joins,Q171,282,,,,3,ERROR,2013 (HY000): Lost connection to MySQL server during query,"SELECT c.C_NAME, c.C_ACCTBAL, COUNT(o.O_ORDERKEY) AS order_count FROM   CUSTOMER c JOIN   ORDERS   o ON c.C_CUSTKEY = o."
two_table_joins,Q172,283,,,,3,ERROR,2013 (HY000): Lost connection to MySQL server during query,"SELECT o.O_ORDERKEY, c.C_NAME, o.O_ORDERDATE FROM   ORDERS   o JOIN   CUSTOMER c ON o.O_CUSTKEY = c.C_CUSTKEY ORDER BY o"
two_table_joins,Q173,284,,,,3,ERROR,2013 (HY000): Lost connection to MySQL server during query,"SELECT o.O_ORDERKEY, SUM(l.L_QUANTITY)    AS total_qty FROM   ORDERS  o JOIN   LINEITEM l ON o.O_ORDERKEY = l.L_ORDERKEY"
two_table_joins,Q174,285,,,,3,ERROR,2013 (HY000): Lost connection to MySQL server during query,"SELECT o.O_ORDERKEY, l.L_LINENUMBER, l.L_EXTENDEDPRICE FROM   ORDERS  o JOIN   LINEITEM l ON o.O_ORDERKEY = l.L_ORDERKEY"
two_table_joins,Q175,286,,,,3,ERROR,2013 (HY000): Lost connection to MySQL server during query,"SELECT p.P_PARTKEY, p.P_NAME, SUM(ps.PS_AVAILQTY)  AS total_qty FROM   PART     p JOIN   PARTSUPP ps ON p.P_PARTKEY = ps"
two_table_joins,Q176,287,,,,3,ERROR,2013 (HY000): Lost connection to MySQL server during query,"SELECT s.S_SUPPKEY, s.S_NAME, AVG(ps.PS_SUPPLYCOST) AS avg_cost FROM   SUPPLIER s JOIN   PARTSUPP ps ON s.S_SUPPKEY = ps"
two_table_joins,Q177,288,,,,3,ERROR,2013 (HY000): Lost connection to MySQL server during query,"SELECT s.S_NAME, ps.PS_PARTKEY, ps.PS_SUPPLYCOST FROM   SUPPLIER s JOIN   PARTSUPP ps ON s.S_SUPPKEY = ps.PS_SUPPKEY ORD"
two_table_joins,Q178,289,,,,3,ERROR,2013 (HY000): Lost connection to MySQL server during query,"SELECT c.C_CUSTKEY, c.C_NAME FROM   CUSTOMER c WHERE  EXISTS ( SELECT 1 FROM   ORDERS o WHERE  o.O_CUSTKEY = c.C_CUSTKEY"
two_table_joins,Q179,290,,,,3,ERROR,2013 (HY000): Lost connection to MySQL server during query,"SELECT c.C_CUSTKEY, c.C_NAME FROM   CUSTOMER c WHERE  EXISTS ( SELECT 1 FROM   ORDERS o WHERE  o.O_CUSTKEY    = c.C_CUST"
two_table_joins,Q180,291,,,,3,ERROR,2013 (HY000): Lost connection to MySQL server during query,"SELECT c.C_CUSTKEY, c.C_NAME FROM   CUSTOMER c WHERE  NOT EXISTS ( SELECT 1 FROM   ORDERS o WHERE  o.O_CUSTKEY  = c.C_CU"
two_table_joins,Q181,292,,,,3,ERROR,2013 (HY000): Lost connection to MySQL server during query,"SELECT o.O_ORDERKEY, o.O_TOTALPRICE FROM   ORDERS o WHERE  o.O_CUSTKEY IN ( SELECT c.C_CUSTKEY FROM   CUSTOMER c WHERE  "
two_table_joins,Q182,293,,,,3,ERROR,2013 (HY000): Lost connection to MySQL server during query,"SELECT o.O_ORDERKEY, o.O_TOTALPRICE FROM   ORDERS o WHERE  EXISTS ( SELECT 1 FROM   LINEITEM l WHERE  l.L_ORDERKEY = o.O"
two_table_joins,Q183,294,,,,3,ERROR,2013 (HY000): Lost connection to MySQL server during query,"SELECT o.O_ORDERKEY, o.O_TOTALPRICE FROM   ORDERS o WHERE  NOT EXISTS ( SELECT 1 FROM   LINEITEM l WHERE  l.L_ORDERKEY ="
two_table_joins,Q184,295,,,,3,ERROR,2013 (HY000): Lost connection to MySQL server during query,"SELECT p.P_PARTKEY, p.P_NAME FROM   PART p WHERE  p.P_PARTKEY IN ( SELECT ps.PS_PARTKEY FROM   PARTSUPP ps JOIN   SUPPLI"
two_table_joins,Q185,296,,,,3,ERROR,2013 (HY000): Lost connection to MySQL server during query,"SELECT s.S_SUPPKEY, s.S_NAME FROM   SUPPLIER s WHERE  EXISTS ( SELECT 1 FROM   PARTSUPP ps JOIN   PART     p  ON ps.PS_P"
two_table_joins,Q186,297,,,,3,ERROR,2013 (HY000): Lost connection to MySQL server during query,"SELECT c.C_NATIONKEY, COUNT(o.O_ORDERKEY)   AS order_count, SUM(o.O_TOTALPRICE)   AS total_revenue, AVG(o.O_TOTALPRICE) "
two_table_joins,Q187,298,,,,3,ERROR,2013 (HY000): Lost connection to MySQL server during query,"SELECT c.C_NATIONKEY, YEAR(o.O_ORDERDATE)   AS order_year, COUNT(o.O_ORDERKEY)   AS order_count FROM   ORDERS   o JOIN  "
two_table_joins,Q188,299,,,,3,ERROR,2013 (HY000): Lost connection to MySQL server during query,"SELECT YEAR(l.L_SHIPDATE)           AS ship_year, SUM(l.L_EXTENDEDPRICE FROM   ORDERS  o JOIN   LINEITEM l ON o.O_ORDERK"
two_table_joins,Q189,300,,,,3,ERROR,2013 (HY000): Lost connection to MySQL server during query,"SELECT o.O_ORDERKEY, o.O_TOTALPRICE, COUNT(l.L_LINENUMBER) AS line_count FROM   ORDERS  o JOIN   LINEITEM l ON o.O_ORDER"
two_table_joins,Q190,301,,,,3,ERROR,2013 (HY000): Lost connection to MySQL server during query,"SELECT p.P_BRAND, MAX(ps.PS_SUPPLYCOST) - MIN(ps.PS_SUPPLYCOST) AS cost_spread, COUNT(ps.PS_SUPPKEY)                    "
two_table_joins,Q191,302,,,,3,ERROR,2013 (HY000): Lost connection to MySQL server during query,"SELECT s.S_SUPPKEY, s.S_NAME, COUNT(DISTINCT p.P_SIZE) AS distinct_sizes FROM   SUPPLIER s JOIN   PARTSUPP ps ON s.S_SUP"
two_table_joins,Q192,303,,,,3,ERROR,2013 (HY000): Lost connection to MySQL server during query,"SELECT c.C_NATIONKEY, AVG(c.C_ACCTBAL)      AS avg_balance, COUNT(DISTINCT c.C_CUSTKEY) AS customer_count FROM   CUSTOME"
two_table_joins,Q193,304,,,,3,ERROR,2013 (HY000): Lost connection to MySQL server during query,"SELECT YEAR(l.L_SHIPDATE)    AS ship_year, COUNT(l.L_LINENUMBER) AS discounted_lines, AVG(o.O_TOTALPRICE)   AS avg_order"
two_table_joins,Q194,305,,,,3,ERROR,2013 (HY000): Lost connection to MySQL server during query,"SELECT p.P_PARTKEY, p.P_NAME, SUM(ps.PS_AVAILQTY * ps.PS_SUPPLYCOST) AS stock_value FROM   PART     p JOIN   PARTSUPP ps"
two_table_joins,Q195,306,,,,3,ERROR,2013 (HY000): Lost connection to MySQL server during query,"SELECT c.C_CUSTKEY, c.C_NAME, COUNT(DISTINCT o.O_ORDERSTATUS) AS status_count FROM   CUSTOMER c JOIN   ORDERS   o ON c.C"
two_table_joins,Q196,307,,,,3,ERROR,2013 (HY000): Lost connection to MySQL server during query,"SELECT o.O_ORDERKEY, o.O_TOTALPRICE FROM   ORDERS o WHERE  EXISTS ( SELECT 1 FROM LINEITEM l WHERE l.L_ORDERKEY = o.O_OR"
two_table_joins,Q197,308,,,,3,ERROR,2013 (HY000): Lost connection to MySQL server during query,"SELECT p.P_PARTKEY, p.P_NAME FROM   PART p WHERE  p.P_PARTKEY NOT IN ( SELECT ps.PS_PARTKEY FROM   PARTSUPP ps JOIN   SU"
two_table_joins,Q198,309,,,,3,ERROR,2013 (HY000): Lost connection to MySQL server during query,"SELECT o.O_ORDERKEY, o.O_ORDERDATE, o.O_TOTALPRICE, c.C_ACCTBAL FROM   ORDERS   o JOIN   CUSTOMER c ON o.O_CUSTKEY = c.C"
two_table_joins,Q199,310,,,,3,ERROR,2013 (HY000): Lost connection to MySQL server during query,"SELECT YEAR(l.L_SHIPDATE)    AS ship_year, MONTH(l.L_SHIPDATE)   AS ship_month, COUNT(l.L_LINENUMBER) AS total_lines, SU"
two_table_joins,Q200,311,,,,3,ERROR,2013 (HY000): Lost connection to MySQL server during query,"SELECT s.S_SUPPKEY, s.S_NAME, s.S_NATIONKEY, AVG(ps.PS_SUPPLYCOST) AS avg_cost, SUM(ps.PS_AVAILQTY)   AS total_stock FRO"
three_table_joins,Q001,312,,,,3,ERROR,2013 (HY000): Lost connection to MySQL server during query,"SELECT o.O_ORDERKEY, c.C_NAME, n.N_NAME        AS nation FROM   ORDERS   o JOIN   CUSTOMER c ON o.O_CUSTKEY    = c.C_CUS"
three_table_joins,Q002,313,,,,3,ERROR,2013 (HY000): Lost connection to MySQL server during query,"SELECT o.O_ORDERKEY, c.C_NAME, o.O_TOTALPRICE FROM   ORDERS   o JOIN   CUSTOMER c ON o.O_CUSTKEY    = c.C_CUSTKEY JOIN  "
three_table_joins,Q003,314,,,,3,ERROR,2013 (HY000): Lost connection to MySQL server during query,"SELECT o.O_ORDERKEY, c.C_NAME, n.N_NAME        AS nation FROM   ORDERS   o JOIN   CUSTOMER c ON o.O_CUSTKEY    = c.C_CUS"
three_table_joins,Q004,315,,,,3,ERROR,2013 (HY000): Lost connection to MySQL server during query,"SELECT o.O_ORDERKEY, c.C_NAME, n.N_NAME        AS nation FROM   ORDERS   o JOIN   CUSTOMER c ON o.O_CUSTKEY    = c.C_CUS"
three_table_joins,Q005,316,,,,3,ERROR,2013 (HY000): Lost connection to MySQL server during query,"SELECT o.O_ORDERKEY, c.C_NAME, n.N_NAME        AS nation FROM   ORDERS   o JOIN   CUSTOMER c ON o.O_CUSTKEY    = c.C_CUS"
three_table_joins,Q006,317,,,,3,ERROR,2013 (HY000): Lost connection to MySQL server during query,"SELECT o.O_ORDERKEY, c.C_NAME, o.O_TOTALPRICE FROM   ORDERS   o JOIN   CUSTOMER c ON o.O_CUSTKEY    = c.C_CUSTKEY JOIN  "
three_table_joins,Q007,318,,,,3,ERROR,2013 (HY000): Lost connection to MySQL server during query,"SELECT o.O_ORDERKEY, c.C_NAME, c.C_ACCTBAL FROM   ORDERS   o JOIN   CUSTOMER c ON o.O_CUSTKEY    = c.C_CUSTKEY JOIN   NA"
three_table_joins,Q008,319,,,,3,ERROR,2013 (HY000): Lost connection to MySQL server during query,"SELECT o.O_ORDERKEY, c.C_NAME, n.N_NAME        AS nation, o.O_TOTALPRICE FROM   ORDERS   o JOIN   CUSTOMER c ON o.O_CUST"
three_table_joins,Q009,320,,,,3,ERROR,2013 (HY000): Lost connection to MySQL server during query,"SELECT n.N_NAME        AS nation, COUNT(o.O_ORDERKEY)  AS order_count, SUM(o.O_TOTALPRICE)  AS total_revenue FROM   ORDE"
three_table_joins,Q010,321,,,,3,ERROR,2013 (HY000): Lost connection to MySQL server during query,"SELECT n.N_NAME        AS nation, COUNT(o.O_ORDERKEY)  AS order_count FROM   ORDERS   o JOIN   CUSTOMER c ON o.O_CUSTKEY"
three_table_joins,Q011,322,,,,3,ERROR,2013 (HY000): Lost connection to MySQL server during query,"SELECT o.O_ORDERKEY, c.C_NAME, n.N_NAME        AS nation, r.R_NAME        AS region FROM   ORDERS   o JOIN   CUSTOMER c "
three_table_joins,Q012,323,,,,3,ERROR,2013 (HY000): Lost connection to MySQL server during query,"SELECT o.O_ORDERKEY, c.C_NAME, n.N_NAME        AS nation FROM   ORDERS   o JOIN   CUSTOMER c ON o.O_CUSTKEY    = c.C_CUS"
three_table_joins,Q013,324,,,,3,ERROR,2013 (HY000): Lost connection to MySQL server during query,"SELECT o.O_ORDERKEY, c.C_NAME, o.O_TOTALPRICE FROM   ORDERS   o JOIN   CUSTOMER c ON o.O_CUSTKEY    = c.C_CUSTKEY JOIN  "
three_table_joins,Q014,325,,,,3,ERROR,2013 (HY000): Lost connection to MySQL server during query,"SELECT r.R_NAME        AS region, SUM(o.O_TOTALPRICE)  AS total_revenue, COUNT(o.O_ORDERKEY)  AS order_count FROM   ORDE"
three_table_joins,Q015,326,,,,3,ERROR,2013 (HY000): Lost connection to MySQL server during query,"SELECT r.R_NAME        AS region, n.N_NAME        AS nation, SUM(o.O_TOTALPRICE)  AS total_revenue FROM   ORDERS   o JOI"
three_table_joins,Q016,327,,,,3,ERROR,2013 (HY000): Lost connection to MySQL server during query,"SELECT r.R_NAME        AS region, AVG(o.O_TOTALPRICE)  AS avg_order_value FROM   ORDERS   o JOIN   CUSTOMER c ON o.O_CUS"
three_table_joins,Q017,328,,,,3,ERROR,2013 (HY000): Lost connection to MySQL server during query,"SELECT r.R_NAME        AS region, c.C_NAME, SUM(o.O_TOTALPRICE)  AS total_spent FROM   ORDERS   o JOIN   CUSTOMER c ON o"
three_table_joins,Q018,329,,,,3,ERROR,2013 (HY000): Lost connection to MySQL server during query,"SELECT r.R_NAME        AS region, SUM(o.O_TOTALPRICE)  AS revenue FROM   ORDERS   o JOIN   CUSTOMER c ON o.O_CUSTKEY    "
three_table_joins,Q019,330,,,,3,ERROR,2013 (HY000): Lost connection to MySQL server during query,"SELECT r.R_NAME        AS region, SUM(o.O_TOTALPRICE)  AS total_revenue FROM   ORDERS   o JOIN   CUSTOMER c ON o.O_CUSTK"
three_table_joins,Q020,331,,,,3,ERROR,2013 (HY000): Lost connection to MySQL server during query,"SELECT DISTINCT r.R_NAME   AS region, n.N_NAME             AS nation FROM   CUSTOMER c JOIN   NATION   n ON c.C_NATIONKE"
three_table_joins,Q021,332,,,,3,ERROR,2013 (HY000): Lost connection to MySQL server during query,"SELECT o.O_ORDERKEY, p.P_NAME, l.L_QUANTITY FROM   ORDERS  o JOIN   LINEITEM l ON o.O_ORDERKEY = l.L_ORDERKEY JOIN   PAR"
three_table_joins,Q022,333,,,,3,ERROR,2013 (HY000): Lost connection to MySQL server during query,"SELECT o.O_ORDERKEY, p.P_NAME, l.L_QUANTITY FROM   ORDERS  o JOIN   LINEITEM l ON o.O_ORDERKEY = l.L_ORDERKEY JOIN   PAR"
three_table_joins,Q023,334,,,,3,ERROR,2013 (HY000): Lost connection to MySQL server during query,"SELECT o.O_ORDERKEY, p.P_TYPE, l.L_EXTENDEDPRICE FROM   ORDERS  o JOIN   LINEITEM l ON o.O_ORDERKEY = l.L_ORDERKEY JOIN "
three_table_joins,Q024,335,,,,3,ERROR,2013 (HY000): Lost connection to MySQL server during query,"SELECT o.O_ORDERKEY, p.P_NAME, l.L_QUANTITY FROM   ORDERS  o JOIN   LINEITEM l ON o.O_ORDERKEY = l.L_ORDERKEY JOIN   PAR"
three_table_joins,Q025,336,,,,3,ERROR,2013 (HY000): Lost connection to MySQL server during query,"SELECT o.O_ORDERKEY, p.P_RETAILPRICE, l.L_SHIPDATE FROM   ORDERS  o JOIN   LINEITEM l ON o.O_ORDERKEY = l.L_ORDERKEY JOI"
three_table_joins,Q026,337,,,,3,ERROR,2013 (HY000): Lost connection to MySQL server during query,"SELECT p.P_BRAND, SUM(l.L_EXTENDEDPRICE * (1 - l.L_DISCOUNT)) AS revenue FROM   ORDERS  o JOIN   LINEITEM l ON o.O_ORDER"
three_table_joins,Q027,338,,,,3,ERROR,2013 (HY000): Lost connection to MySQL server during query,"SELECT p.P_TYPE, AVG(l.L_QUANTITY)    AS avg_quantity, COUNT(l.L_LINENUMBER) AS line_count FROM   ORDERS  o JOIN   LINEI"
three_table_joins,Q028,339,,,,3,ERROR,2013 (HY000): Lost connection to MySQL server during query,"SELECT p.P_PARTKEY, p.P_NAME, SUM(l.L_QUANTITY)    AS total_qty FROM   ORDERS  o JOIN   LINEITEM l ON o.O_ORDERKEY = l.L"
three_table_joins,Q029,340,,,,3,ERROR,2013 (HY000): Lost connection to MySQL server during query,"SELECT o.O_ORDERKEY, o.O_TOTALPRICE, MAX(p.P_RETAILPRICE) AS max_part_price FROM   ORDERS  o JOIN   LINEITEM l ON o.O_OR"
three_table_joins,Q030,341,,,,3,ERROR,2013 (HY000): Lost connection to MySQL server during query,SELECT DISTINCT p.P_BRAND FROM   ORDERS  o JOIN   LINEITEM l ON o.O_ORDERKEY = l.L_ORDERKEY JOIN   PART    p  ON l.L_PAR
three_table_joins,Q031,342,,,,3,ERROR,2013 (HY000): Lost connection to MySQL server during query,"SELECT o.O_ORDERKEY, s.S_NAME, l.L_QUANTITY FROM   ORDERS   o JOIN   LINEITEM l ON o.O_ORDERKEY = l.L_ORDERKEY JOIN   SU"
three_table_joins,Q032,343,,,,3,ERROR,2013 (HY000): Lost connection to MySQL server during query,"SELECT o.O_ORDERKEY, s.S_NAME, l.L_EXTENDEDPRICE FROM   ORDERS   o JOIN   LINEITEM l ON o.O_ORDERKEY = l.L_ORDERKEY JOIN"
three_table_joins,Q033,344,,,,3,ERROR,2013 (HY000): Lost connection to MySQL server during query,"SELECT o.O_ORDERKEY, s.S_NAME, l.L_QUANTITY FROM   ORDERS   o JOIN   LINEITEM l ON o.O_ORDERKEY = l.L_ORDERKEY JOIN   SU"
three_table_joins,Q034,345,,,,3,ERROR,2013 (HY000): Lost connection to MySQL server during query,"SELECT o.O_ORDERKEY, s.S_NAME, l.L_DISCOUNT FROM   ORDERS   o JOIN   LINEITEM l ON o.O_ORDERKEY = l.L_ORDERKEY JOIN   SU"
three_table_joins,Q035,346,,,,3,ERROR,2013 (HY000): Lost connection to MySQL server during query,"SELECT s.S_SUPPKEY, s.S_NAME, SUM(l.L_EXTENDEDPRICE * (1 - l.L_DISCOUNT)) AS revenue FROM   ORDERS   o JOIN   LINEITEM l"
three_table_joins,Q036,347,,,,3,ERROR,2013 (HY000): Lost connection to MySQL server during query,"SELECT s.S_SUPPKEY, s.S_NAME, SUM(l.L_EXTENDEDPRICE * (1 - l.L_DISCOUNT)) AS revenue FROM   ORDERS   o JOIN   LINEITEM l"
three_table_joins,Q037,348,,,,3,ERROR,2013 (HY000): Lost connection to MySQL server during query,"SELECT s.S_NATIONKEY, AVG(l.L_DISCOUNT)    AS avg_discount FROM   ORDERS   o JOIN   LINEITEM l ON o.O_ORDERKEY = l.L_ORD"
three_table_joins,Q038,349,,,,3,ERROR,2013 (HY000): Lost connection to MySQL server during query,"SELECT s.S_SUPPKEY, s.S_NAME, SUM(l.L_QUANTITY)    AS total_qty FROM   ORDERS   o JOIN   LINEITEM l ON o.O_ORDERKEY = l."
three_table_joins,Q039,350,,,,3,ERROR,2013 (HY000): Lost connection to MySQL server during query,"SELECT o.O_ORDERKEY, s.S_NAME, l.L_SHIPDATE FROM   ORDERS   o JOIN   LINEITEM l ON o.O_ORDERKEY = l.L_ORDERKEY JOIN   SU"
three_table_joins,Q040,351,,,,3,ERROR,2013 (HY000): Lost connection to MySQL server during query,"SELECT DISTINCT s.S_SUPPKEY, s.S_NAME FROM   ORDERS   o JOIN   LINEITEM l ON o.O_ORDERKEY = l.L_ORDERKEY JOIN   SUPPLIER"
three_table_joins,Q041,352,,,,3,ERROR,2013 (HY000): Lost connection to MySQL server during query,"SELECT l.L_ORDERKEY, p.P_NAME, ps.PS_SUPPLYCOST FROM   LINEITEM l JOIN   PART     p  ON l.L_PARTKEY  = p.P_PARTKEY JOIN "
three_table_joins,Q042,353,,,,3,ERROR,2013 (HY000): Lost connection to MySQL server during query,"SELECT l.L_ORDERKEY, p.P_NAME, ps.PS_SUPPLYCOST, l.L_EXTENDEDPRICE FROM   LINEITEM l JOIN   PART     p  ON l.L_PARTKEY  "
three_table_joins,Q043,354,,,,3,ERROR,2013 (HY000): Lost connection to MySQL server during query,"SELECT l.L_ORDERKEY, p.P_NAME, ps.PS_SUPPLYCOST FROM   LINEITEM l JOIN   PART     p  ON l.L_PARTKEY  = p.P_PARTKEY JOIN "
three_table_joins,Q044,355,,,,3,ERROR,2013 (HY000): Lost connection to MySQL server during query,"SELECT p.P_PARTKEY, p.P_NAME, SUM(l.L_EXTENDEDPRICE - ps.PS_SUPPLYCOST) AS total_margin FROM   LINEITEM l JOIN   PART   "
three_table_joins,Q045,356,,,,3,ERROR,2013 (HY000): Lost connection to MySQL server during query,"SELECT p.P_BRAND, AVG(l.L_EXTENDEDPRICE - ps.PS_SUPPLYCOST) AS avg_margin FROM   LINEITEM l JOIN   PART     p  ON l.L_PA"
three_table_joins,Q046,357,,,,3,ERROR,2013 (HY000): Lost connection to MySQL server during query,"SELECT p.P_PARTKEY, p.P_SIZE, ps.PS_SUPPLYCOST FROM   PART     p JOIN   PARTSUPP ps ON p.P_PARTKEY = ps.PS_PARTKEY JOIN "
three_table_joins,Q047,358,,,,3,ERROR,2013 (HY000): Lost connection to MySQL server during query,"SELECT p.P_TYPE, COUNT(l.L_LINENUMBER) AS line_count, AVG(ps.PS_SUPPLYCOST) AS avg_supply_cost FROM   LINEITEM l JOIN   "
three_table_joins,Q048,359,,,,3,ERROR,2013 (HY000): Lost connection to MySQL server during query,"SELECT p.P_BRAND, AVG(l.L_EXTENDEDPRICE - ps.PS_SUPPLYCOST) AS avg_margin FROM   LINEITEM l JOIN   PART     p  ON l.L_PA"
three_table_joins,Q049,360,,,,3,ERROR,2013 (HY000): Lost connection to MySQL server during query,"SELECT l.L_ORDERKEY, p.P_NAME, l.L_EXTENDEDPRICE - ps.PS_SUPPLYCOST AS margin FROM   LINEITEM l JOIN   PART     p  ON l."
three_table_joins,Q050,361,,,,3,ERROR,2013 (HY000): Lost connection to MySQL server during query,"SELECT DISTINCT p.P_TYPE, p.P_BRAND FROM   LINEITEM l JOIN   PART     p  ON l.L_PARTKEY  = p.P_PARTKEY JOIN   PARTSUPP p"
three_table_joins,Q051,362,,,,3,ERROR,2013 (HY000): Lost connection to MySQL server during query,"SELECT l.L_ORDERKEY, p.P_NAME, s.S_NAME, ps.PS_SUPPLYCOST FROM   LINEITEM l JOIN   PART     p  ON l.L_PARTKEY  = p.P_PAR"
three_table_joins,Q052,363,,,,3,ERROR,2013 (HY000): Lost connection to MySQL server during query,"SELECT l.L_ORDERKEY, p.P_NAME, s.S_NAME FROM   LINEITEM l JOIN   PART     p  ON l.L_PARTKEY  = p.P_PARTKEY JOIN   SUPPLI"
three_table_joins,Q053,364,,,,3,ERROR,2013 (HY000): Lost connection to MySQL server during query,"SELECT s.S_NAME, p.P_TYPE, SUM(l.L_EXTENDEDPRICE * (1 - l.L_DISCOUNT)) AS revenue FROM   LINEITEM l JOIN   PART     p  O"
three_table_joins,Q054,365,,,,3,ERROR,2013 (HY000): Lost connection to MySQL server during query,"SELECT s.S_SUPPKEY, s.S_NAME, SUM(l.L_EXTENDEDPRICE - ps.PS_SUPPLYCOST) AS total_margin FROM   LINEITEM l JOIN   PART   "
three_table_joins,Q055,366,,,,3,ERROR,2013 (HY000): Lost connection to MySQL server during query,"SELECT l.L_ORDERKEY, p.P_NAME, s.S_NAME, l.L_QUANTITY FROM   LINEITEM l JOIN   PART     p  ON l.L_PARTKEY  = p.P_PARTKEY"
three_table_joins,Q056,367,,,,3,ERROR,2013 (HY000): Lost connection to MySQL server during query,"SELECT p.P_BRAND, s.S_NATIONKEY, AVG(ps.PS_SUPPLYCOST) AS avg_cost FROM   LINEITEM l JOIN   PART     p  ON l.L_PARTKEY  "
three_table_joins,Q057,368,,,,3,ERROR,2013 (HY000): Lost connection to MySQL server during query,"SELECT s.S_SUPPKEY, s.S_NAME, AVG(l.L_EXTENDEDPRICE - ps.PS_SUPPLYCOST) AS avg_margin FROM   LINEITEM l JOIN   PART     "
three_table_joins,Q058,369,,,,3,ERROR,2013 (HY000): Lost connection to MySQL server during query,"SELECT p.P_NAME, s.S_NAME, SUM(l.L_EXTENDEDPRICE * (1 - l.L_DISCOUNT)) AS revenue FROM   LINEITEM l JOIN   PART     p  O"
three_table_joins,Q059,370,,,,3,ERROR,2013 (HY000): Lost connection to MySQL server during query,"SELECT DISTINCT p.P_BRAND, s.S_NATIONKEY FROM   LINEITEM l JOIN   PART     p  ON l.L_PARTKEY  = p.P_PARTKEY JOIN   SUPPL"
three_table_joins,Q060,371,,,,3,ERROR,2013 (HY000): Lost connection to MySQL server during query,"SELECT p.P_BRAND, s.S_NATIONKEY, COUNT(DISTINCT l.L_ORDERKEY) AS order_count FROM   LINEITEM l JOIN   PART     p  ON l.L"
three_table_joins,Q061,372,,,,3,ERROR,2013 (HY000): Lost connection to MySQL server during query,"SELECT o.O_ORDERKEY, c.C_NAME, l.L_QUANTITY FROM   ORDERS   o JOIN   CUSTOMER c ON o.O_CUSTKEY  = c.C_CUSTKEY JOIN   LIN"
three_table_joins,Q062,373,,,,3,ERROR,2013 (HY000): Lost connection to MySQL server during query,"SELECT o.O_ORDERKEY, c.C_NAME, l.L_QUANTITY FROM   ORDERS   o JOIN   CUSTOMER c ON o.O_CUSTKEY  = c.C_CUSTKEY JOIN   LIN"
three_table_joins,Q063,374,,,,3,ERROR,2013 (HY000): Lost connection to MySQL server during query,"SELECT o.O_ORDERKEY, c.C_NAME, l.L_DISCOUNT FROM   ORDERS   o JOIN   CUSTOMER c ON o.O_CUSTKEY  = c.C_CUSTKEY JOIN   LIN"
three_table_joins,Q064,375,,,,3,ERROR,2013 (HY000): Lost connection to MySQL server during query,"SELECT c.C_CUSTKEY, c.C_NAME, SUM(l.L_EXTENDEDPRICE * (1 - l.L_DISCOUNT)) AS total_spend FROM   ORDERS   o JOIN   CUSTOM"
three_table_joins,Q065,376,,,,3,ERROR,2013 (HY000): Lost connection to MySQL server during query,"SELECT c.C_CUSTKEY, c.C_NAME, SUM(l.L_EXTENDEDPRICE * (1 - l.L_DISCOUNT)) AS total_spend FROM   ORDERS   o JOIN   CUSTOM"
three_table_joins,Q066,377,,,,3,ERROR,2013 (HY000): Lost connection to MySQL server during query,"SELECT c.C_NATIONKEY, AVG(l.L_QUANTITY)    AS avg_quantity FROM   ORDERS   o JOIN   CUSTOMER c ON o.O_CUSTKEY  = c.C_CUS"
three_table_joins,Q067,378,,,,3,ERROR,2013 (HY000): Lost connection to MySQL server during query,"SELECT c.C_CUSTKEY, c.C_NAME, COUNT(l.L_LINENUMBER) AS total_lines FROM   ORDERS   o JOIN   CUSTOMER c ON o.O_CUSTKEY  ="
three_table_joins,Q068,379,,,,3,ERROR,2013 (HY000): Lost connection to MySQL server during query,"SELECT c.C_NATIONKEY, YEAR(o.O_ORDERDATE)  AS order_year, SUM(l.L_EXTENDEDPRICE * (1 - l.L_DISCOUNT)) AS revenue FROM   "
three_table_joins,Q069,380,,,,3,ERROR,2013 (HY000): Lost connection to MySQL server during query,"SELECT o.O_ORDERKEY, c.C_NAME, l.L_DISCOUNT, l.L_EXTENDEDPRICE FROM   ORDERS   o JOIN   CUSTOMER c ON o.O_CUSTKEY  = c.C"
three_table_joins,Q070,381,,,,3,ERROR,2013 (HY000): Lost connection to MySQL server during query,SELECT DISTINCT c.C_NATIONKEY FROM   ORDERS   o JOIN   CUSTOMER c ON o.O_CUSTKEY  = c.C_CUSTKEY JOIN   LINEITEM l ON o.O
three_table_joins,Q071,382,,,,3,ERROR,2013 (HY000): Lost connection to MySQL server during query,"SELECT s.S_SUPPKEY, s.S_NAME, n.N_NAME        AS nation, r.R_NAME        AS region FROM   SUPPLIER s JOIN   NATION   n O"
three_table_joins,Q072,383,,,,3,ERROR,2013 (HY000): Lost connection to MySQL server during query,"SELECT s.S_SUPPKEY, s.S_NAME, n.N_NAME        AS nation FROM   SUPPLIER s JOIN   NATION   n ON s.S_NATIONKEY = n.N_NATIO"
three_table_joins,Q073,384,,,,3,ERROR,2013 (HY000): Lost connection to MySQL server during query,"SELECT s.S_SUPPKEY, s.S_NAME, s.S_ACCTBAL FROM   SUPPLIER s JOIN   NATION   n ON s.S_NATIONKEY = n.N_NATIONKEY JOIN   RE"
three_table_joins,Q074,385,,,,3,ERROR,2013 (HY000): Lost connection to MySQL server during query,"SELECT r.R_NAME        AS region, COUNT(s.S_SUPPKEY) AS supplier_count FROM   SUPPLIER s JOIN   NATION   n ON s.S_NATION"
three_table_joins,Q075,386,,,,3,ERROR,2013 (HY000): Lost connection to MySQL server during query,"SELECT n.N_NAME        AS nation, AVG(s.S_ACCTBAL) AS avg_balance, COUNT(s.S_SUPPKEY) AS supplier_count FROM   SUPPLIER "
three_table_joins,Q076,387,,,,3,ERROR,2013 (HY000): Lost connection to MySQL server during query,"SELECT r.R_NAME        AS region, MAX(s.S_ACCTBAL) AS max_balance FROM   SUPPLIER s JOIN   NATION   n ON s.S_NATIONKEY ="
three_table_joins,Q077,388,,,,3,ERROR,2013 (HY000): Lost connection to MySQL server during query,"SELECT s.S_NAME, n.N_NAME        AS nation, r.R_NAME        AS region, s.S_ACCTBAL FROM   SUPPLIER s JOIN   NATION   n O"
three_table_joins,Q078,389,,,,3,ERROR,2013 (HY000): Lost connection to MySQL server during query,"SELECT n.N_NAME        AS nation, COUNT(s.S_SUPPKEY) AS supplier_count FROM   SUPPLIER s JOIN   NATION   n ON s.S_NATION"
three_table_joins,Q079,390,,,,3,ERROR,2013 (HY000): Lost connection to MySQL server during query,SELECT DISTINCT r.R_NAME   AS region FROM   SUPPLIER s JOIN   NATION   n ON s.S_NATIONKEY = n.N_NATIONKEY JOIN   REGION 
three_table_joins,Q080,391,,,,3,ERROR,2013 (HY000): Lost connection to MySQL server during query,"SELECT s.S_NAME, n.N_NAME        AS nation, s.S_ACCTBAL FROM   SUPPLIER s JOIN   NATION   n ON s.S_NATIONKEY = n.N_NATIO"
three_table_joins,Q081,392,,,,3,ERROR,2013 (HY000): Lost connection to MySQL server during query,"SELECT c.C_CUSTKEY, c.C_NAME, n.N_NAME        AS nation, r.R_NAME        AS region FROM   CUSTOMER c JOIN   NATION   n O"
three_table_joins,Q082,393,,,,3,ERROR,2013 (HY000): Lost connection to MySQL server during query,"SELECT c.C_CUSTKEY, c.C_NAME, n.N_NAME        AS nation FROM   CUSTOMER c JOIN   NATION   n ON c.C_NATIONKEY = n.N_NATIO"
three_table_joins,Q083,394,,,,3,ERROR,2013 (HY000): Lost connection to MySQL server during query,"SELECT c.C_CUSTKEY, c.C_NAME, c.C_ACCTBAL FROM   CUSTOMER c JOIN   NATION   n ON c.C_NATIONKEY = n.N_NATIONKEY JOIN   RE"
three_table_joins,Q084,395,,,,3,ERROR,2013 (HY000): Lost connection to MySQL server during query,"SELECT r.R_NAME        AS region, COUNT(c.C_CUSTKEY) AS customer_count FROM   CUSTOMER c JOIN   NATION   n ON c.C_NATION"
three_table_joins,Q085,396,,,,3,ERROR,2013 (HY000): Lost connection to MySQL server during query,"SELECT n.N_NAME        AS nation, AVG(c.C_ACCTBAL) AS avg_balance FROM   CUSTOMER c JOIN   NATION   n ON c.C_NATIONKEY ="
three_table_joins,Q086,397,,,,3,ERROR,2013 (HY000): Lost connection to MySQL server during query,"SELECT r.R_NAME        AS region, SUM(c.C_ACCTBAL) AS total_balance, COUNT(c.C_CUSTKEY) AS customer_count FROM   CUSTOME"
three_table_joins,Q087,398,,,,3,ERROR,2013 (HY000): Lost connection to MySQL server during query,"SELECT c.C_NAME, n.N_NAME        AS nation, r.R_NAME        AS region, c.C_ACCTBAL FROM   CUSTOMER c JOIN   NATION   n O"
three_table_joins,Q088,399,,,,3,ERROR,2013 (HY000): Lost connection to MySQL server during query,"SELECT n.N_NAME        AS nation, AVG(c.C_ACCTBAL) AS avg_balance FROM   CUSTOMER c JOIN   NATION   n ON c.C_NATIONKEY ="
three_table_joins,Q089,400,,,,3,ERROR,2013 (HY000): Lost connection to MySQL server during query,"SELECT r.R_NAME        AS region, COUNT(c.C_CUSTKEY) AS high_balance_count FROM   CUSTOMER c JOIN   NATION   n ON c.C_NA"
three_table_joins,Q090,401,,,,3,ERROR,2013 (HY000): Lost connection to MySQL server during query,"SELECT DISTINCT r.R_NAME   AS region, n.N_NAME             AS nation FROM   CUSTOMER c JOIN   NATION   n ON c.C_NATIONKE"
three_table_joins,Q091,402,,,,3,ERROR,2013 (HY000): Lost connection to MySQL server during query,"SELECT o.O_ORDERKEY, c.C_NAME, p.P_NAME, l.L_QUANTITY FROM   ORDERS   o JOIN   CUSTOMER c ON o.O_CUSTKEY  = c.C_CUSTKEY "
three_table_joins,Q092,403,,,,3,ERROR,2013 (HY000): Lost connection to MySQL server during query,"SELECT o.O_ORDERKEY, c.C_NAME, p.P_TYPE, l.L_QUANTITY FROM   ORDERS   o JOIN   CUSTOMER c ON o.O_CUSTKEY  = c.C_CUSTKEY "
three_table_joins,Q093,404,,,,3,ERROR,2013 (HY000): Lost connection to MySQL server during query,"SELECT c.C_CUSTKEY, c.C_NAME, p.P_BRAND, SUM(l.L_EXTENDEDPRICE * (1 - l.L_DISCOUNT)) AS revenue FROM   ORDERS   o JOIN  "
three_table_joins,Q094,405,,,,3,ERROR,2013 (HY000): Lost connection to MySQL server during query,"SELECT c.C_NATIONKEY, p.P_TYPE, SUM(l.L_EXTENDEDPRICE * (1 - l.L_DISCOUNT)) AS revenue FROM   ORDERS   o JOIN   CUSTOMER"
three_table_joins,Q095,406,,,,3,ERROR,2013 (HY000): Lost connection to MySQL server during query,"SELECT c.C_NATIONKEY, p.P_BRAND, SUM(l.L_QUANTITY)    AS total_qty FROM   ORDERS   o JOIN   CUSTOMER c ON o.O_CUSTKEY  ="
three_table_joins,Q096,407,,,,3,ERROR,2013 (HY000): Lost connection to MySQL server during query,"SELECT c.C_NATIONKEY, p.P_BRAND, SUM(l.L_EXTENDEDPRICE * (1 - l.L_DISCOUNT)) AS revenue FROM   ORDERS   o JOIN   CUSTOME"
three_table_joins,Q097,408,,,,3,ERROR,2013 (HY000): Lost connection to MySQL server during query,"SELECT o.O_ORDERKEY, c.C_NAME, p.P_NAME, l.L_DISCOUNT FROM   ORDERS   o JOIN   CUSTOMER c ON o.O_CUSTKEY  = c.C_CUSTKEY "
three_table_joins,Q098,409,,,,3,ERROR,2013 (HY000): Lost connection to MySQL server during query,"SELECT DISTINCT c.C_NATIONKEY, p.P_TYPE FROM   ORDERS   o JOIN   CUSTOMER c ON o.O_CUSTKEY  = c.C_CUSTKEY JOIN   LINEITE"
three_table_joins,Q099,410,,,,3,ERROR,2013 (HY000): Lost connection to MySQL server during query,"SELECT YEAR(o.O_ORDERDATE) AS order_year, p.P_BRAND, SUM(l.L_EXTENDEDPRICE * (1 - l.L_DISCOUNT)) AS revenue FROM   ORDER"
three_table_joins,Q100,411,,,,3,ERROR,2013 (HY000): Lost connection to MySQL server during query,"SELECT o.O_ORDERKEY, c.C_NAME, SUM(l.L_EXTENDEDPRICE * (1 - l.L_DISCOUNT)) AS net_revenue FROM   ORDERS   o JOIN   CUSTO"
three_table_joins,Q101,412,,,,3,ERROR,2013 (HY000): Lost connection to MySQL server during query,"SELECT r.R_NAME        AS region, n.N_NAME        AS nation, c.C_NAME, o.O_ORDERKEY, COUNT(l.L_LINENUMBER) AS line_count"
three_table_joins,Q102,413,,,,3,ERROR,2013 (HY000): Lost connection to MySQL server during query,"SELECT r.R_NAME        AS region, SUM(l.L_EXTENDEDPRICE * (1 - l.L_DISCOUNT)) AS revenue FROM   ORDERS   o JOIN   CUSTOM"
three_table_joins,Q103,414,,,,3,ERROR,2013 (HY000): Lost connection to MySQL server during query,"SELECT n.N_NAME        AS supplier_nation, p.P_BRAND, SUM(l.L_EXTENDEDPRICE * (1 - l.L_DISCOUNT)) AS revenue FROM   ORDE"
three_table_joins,Q104,415,,,,3,ERROR,2013 (HY000): Lost connection to MySQL server during query,"SELECT o.O_ORDERKEY, p.P_NAME, s.S_NAME, n.N_NAME        AS supplier_nation, l.L_EXTENDEDPRICE FROM   ORDERS   o JOIN   "
three_table_joins,Q105,416,,,,3,ERROR,2013 (HY000): Lost connection to MySQL server during query,"SELECT o.O_ORDERKEY, c.C_NAME, p.P_NAME, l.L_EXTENDEDPRICE - ps.PS_SUPPLYCOST AS margin FROM   ORDERS   o JOIN   CUSTOME"
three_table_joins,Q106,417,,,,3,ERROR,2013 (HY000): Lost connection to MySQL server during query,"SELECT c.C_CUSTKEY, c.C_NAME, SUM(l.L_EXTENDEDPRICE - ps.PS_SUPPLYCOST) AS total_margin FROM   ORDERS   o JOIN   CUSTOME"
three_table_joins,Q107,418,,,,3,ERROR,2013 (HY000): Lost connection to MySQL server during query,"SELECT n.N_NAME        AS nation, p.P_TYPE, SUM(l.L_EXTENDEDPRICE * (1 - l.L_DISCOUNT)) AS revenue FROM   ORDERS   o JOI"
three_table_joins,Q108,419,,,,3,ERROR,2013 (HY000): Lost connection to MySQL server during query,"SELECT cn.N_NAME       AS cust_nation, sn.N_NAME       AS supp_nation, SUM(l.L_EXTENDEDPRICE * (1 - l.L_DISCOUNT)) AS re"
three_table_joins,Q109,420,,,,3,ERROR,2013 (HY000): Lost connection to MySQL server during query,"SELECT cn.N_NAME       AS nation, COUNT(DISTINCT o.O_ORDERKEY) AS order_count, SUM(l.L_EXTENDEDPRICE * (1 - l.L_DISCOUNT"
three_table_joins,Q110,421,,,,3,ERROR,2013 (HY000): Lost connection to MySQL server during query,"SELECT n.N_NAME        AS nation, SUM(l.L_EXTENDEDPRICE * (1 - l.L_DISCOUNT)) AS revenue FROM   ORDERS   o JOIN   CUSTOM"
three_table_joins,Q111,422,,,,3,ERROR,2013 (HY000): Lost connection to MySQL server during query,"SELECT o.O_ORDERKEY, c.C_NAME, cn.N_NAME       AS cust_nation, p.P_NAME, s.S_NAME, l.L_EXTENDEDPRICE FROM   ORDERS    o "
three_table_joins,Q112,423,,,,3,ERROR,2013 (HY000): Lost connection to MySQL server during query,"SELECT cn.N_NAME       AS cust_nation, p.P_BRAND, s.S_NAME, SUM(l.L_EXTENDEDPRICE * (1 - l.L_DISCOUNT)) AS revenue FROM "
three_table_joins,Q113,424,,,,3,ERROR,2013 (HY000): Lost connection to MySQL server during query,"SELECT r.R_NAME        AS region, p.P_TYPE, SUM(l.L_EXTENDEDPRICE * (1 - l.L_DISCOUNT)) AS revenue FROM   ORDERS    o JO"
three_table_joins,Q114,425,,,,3,ERROR,2013 (HY000): Lost connection to MySQL server during query,"SELECT r.R_NAME        AS customer_region, SUM(l.L_EXTENDEDPRICE * (1 - l.L_DISCOUNT)) AS revenue, AVG(s.S_ACCTBAL)     "
three_table_joins,Q115,426,,,,3,ERROR,2013 (HY000): Lost connection to MySQL server during query,"SELECT cn.N_NAME       AS cust_nation, p.P_BRAND, SUM(l.L_EXTENDEDPRICE - ps.PS_SUPPLYCOST) AS total_margin FROM   ORDER"
three_table_joins,Q116,427,,,,3,ERROR,2013 (HY000): Lost connection to MySQL server during query,"SELECT r.R_NAME        AS region, p.P_BRAND, SUM(l.L_QUANTITY) AS total_qty FROM   ORDERS    o JOIN   CUSTOMER  c  ON o."
three_table_joins,Q117,428,,,,3,ERROR,2013 (HY000): Lost connection to MySQL server during query,"SELECT cn.N_NAME       AS cust_nation, SUM(l.L_EXTENDEDPRICE * (1 - l.L_DISCOUNT)) AS revenue FROM   ORDERS    o JOIN   "
three_table_joins,Q118,429,,,,3,ERROR,2013 (HY000): Lost connection to MySQL server during query,"SELECT r.R_NAME        AS region, p.P_BRAND, COUNT(DISTINCT c.C_CUSTKEY) AS cust_count FROM   ORDERS    o JOIN   CUSTOME"
three_table_joins,Q119,430,,,,3,ERROR,2013 (HY000): Lost connection to MySQL server during query,"SELECT cn.N_NAME       AS cust_nation, sn.N_NAME       AS supp_nation, AVG(o.O_TOTALPRICE) AS avg_order_value FROM   ORD"
three_table_joins,Q120,431,,,,3,ERROR,2013 (HY000): Lost connection to MySQL server during query,"SELECT r.R_NAME                 AS region, YEAR(o.O_ORDERDATE)      AS yr, MONTH(o.O_ORDERDATE)     AS mo, SUM(l.L_EXTEN"
three_table_joins,Q121,432,,,,3,ERROR,2013 (HY000): Lost connection to MySQL server during query,"SELECT c.C_MKTSEGMENT, c.C_NATIONKEY, COUNT(o.O_ORDERKEY)   AS order_count, SUM(o.O_TOTALPRICE)   AS total_revenue FROM "
three_table_joins,Q122,433,,,,3,ERROR,2013 (HY000): Lost connection to MySQL server during query,"SELECT p.P_BRAND, n.N_NAME        AS supplier_nation, MAX(l.L_EXTENDEDPRICE) AS max_price, MIN(l.L_EXTENDEDPRICE) AS min"
three_table_joins,Q123,434,,,,3,ERROR,2013 (HY000): Lost connection to MySQL server during query,"SELECT c.C_MKTSEGMENT, SUM(l.L_EXTENDEDPRICE * (1 - l.L_DISCOUNT)) AS net_revenue FROM   ORDERS   o JOIN   CUSTOMER c ON"
three_table_joins,Q124,435,,,,3,ERROR,2013 (HY000): Lost connection to MySQL server during query,"SELECT p.P_SIZE, r.R_NAME        AS supplier_region, AVG(l.L_DISCOUNT) AS avg_discount FROM   LINEITEM l JOIN   PART    "
three_table_joins,Q125,436,,,,3,ERROR,2013 (HY000): Lost connection to MySQL server during query,"SELECT r.R_NAME        AS region, SUM(ps.PS_AVAILQTY * ps.PS_SUPPLYCOST) AS stock_value FROM   SUPPLIER s JOIN   PARTSUP"
three_table_joins,Q126,437,,,,3,ERROR,2013 (HY000): Lost connection to MySQL server during query,"SELECT l.L_SHIPMODE, p.P_TYPE, SUM(l.L_EXTENDEDPRICE * (1 - l.L_DISCOUNT)) AS revenue FROM   ORDERS  o JOIN   LINEITEM l"
three_table_joins,Q127,438,,,,3,ERROR,2013 (HY000): Lost connection to MySQL server during query,"SELECT c.C_MKTSEGMENT, YEAR(o.O_ORDERDATE) AS order_year, COUNT(o.O_ORDERKEY)  AS order_count FROM   CUSTOMER c JOIN   O"
three_table_joins,Q128,439,,,,3,ERROR,2013 (HY000): Lost connection to MySQL server during query,"SELECT p.P_CONTAINER, n.N_NAME        AS nation, SUM(l.L_QUANTITY) AS total_qty FROM   LINEITEM l JOIN   PART     p  ON "
three_table_joins,Q129,440,,,,3,ERROR,2013 (HY000): Lost connection to MySQL server during query,"SELECT c.C_MKTSEGMENT, n.N_NAME        AS nation, MAX(o.O_TOTALPRICE) AS max_order FROM   CUSTOMER c JOIN   ORDERS   o O"
three_table_joins,Q130,441,,,,3,ERROR,2013 (HY000): Lost connection to MySQL server during query,"SELECT p.P_CONTAINER, r.R_NAME        AS region, AVG(ps.PS_SUPPLYCOST) AS avg_cost FROM   PART     p JOIN   PARTSUPP ps "
three_table_joins,Q131,442,,,,3,ERROR,2013 (HY000): Lost connection to MySQL server during query,"SELECT c.C_MKTSEGMENT, YEAR(o.O_ORDERDATE)   AS yr, MONTH(o.O_ORDERDATE)  AS mo, SUM(l.L_EXTENDEDPRICE * (1 - l.L_DISCOU"
three_table_joins,Q132,443,,,,3,ERROR,2013 (HY000): Lost connection to MySQL server during query,"SELECT p.P_BRAND, YEAR(l.L_SHIPDATE)    AS ship_year, MAX(l.L_QUANTITY) - MIN(l.L_QUANTITY) AS qty_spread FROM   LINEITE"
three_table_joins,Q133,444,,,,3,ERROR,2013 (HY000): Lost connection to MySQL server during query,"SELECT p.P_TYPE, COUNT(DISTINCT c.C_CUSTKEY) AS customer_count FROM   ORDERS   o JOIN   CUSTOMER c ON o.O_CUSTKEY  = c.C"
three_table_joins,Q134,445,,,,3,ERROR,2013 (HY000): Lost connection to MySQL server during query,"SELECT p.P_BRAND, r.R_NAME        AS region, SUM(ps.PS_AVAILQTY * ps.PS_SUPPLYCOST) AS stock_value FROM   PART     p JOI"
three_table_joins,Q135,446,,,,3,ERROR,2013 (HY000): Lost connection to MySQL server during query,"SELECT r.R_NAME        AS region, o.O_ORDERSTATUS  AS status, SUM(l.L_EXTENDEDPRICE * (1 - l.L_DISCOUNT)) AS revenue FRO"
three_table_joins,Q136,447,,,,3,ERROR,2013 (HY000): Lost connection to MySQL server during query,"SELECT n.N_NAME        AS nation, SUM(o.O_TOTALPRICE)   AS total_revenue FROM   ORDERS   o JOIN   CUSTOMER c ON o.O_CUST"
three_table_joins,Q137,448,,,,3,ERROR,2013 (HY000): Lost connection to MySQL server during query,"SELECT s.S_SUPPKEY, s.S_NAME, COUNT(ps.PS_PARTKEY) AS part_count FROM   SUPPLIER s JOIN   PARTSUPP ps ON s.S_SUPPKEY   ="
three_table_joins,Q138,449,,,,3,ERROR,2013 (HY000): Lost connection to MySQL server during query,"SELECT p.P_BRAND, AVG(l.L_EXTENDEDPRICE) AS avg_line_revenue FROM   LINEITEM l JOIN   PART     p  ON l.L_PARTKEY  = p.P_"
three_table_joins,Q139,450,,,,3,ERROR,2013 (HY000): Lost connection to MySQL server during query,"SELECT r.R_NAME        AS region, COUNT(c.C_CUSTKEY) AS customer_count FROM   CUSTOMER c JOIN   NATION   n ON c.C_NATION"
three_table_joins,Q140,451,,,,3,ERROR,2013 (HY000): Lost connection to MySQL server during query,"SELECT p.P_TYPE, COUNT(l.L_LINENUMBER) AS line_count FROM   LINEITEM l JOIN   PART     p ON l.L_PARTKEY  = p.P_PARTKEY J"
three_table_joins,Q141,452,,,,3,ERROR,2013 (HY000): Lost connection to MySQL server during query,"SELECT c.C_MKTSEGMENT, n.N_NAME        AS nation, AVG(c.C_ACCTBAL) AS avg_balance FROM   CUSTOMER c JOIN   NATION   n ON"
three_table_joins,Q142,453,,,,3,ERROR,2013 (HY000): Lost connection to MySQL server during query,"SELECT n.N_NAME        AS nation, SUM(ps.PS_AVAILQTY) AS total_stock FROM   SUPPLIER s JOIN   PARTSUPP ps ON s.S_SUPPKEY"
three_table_joins,Q143,454,,,,3,ERROR,2013 (HY000): Lost connection to MySQL server during query,"SELECT p.P_CONTAINER, AVG(ps.PS_SUPPLYCOST) AS avg_cost, COUNT(DISTINCT p.P_PARTKEY) AS part_count FROM   PART     p JOI"
three_table_joins,Q144,455,,,,3,ERROR,2013 (HY000): Lost connection to MySQL server during query,"SELECT l.L_SHIPMODE, AVG(l.L_QUANTITY)    AS avg_qty, COUNT(l.L_LINENUMBER) AS line_count FROM   LINEITEM l JOIN   ORDER"
three_table_joins,Q145,456,,,,3,ERROR,2013 (HY000): Lost connection to MySQL server during query,"SELECT n.N_NAME        AS nation, COUNT(c.C_CUSTKEY) AS customer_count FROM   CUSTOMER c JOIN   NATION   n ON c.C_NATION"
three_table_joins,Q146,457,,,,3,ERROR,2013 (HY000): Lost connection to MySQL server during query,"SELECT o.O_ORDERKEY, c.C_NAME, n.N_NAME        AS nation, r.R_NAME        AS region, o.O_TOTALPRICE FROM   ORDERS   o JO"
three_table_joins,Q147,458,,,,3,ERROR,2013 (HY000): Lost connection to MySQL server during query,"SELECT s.S_NAME, p.P_NAME, ps.PS_AVAILQTY * ps.PS_SUPPLYCOST AS stock_value FROM   SUPPLIER s JOIN   PARTSUPP ps ON s.S_"
three_table_joins,Q148,459,,,,3,ERROR,2013 (HY000): Lost connection to MySQL server during query,"SELECT n.N_NAME        AS nation, SUM(l.L_EXTENDEDPRICE * (1 - l.L_DISCOUNT)) AS net_revenue FROM   ORDERS   o JOIN   CU"
three_table_joins,Q149,460,,,,3,ERROR,2013 (HY000): Lost connection to MySQL server during query,"SELECT c.C_CUSTKEY, c.C_NAME, n.N_NAME        AS nation, COUNT(o.O_ORDERKEY) AS order_count FROM   CUSTOMER c JOIN   NAT"
three_table_joins,Q150,461,,,,3,ERROR,2013 (HY000): Lost connection to MySQL server during query,"SELECT p.P_BRAND, SUM(l.L_EXTENDEDPRICE * (1 - l.L_DISCOUNT)) AS revenue FROM   ORDERS    o JOIN   LINEITEM  l  ON o.O_O"
three_table_joins,Q151,462,,,,3,ERROR,2013 (HY000): Lost connection to MySQL server during query,"SELECT o.O_ORDERKEY, o.O_ORDERDATE, c.C_NAME, n.N_NAME        AS nation, o.O_TOTALPRICE FROM   ORDERS   o JOIN   CUSTOME"
three_table_joins,Q152,463,,,,3,ERROR,2013 (HY000): Lost connection to MySQL server during query,"SELECT p.P_NAME, s.S_NAME, n.N_NAME        AS nation, ps.PS_SUPPLYCOST FROM   PART     p JOIN   PARTSUPP ps ON p.P_PARTK"
three_table_joins,Q153,464,,,,3,ERROR,2013 (HY000): Lost connection to MySQL server during query,"SELECT o.O_ORDERKEY, c.C_NAME, n.N_NAME        AS nation, AVG(l.L_DISCOUNT) AS avg_discount FROM   ORDERS   o JOIN   CUS"
three_table_joins,Q154,465,,,,3,ERROR,2013 (HY000): Lost connection to MySQL server during query,"SELECT s.S_NAME, n.N_NAME        AS nation, AVG(ps.PS_SUPPLYCOST) AS avg_cost FROM   SUPPLIER s JOIN   NATION   n  ON s."
three_table_joins,Q155,466,,,,3,ERROR,2013 (HY000): Lost connection to MySQL server during query,"SELECT n.N_NAME        AS nation, YEAR(o.O_ORDERDATE) AS order_year, SUM(l.L_EXTENDEDPRICE * (1 - l.L_DISCOUNT)) AS reve"
three_table_joins,Q156,467,,,,3,ERROR,2013 (HY000): Lost connection to MySQL server during query,"SELECT c.C_CUSTKEY, c.C_NAME, n.N_NAME        AS nation FROM   CUSTOMER c JOIN   NATION   n ON c.C_NATIONKEY = n.N_NATIO"
three_table_joins,Q157,468,,,,3,ERROR,2013 (HY000): Lost connection to MySQL server during query,"SELECT c.C_CUSTKEY, c.C_NAME, n.N_NAME        AS nation FROM   CUSTOMER c JOIN   NATION   n ON c.C_NATIONKEY = n.N_NATIO"
three_table_joins,Q158,469,,,,3,ERROR,2013 (HY000): Lost connection to MySQL server during query,"SELECT s.S_SUPPKEY, s.S_NAME, n.N_NAME        AS nation FROM   SUPPLIER s JOIN   NATION   n ON s.S_NATIONKEY = n.N_NATIO"
three_table_joins,Q159,470,,,,3,ERROR,2013 (HY000): Lost connection to MySQL server during query,"SELECT o.O_ORDERKEY, c.C_NAME, n.N_NAME        AS nation FROM   ORDERS   o JOIN   CUSTOMER c ON o.O_CUSTKEY    = c.C_CUS"
three_table_joins,Q160,471,,,,3,ERROR,2013 (HY000): Lost connection to MySQL server during query,"SELECT p.P_PARTKEY, p.P_NAME FROM   PART p WHERE  p.P_PARTKEY IN ( SELECT ps.PS_PARTKEY FROM   PARTSUPP ps JOIN   SUPPLI"
three_table_joins,Q161,472,,,,3,ERROR,2013 (HY000): Lost connection to MySQL server during query,"SELECT c.C_CUSTKEY, c.C_NAME, n.N_NAME        AS nation, r.R_NAME        AS region FROM   CUSTOMER c JOIN   NATION   n O"
three_table_joins,Q162,473,,,,3,ERROR,2013 (HY000): Lost connection to MySQL server during query,"SELECT DISTINCT o.O_ORDERKEY, o.O_TOTALPRICE FROM   ORDERS o WHERE  o.O_ORDERKEY IN ( SELECT l.L_ORDERKEY FROM   LINEITE"
three_table_joins,Q163,474,,,,3,ERROR,2013 (HY000): Lost connection to MySQL server during query,"SELECT s.S_SUPPKEY, s.S_NAME, n.N_NAME        AS nation FROM   SUPPLIER s JOIN   NATION   n ON s.S_NATIONKEY = n.N_NATIO"
three_table_joins,Q164,475,,,,3,ERROR,2013 (HY000): Lost connection to MySQL server during query,"SELECT c.C_CUSTKEY, c.C_NAME, c.C_NATIONKEY FROM   CUSTOMER c WHERE  c.C_NATIONKEY IN ( SELECT s.S_NATIONKEY FROM   SUPP"
three_table_joins,Q165,476,,,,3,ERROR,2013 (HY000): Lost connection to MySQL server during query,"SELECT DISTINCT p.P_PARTKEY, p.P_NAME, p.P_BRAND FROM   PART p WHERE  p.P_PARTKEY IN ( SELECT l.L_PARTKEY FROM   LINEITE"
three_table_joins,Q166,477,,,,3,ERROR,2013 (HY000): Lost connection to MySQL server during query,SELECT DISTINCT n.N_NAME   AS nation FROM   CUSTOMER c JOIN   NATION   n ON c.C_NATIONKEY = n.N_NATIONKEY JOIN   ORDERS 
three_table_joins,Q167,478,,,,3,ERROR,2013 (HY000): Lost connection to MySQL server during query,SELECT DISTINCT r.R_NAME   AS region FROM   ORDERS   o JOIN   CUSTOMER c ON o.O_CUSTKEY    = c.C_CUSTKEY JOIN   NATION  
three_table_joins,Q168,479,,,,3,ERROR,2013 (HY000): Lost connection to MySQL server during query,SELECT DISTINCT p.P_BRAND FROM   LINEITEM  l JOIN   ORDERS    o  ON l.L_ORDERKEY   = o.O_ORDERKEY JOIN   CUSTOMER  c  ON
three_table_joins,Q169,480,,,,3,ERROR,2013 (HY000): Lost connection to MySQL server during query,"SELECT DISTINCT sn.N_NAME  AS supplier_nation, cn.N_NAME            AS customer_nation FROM   ORDERS    o JOIN   CUSTOME"
three_table_joins,Q170,481,,,,3,ERROR,2013 (HY000): Lost connection to MySQL server during query,SELECT DISTINCT p.P_CONTAINER FROM   LINEITEM  l JOIN   ORDERS    o  ON l.L_ORDERKEY   = o.O_ORDERKEY JOIN   CUSTOMER  c
three_table_joins,Q171,482,,,,3,ERROR,2013 (HY000): Lost connection to MySQL server during query,SELECT DISTINCT c.C_MKTSEGMENT FROM   ORDERS   o JOIN   CUSTOMER c ON o.O_CUSTKEY  = c.C_CUSTKEY JOIN   LINEITEM l ON o.
three_table_joins,Q172,483,,,,3,ERROR,2013 (HY000): Lost connection to MySQL server during query,"SELECT DISTINCT r.R_NAME  AS region, p.P_BRAND FROM   PART     p JOIN   PARTSUPP ps ON p.P_PARTKEY   = ps.PS_PARTKEY JOI"
three_table_joins,Q173,484,,,,3,ERROR,2013 (HY000): Lost connection to MySQL server during query,SELECT DISTINCT l.L_SHIPMODE FROM   LINEITEM l JOIN   ORDERS   o ON l.L_ORDERKEY = o.O_ORDERKEY JOIN   CUSTOMER c ON o.O
three_table_joins,Q174,485,,,,3,ERROR,2013 (HY000): Lost connection to MySQL server during query,"SELECT r.R_NAME        AS region, YEAR(o.O_ORDERDATE) AS order_year, SUM(o.O_TOTALPRICE) AS revenue FROM   ORDERS   o JO"
three_table_joins,Q175,486,,,,3,ERROR,2013 (HY000): Lost connection to MySQL server during query,"SELECT MONTH(l.L_SHIPDATE)   AS ship_month, SUM(l.L_EXTENDEDPRICE * (1 - l.L_DISCOUNT)) AS revenue FROM   LINEITEM l JOI"
three_table_joins,Q176,487,,,,3,ERROR,2013 (HY000): Lost connection to MySQL server during query,"SELECT n.N_NAME        AS nation, COUNT(DISTINCT o.O_ORDERKEY) AS late_orders FROM   ORDERS   o JOIN   CUSTOMER c ON o.O"
three_table_joins,Q177,488,,,,3,ERROR,2013 (HY000): Lost connection to MySQL server during query,"SELECT o.O_ORDERKEY, c.C_NAME, n.N_NAME        AS nation, o.O_TOTALPRICE FROM   ORDERS   o JOIN   CUSTOMER c ON o.O_CUST"
three_table_joins,Q178,489,,,,3,ERROR,2013 (HY000): Lost connection to MySQL server during query,"SELECT n.N_NAME        AS supplier_nation, p.P_BRAND, SUM(l.L_QUANTITY) AS total_qty FROM   LINEITEM l JOIN   PART     p"
three_table_joins,Q179,490,,,,3,ERROR,2013 (HY000): Lost connection to MySQL server during query,"SELECT n.N_NAME        AS nation, SUM(CASE WHEN YEAR(o.O_ORDERDATE) = 1995 THEN o.O_TOTALPRICE ELSE 0 END) AS revenue_19"
three_table_joins,Q180,491,,,,3,ERROR,2013 (HY000): Lost connection to MySQL server during query,"SELECT o.O_ORDERKEY, c.C_NAME, l.L_SHIPDATE, o.O_ORDERDATE FROM   ORDERS   o JOIN   CUSTOMER c ON o.O_CUSTKEY  = c.C_CUS"
three_table_joins,Q181,492,,,,3,ERROR,2013 (HY000): Lost connection to MySQL server during query,"SELECT n.N_NAME        AS supplier_nation, AVG(DATEDIFF(l.L_RECEIPTDATE, l.L_SHIPDATE)) AS avg_transit_days FROM   LINEI"
three_table_joins,Q182,493,,,,3,ERROR,2013 (HY000): Lost connection to MySQL server during query,"SELECT r.R_NAME        AS region, MONTH(o.O_ORDERDATE) AS peak_month, COUNT(o.O_ORDERKEY)  AS order_count FROM   ORDERS "
three_table_joins,Q183,494,,,,3,ERROR,2013 (HY000): Lost connection to MySQL server during query,"SELECT r.R_NAME            AS region, YEAR(l.L_SHIPDATE)  AS ship_year, COUNT(CASE WHEN l.L_RECEIPTDATE > l.L_COMMITDATE"
three_table_joins,Q184,495,,,,3,ERROR,2013 (HY000): Lost connection to MySQL server during query,"SELECT n.N_NAME        AS nation, SUM(l.L_EXTENDEDPRICE * (1 - l.L_DISCOUNT)) AS revenue FROM   ORDERS   o JOIN   CUSTOM"
three_table_joins,Q185,496,,,,3,ERROR,2013 (HY000): Lost connection to MySQL server during query,"SELECT s.S_SUPPKEY, s.S_NAME, n.N_NAME        AS nation, SUM(l.L_EXTENDEDPRICE * (1 - l.L_DISCOUNT)) AS revenue FROM   L"
three_table_joins,Q186,497,,,,3,ERROR,2013 (HY000): Lost connection to MySQL server during query,"SELECT p.P_BRAND, p.P_TYPE, SUM(l.L_EXTENDEDPRICE - ps.PS_SUPPLYCOST) AS total_margin FROM   LINEITEM  l JOIN   PART    "
three_table_joins,Q187,498,,,,3,ERROR,2013 (HY000): Lost connection to MySQL server during query,"SELECT c.C_MKTSEGMENT, YEAR(o.O_ORDERDATE) AS yr, SUM(l.L_EXTENDEDPRICE * (1 - l.L_DISCOUNT)) AS revenue, COUNT(DISTINCT"
three_table_joins,Q188,499,,,,3,ERROR,2013 (HY000): Lost connection to MySQL server during query,"SELECT n.N_NAME        AS nation, SUM(CASE WHEN YEAR(o.O_ORDERDATE) = 1995 THEN l.L_EXTENDEDPRICE*(1-l.L_DISCOUNT) ELSE "
three_table_joins,Q189,500,,,,3,ERROR,2013 (HY000): Lost connection to MySQL server during query,"SELECT s.S_NAME, n.N_NAME        AS nation, r.R_NAME        AS region, AVG(ps.PS_SUPPLYCOST) AS avg_cost, SUM(ps.PS_AVAI"
three_table_joins,Q190,501,,,,3,ERROR,2013 (HY000): Lost connection to MySQL server during query,"SELECT p.P_BRAND, COUNT(DISTINCT r.R_REGIONKEY) AS region_count, SUM(l.L_QUANTITY)             AS total_qty FROM   LINEI"
three_table_joins,Q191,502,,,,3,ERROR,2013 (HY000): Lost connection to MySQL server during query,"SELECT r.R_NAME        AS supplier_region, p.P_TYPE, AVG(l.L_EXTENDEDPRICE - ps.PS_SUPPLYCOST) AS avg_margin FROM   LINE"
three_table_joins,Q192,503,,,,3,ERROR,2013 (HY000): Lost connection to MySQL server during query,"SELECT r.R_NAME        AS customer_region, l.L_SHIPMODE, SUM(l.L_EXTENDEDPRICE * (1 - l.L_DISCOUNT)) AS revenue FROM   O"
three_table_joins,Q193,504,,,,3,ERROR,2013 (HY000): Lost connection to MySQL server during query,"SELECT c.C_MKTSEGMENT, AVG(o.O_TOTALPRICE)   AS avg_order_value, COUNT(DISTINCT o.O_ORDERKEY) AS order_count FROM   ORDE"
three_table_joins,Q194,505,,,,3,ERROR,2013 (HY000): Lost connection to MySQL server during query,"SELECT a.C_NAME        AS customer_a, b.C_NAME        AS customer_b, n.N_NAME        AS nation, a.C_ACCTBAL     AS balan"
three_table_joins,Q195,506,,,,3,ERROR,2013 (HY000): Lost connection to MySQL server during query,"SELECT c.C_NAME, n.N_NAME        AS nation, o.O_ORDERKEY, CASE WHEN o.O_TOTALPRICE < 30000  THEN 'SMALL' WHEN o.O_TOTALP"
three_table_joins,Q196,507,,,,3,ERROR,2013 (HY000): Lost connection to MySQL server during query,"SELECT r.R_NAME        AS region, SUM(CASE WHEN o.O_TOTALPRICE < 30000  THEN 1 ELSE 0 END) AS small_orders, SUM(CASE WHE"
three_table_joins,Q197,508,,,,3,ERROR,2013 (HY000): Lost connection to MySQL server during query,"SELECT s.S_SUPPKEY, s.S_NAME, n.N_NAME        AS nation, SUM(l.L_EXTENDEDPRICE * (1 - l.L_DISCOUNT)) AS revenue FROM   L"
three_table_joins,Q198,509,,,,3,ERROR,2013 (HY000): Lost connection to MySQL server during query,"SELECT p.P_PARTKEY, p.P_NAME, SUM(CASE WHEN YEAR(l.L_SHIPDATE) = 1995 THEN l.L_QUANTITY ELSE 0 END) AS qty_1995, SUM(CAS"
three_table_joins,Q199,510,,,,3,ERROR,2013 (HY000): Lost connection to MySQL server during query,"SELECT c.C_CUSTKEY, c.C_NAME, n.N_NAME        AS nation FROM   CUSTOMER c JOIN   NATION   n ON c.C_NATIONKEY = n.N_NATIO"
three_table_joins,Q200,511,,,,3,ERROR,2013 (HY000): Lost connection to MySQL server during query,"SELECT cr.R_NAME       AS customer_region, sr.R_NAME       AS supplier_region, COUNT(DISTINCT o.O_ORDERKEY)             "
aggregation,Q001,512,,,,3,ERROR,2013 (HY000): Lost connection to MySQL server during query,SELECT COUNT(*) AS total_orders FROM orders
aggregation,Q002,513,,,,3,ERROR,2013 (HY000): Lost connection to MySQL server during query,SELECT SUM(l_extendedprice * (1 - l_discount)) AS total_revenue FROM lineitem
aggregation,Q003,514,,,,3,ERROR,2013 (HY000): Lost connection to MySQL server during query,SELECT AVG(c_acctbal) AS avg_account_balance FROM customer
aggregation,Q004,515,,,,3,ERROR,2013 (HY000): Lost connection to MySQL server during query,"SELECT MIN(p_retailprice) AS min_price, MAX(p_retailprice) AS max_price FROM part"
aggregation,Q005,516,,,,3,ERROR,2013 (HY000): Lost connection to MySQL server during query,SELECT SUM(l_quantity) AS total_quantity FROM lineitem
aggregation,Q006,517,,,,3,ERROR,2013 (HY000): Lost connection to MySQL server during query,SELECT COUNT(DISTINCT o_custkey) AS distinct_customers FROM orders
aggregation,Q007,518,,,,3,ERROR,2013 (HY000): Lost connection to MySQL server during query,SELECT AVG(l_discount) AS avg_discount FROM lineitem
aggregation,Q008,519,,,,3,ERROR,2013 (HY000): Lost connection to MySQL server during query,SELECT COUNT(*) AS total_suppliers FROM supplier
aggregation,Q009,520,,,,3,ERROR,2013 (HY000): Lost connection to MySQL server during query,SELECT SUM(ps_availqty) AS total_available_qty FROM partsupp
aggregation,Q010,521,,,,3,ERROR,2013 (HY000): Lost connection to MySQL server during query,SELECT AVG(ps_supplycost) AS avg_supply_cost FROM partsupp
aggregation,Q011,522,,,,3,ERROR,2013 (HY000): Lost connection to MySQL server during query,"SELECT MIN(o_totalprice) AS min_order_price, MAX(o_totalprice) AS max_order_price FROM orders"
aggregation,Q012,523,,,,3,ERROR,2013 (HY000): Lost connection to MySQL server during query,SELECT COUNT(*) AS high_discount_items FROM lineitem WHERE l_discount > 0.05
aggregation,Q013,524,,,,3,ERROR,2013 (HY000): Lost connection to MySQL server during query,SELECT SUM(l_extendedprice) AS total_gross_revenue FROM lineitem
aggregation,Q014,525,,,,3,ERROR,2013 (HY000): Lost connection to MySQL server during query,SELECT AVG(l_quantity) AS avg_quantity FROM lineitem
aggregation,Q015,526,,,,3,ERROR,2013 (HY000): Lost connection to MySQL server during query,SELECT COUNT(*) AS total_parts FROM part WHERE p_container LIKE '%BOX%'
aggregation,Q016,527,,,,3,ERROR,2013 (HY000): Lost connection to MySQL server during query,SELECT SUM(l_extendedprice * l_tax) AS total_tax FROM lineitem
aggregation,Q017,528,,,,3,ERROR,2013 (HY000): Lost connection to MySQL server during query,SELECT COUNT(*) AS customers_positive_balance FROM customer WHERE c_acctbal > 0
aggregation,Q018,529,,,,3,ERROR,2013 (HY000): Lost connection to MySQL server during query,SELECT AVG(o_totalprice) AS avg_order_total FROM orders
aggregation,Q019,530,,,,3,ERROR,2013 (HY000): Lost connection to MySQL server during query,SELECT COUNT(*) AS total_parts FROM part
aggregation,Q020,531,,,,3,ERROR,2013 (HY000): Lost connection to MySQL server during query,"SELECT MIN(c_acctbal) AS min_balance, MAX(c_acctbal) AS max_balance FROM customer"
aggregation,Q021,532,,,,3,ERROR,2013 (HY000): Lost connection to MySQL server during query,"SELECT o_orderstatus, COUNT(*) AS order_count FROM orders GROUP BY o_orderstatus"
aggregation,Q022,533,,,,3,ERROR,2013 (HY000): Lost connection to MySQL server during query,SELECT SUM(l_extendedprice * (1 - l_discount)) AS shipped_revenue FROM lineitem WHERE l_shipinstruct = 'DELIVER IN PERSO
aggregation,Q023,534,,,,3,ERROR,2013 (HY000): Lost connection to MySQL server during query,SELECT COUNT(DISTINCT n_nationkey) AS total_nations FROM nation
aggregation,Q024,535,,,,3,ERROR,2013 (HY000): Lost connection to MySQL server during query,SELECT AVG(p_size) AS avg_part_size FROM part
aggregation,Q025,536,,,,3,ERROR,2013 (HY000): Lost connection to MySQL server during query,SELECT COUNT(*) AS total_lineitems FROM lineitem
aggregation,Q026,537,,,,3,ERROR,2013 (HY000): Lost connection to MySQL server during query,SELECT SUM(o_totalprice) AS urgent_order_total FROM orders WHERE o_orderpriority = '1-URGENT'
aggregation,Q027,538,,,,3,ERROR,2013 (HY000): Lost connection to MySQL server during query,SELECT COUNT(*) AS large_parts FROM part WHERE p_size > 20
aggregation,Q028,539,,,,3,ERROR,2013 (HY000): Lost connection to MySQL server during query,SELECT AVG(s_acctbal) AS avg_supplier_balance FROM supplier
aggregation,Q029,540,,,,3,ERROR,2013 (HY000): Lost connection to MySQL server during query,"SELECT MIN(l_quantity) AS min_qty, MAX(l_quantity) AS max_qty FROM lineitem"
aggregation,Q030,541,,,,3,ERROR,2013 (HY000): Lost connection to MySQL server during query,SELECT COUNT(*) AS total_regions FROM region
aggregation,Q031,542,,,,3,ERROR,2013 (HY000): Lost connection to MySQL server during query,"SELECT o_custkey, COUNT(*) AS order_count FROM orders GROUP BY o_custkey ORDER BY order_count DESC"
aggregation,Q032,543,,,,3,ERROR,2013 (HY000): Lost connection to MySQL server during query,"SELECT l_orderkey, SUM(l_extendedprice * (1 - l_discount)) AS order_revenue FROM lineitem GROUP BY l_orderkey ORDER BY o"
aggregation,Q033,544,,,,3,ERROR,2013 (HY000): Lost connection to MySQL server during query,"SELECT c_nationkey, AVG(c_acctbal) AS avg_balance FROM customer GROUP BY c_nationkey ORDER BY avg_balance DESC"
aggregation,Q034,545,,,,3,ERROR,2013 (HY000): Lost connection to MySQL server during query,"SELECT p_mfgr, COUNT(*) AS part_count FROM part GROUP BY p_mfgr ORDER BY part_count DESC"
aggregation,Q035,546,,,,3,ERROR,2013 (HY000): Lost connection to MySQL server during query,"SELECT ps_suppkey, SUM(ps_availqty) AS total_qty FROM partsupp GROUP BY ps_suppkey ORDER BY total_qty DESC"
aggregation,Q036,547,,,,3,ERROR,2013 (HY000): Lost connection to MySQL server during query,"SELECT ps_partkey, AVG(ps_supplycost) AS avg_cost FROM partsupp GROUP BY ps_partkey ORDER BY avg_cost"
aggregation,Q037,548,,,,3,ERROR,2013 (HY000): Lost connection to MySQL server during query,"SELECT o_orderpriority, COUNT(*) AS order_count FROM orders GROUP BY o_orderpriority ORDER BY order_count DESC"
aggregation,Q038,549,,,,3,ERROR,2013 (HY000): Lost connection to MySQL server during query,"SELECT l_shipmode, SUM(l_quantity) AS total_quantity FROM lineitem GROUP BY l_shipmode ORDER BY total_quantity DESC"
aggregation,Q039,550,,,,3,ERROR,2013 (HY000): Lost connection to MySQL server during query,"SELECT l_shipmode, AVG(l_discount) AS avg_discount FROM lineitem GROUP BY l_shipmode ORDER BY avg_discount DESC"
aggregation,Q040,551,,,,3,ERROR,2013 (HY000): Lost connection to MySQL server during query,"SELECT l_returnflag, SUM(l_extendedprice * (1 - l_discount)) AS revenue FROM lineitem GROUP BY l_returnflag"
aggregation,Q041,552,,,,3,ERROR,2013 (HY000): Lost connection to MySQL server during query,"SELECT s_nationkey, COUNT(*) AS supplier_count FROM supplier GROUP BY s_nationkey ORDER BY supplier_count DESC"
aggregation,Q042,553,,,,3,ERROR,2013 (HY000): Lost connection to MySQL server during query,"SELECT p_type, AVG(p_retailprice) AS avg_price FROM part GROUP BY p_type ORDER BY avg_price DESC"
aggregation,Q043,554,,,,3,ERROR,2013 (HY000): Lost connection to MySQL server during query,"SELECT YEAR(o_orderdate) AS order_year, SUM(o_totalprice) AS total_value FROM orders GROUP BY YEAR(o_orderdate) ORDER BY"
aggregation,Q044,555,,,,3,ERROR,2013 (HY000): Lost connection to MySQL server during query,"SELECT l_linestatus, COUNT(*) AS lineitem_count FROM lineitem GROUP BY l_linestatus"
aggregation,Q045,556,,,,3,ERROR,2013 (HY000): Lost connection to MySQL server during query,"SELECT YEAR(o_orderdate) AS order_year, AVG(o_totalprice) AS avg_order_value FROM orders GROUP BY YEAR(o_orderdate) ORDE"
aggregation,Q046,557,,,,3,ERROR,2013 (HY000): Lost connection to MySQL server during query,"SELECT ps_partkey, MIN(ps_supplycost) AS min_cost, MAX(ps_supplycost) AS max_cost FROM partsupp GROUP BY ps_partkey"
aggregation,Q047,558,,,,3,ERROR,2013 (HY000): Lost connection to MySQL server during query,"SELECT l_partkey, SUM(l_extendedprice) AS total_price FROM lineitem GROUP BY l_partkey ORDER BY total_price DESC"
aggregation,Q048,559,,,,3,ERROR,2013 (HY000): Lost connection to MySQL server during query,"SELECT c_mktsegment, COUNT(*) AS customer_count FROM customer GROUP BY c_mktsegment ORDER BY customer_count DESC"
aggregation,Q049,560,,,,3,ERROR,2013 (HY000): Lost connection to MySQL server during query,"SELECT c_mktsegment, AVG(c_acctbal) AS avg_balance FROM customer GROUP BY c_mktsegment ORDER BY avg_balance DESC"
aggregation,Q050,561,,,,3,ERROR,2013 (HY000): Lost connection to MySQL server during query,"SELECT l_suppkey, SUM(l_extendedprice * (1 - l_discount)) AS supplier_revenue FROM lineitem GROUP BY l_suppkey ORDER BY "
aggregation,Q051,562,,,,3,ERROR,2013 (HY000): Lost connection to MySQL server during query,"SELECT p_brand, COUNT(*) AS part_count FROM part GROUP BY p_brand ORDER BY part_count DESC"
aggregation,Q052,563,,,,3,ERROR,2013 (HY000): Lost connection to MySQL server during query,"SELECT p_brand, AVG(p_size) AS avg_size FROM part GROUP BY p_brand ORDER BY avg_size DESC"
aggregation,Q053,564,,,,3,ERROR,2013 (HY000): Lost connection to MySQL server during query,"SELECT DATE_FORMAT(o_orderdate, '%Y-%m') AS order_month, COUNT(*) AS order_count FROM orders GROUP BY DATE_FORMAT(o_orde"
aggregation,Q054,565,,,,3,ERROR,2013 (HY000): Lost connection to MySQL server during query,"SELECT l_orderkey, SUM(l_extendedprice * l_tax) AS total_tax FROM lineitem GROUP BY l_orderkey ORDER BY total_tax DESC"
aggregation,Q055,566,,,,3,ERROR,2013 (HY000): Lost connection to MySQL server during query,"SELECT l_suppkey, AVG(l_quantity) AS avg_quantity FROM lineitem GROUP BY l_suppkey ORDER BY avg_quantity DESC"
aggregation,Q056,567,,,,3,ERROR,2013 (HY000): Lost connection to MySQL server during query,"SELECT p_container, COUNT(*) AS part_count FROM part GROUP BY p_container ORDER BY part_count DESC"
aggregation,Q057,568,,,,3,ERROR,2013 (HY000): Lost connection to MySQL server during query,"SELECT o_orderpriority, SUM(o_totalprice) AS total_revenue FROM orders GROUP BY o_orderpriority ORDER BY total_revenue D"
aggregation,Q058,569,,,,3,ERROR,2013 (HY000): Lost connection to MySQL server during query,"SELECT l_suppkey, COUNT(*) AS lineitem_count FROM lineitem GROUP BY l_suppkey ORDER BY lineitem_count DESC"
aggregation,Q059,570,,,,3,ERROR,2013 (HY000): Lost connection to MySQL server during query,"SELECT o_custkey, MIN(o_orderdate) AS first_order_date FROM orders GROUP BY o_custkey"
aggregation,Q060,571,,,,3,ERROR,2013 (HY000): Lost connection to MySQL server during query,"SELECT o_custkey, MAX(o_orderdate) AS last_order_date FROM orders GROUP BY o_custkey"
aggregation,Q061,572,,,,3,ERROR,2013 (HY000): Lost connection to MySQL server during query,"SELECT c_nationkey, YEAR(o_orderdate) AS order_year, SUM(o_totalprice) AS total_revenue FROM orders JOIN customer ON o_c"
aggregation,Q062,573,,,,3,ERROR,2013 (HY000): Lost connection to MySQL server during query,"SELECT o_custkey, o_orderpriority, COUNT(*) AS order_count FROM orders GROUP BY o_custkey, o_orderpriority ORDER BY o_cu"
aggregation,Q063,574,,,,3,ERROR,2013 (HY000): Lost connection to MySQL server during query,"SELECT l_shipmode, l_returnflag, SUM(l_extendedprice * (1 - l_discount)) AS revenue FROM lineitem GROUP BY l_shipmode, l"
aggregation,Q064,575,,,,3,ERROR,2013 (HY000): Lost connection to MySQL server during query,"SELECT ps_suppkey, ps_partkey, AVG(ps_supplycost) AS avg_cost FROM partsupp GROUP BY ps_suppkey, ps_partkey ORDER BY avg"
aggregation,Q065,576,,,,3,ERROR,2013 (HY000): Lost connection to MySQL server during query,"SELECT p_brand, p_container, COUNT(*) AS part_count FROM part GROUP BY p_brand, p_container ORDER BY p_brand, p_containe"
aggregation,Q066,577,,,,3,ERROR,2013 (HY000): Lost connection to MySQL server during query,"SELECT p_type, p_brand, SUM(l_extendedprice * (1 - l_discount)) AS revenue FROM lineitem JOIN part ON l_partkey = p_part"
aggregation,Q067,578,,,,3,ERROR,2013 (HY000): Lost connection to MySQL server during query,"SELECT c_mktsegment, YEAR(o_orderdate) AS order_year, COUNT(*) AS order_count FROM orders JOIN customer ON o_custkey = c"
aggregation,Q068,579,,,,3,ERROR,2013 (HY000): Lost connection to MySQL server during query,"SELECT l_shipmode, l_linestatus, AVG(l_discount) AS avg_discount FROM lineitem GROUP BY l_shipmode, l_linestatus ORDER B"
aggregation,Q069,580,,,,3,ERROR,2013 (HY000): Lost connection to MySQL server during query,"SELECT n_name, c_mktsegment, SUM(o_totalprice) AS total_revenue FROM orders JOIN customer ON o_custkey = c_custkey JOIN "
aggregation,Q070,581,,,,3,ERROR,2013 (HY000): Lost connection to MySQL server during query,"SELECT l_suppkey, l_shipmode, SUM(l_quantity) AS total_qty FROM lineitem GROUP BY l_suppkey, l_shipmode ORDER BY l_suppk"
aggregation,Q071,582,,,,3,ERROR,2013 (HY000): Lost connection to MySQL server during query,"SELECT YEAR(o_orderdate) AS order_year, o_orderpriority, COUNT(*) AS order_count FROM orders GROUP BY YEAR(o_orderdate),"
aggregation,Q072,583,,,,3,ERROR,2013 (HY000): Lost connection to MySQL server during query,"SELECT c_nationkey, c_mktsegment, AVG(c_acctbal) AS avg_balance FROM customer GROUP BY c_nationkey, c_mktsegment ORDER B"
aggregation,Q073,584,,,,3,ERROR,2013 (HY000): Lost connection to MySQL server during query,"SELECT r_name, YEAR(o_orderdate) AS order_year, SUM(o_totalprice) AS total_revenue FROM orders JOIN customer ON o_custke"
aggregation,Q074,585,,,,3,ERROR,2013 (HY000): Lost connection to MySQL server during query,"SELECT p_mfgr, p_brand, COUNT(*) AS part_count FROM part GROUP BY p_mfgr, p_brand ORDER BY p_mfgr, p_brand"
aggregation,Q075,586,,,,3,ERROR,2013 (HY000): Lost connection to MySQL server during query,"SELECT YEAR(o_orderdate) AS order_year, l_shipmode, AVG(o_totalprice) AS avg_order_value FROM orders JOIN lineitem ON o_"
aggregation,Q076,587,,,,3,ERROR,2013 (HY000): Lost connection to MySQL server during query,"SELECT n_name, p_type, SUM(ps_supplycost * ps_availqty) AS total_supply_cost FROM partsupp JOIN supplier ON ps_suppkey ="
aggregation,Q077,588,,,,3,ERROR,2013 (HY000): Lost connection to MySQL server during query,"SELECT c_mktsegment, l_returnflag, SUM(l_extendedprice * (1 - l_discount)) AS revenue FROM lineitem JOIN orders ON l_ord"
aggregation,Q078,589,,,,3,ERROR,2013 (HY000): Lost connection to MySQL server during query,"SELECT p_brand, l_shipmode, AVG(l_extendedprice) AS avg_price FROM lineitem JOIN part ON l_partkey = p_partkey GROUP BY "
aggregation,Q079,590,,,,3,ERROR,2013 (HY000): Lost connection to MySQL server during query,"SELECT o_clerk, YEAR(o_orderdate) AS order_year, COUNT(*) AS order_count FROM orders GROUP BY o_clerk, YEAR(o_orderdate)"
aggregation,Q080,591,,,,3,ERROR,2013 (HY000): Lost connection to MySQL server during query,"SELECT l_partkey, l_returnflag, AVG(l_quantity) AS avg_qty FROM lineitem GROUP BY l_partkey, l_returnflag ORDER BY l_par"
aggregation,Q081,592,,,,3,ERROR,2013 (HY000): Lost connection to MySQL server during query,"SELECT r_name, p_brand, AVG(ps_supplycost) AS avg_supply_cost FROM partsupp JOIN part ON ps_partkey = p_partkey JOIN sup"
aggregation,Q082,593,,,,3,ERROR,2013 (HY000): Lost connection to MySQL server during query,"SELECT DATE_FORMAT(l_shipdate, '%Y-%m') AS ship_month, l_returnflag, SUM(l_extendedprice * (1 - l_discount)) AS revenue "
aggregation,Q083,594,,,,3,ERROR,2013 (HY000): Lost connection to MySQL server during query,"SELECT p_size, p_container, COUNT(*) AS part_count FROM part GROUP BY p_size, p_container ORDER BY p_size, p_container"
aggregation,Q084,595,,,,3,ERROR,2013 (HY000): Lost connection to MySQL server during query,"SELECT n1.n_name AS supplier_nation, n2.n_name AS customer_nation, SUM(l_extendedprice * (1 - l_discount)) AS revenue FR"
aggregation,Q085,596,,,,3,ERROR,2013 (HY000): Lost connection to MySQL server during query,"SELECT p_type, p_size, AVG(p_retailprice) AS avg_price FROM part GROUP BY p_type, p_size ORDER BY p_type, p_size"
aggregation,Q086,597,,,,3,ERROR,2013 (HY000): Lost connection to MySQL server during query,"SELECT c_mktsegment, o_orderpriority, COUNT(*) AS order_count FROM orders JOIN customer ON o_custkey = c_custkey GROUP B"
aggregation,Q087,598,,,,3,ERROR,2013 (HY000): Lost connection to MySQL server during query,"SELECT r_name, c_mktsegment, SUM(l_extendedprice * (1 - l_discount)) AS revenue FROM lineitem JOIN orders ON l_orderkey "
aggregation,Q088,599,,,,3,ERROR,2013 (HY000): Lost connection to MySQL server during query,"SELECT r_name, c_mktsegment, AVG(c_acctbal) AS avg_balance FROM customer JOIN nation ON c_nationkey = n_nationkey JOIN r"
aggregation,Q089,600,,,,3,ERROR,2013 (HY000): Lost connection to MySQL server during query,"SELECT YEAR(l_shipdate) AS ship_year, l_shipmode, SUM(l_extendedprice * l_discount) AS total_discount FROM lineitem GROU"
aggregation,Q090,601,,,,3,ERROR,2013 (HY000): Lost connection to MySQL server during query,"SELECT YEAR(l_shipdate) AS ship_year, l_returnflag, COUNT(*) AS item_count FROM lineitem GROUP BY YEAR(l_shipdate), l_re"
aggregation,Q091,602,,,,3,ERROR,2013 (HY000): Lost connection to MySQL server during query,"SELECT o_custkey, COUNT(*) AS order_count FROM orders GROUP BY o_custkey HAVING COUNT(*) > 10 ORDER BY order_count DESC"
aggregation,Q092,603,,,,3,ERROR,2013 (HY000): Lost connection to MySQL server during query,"SELECT ps_suppkey, SUM(ps_availqty) AS total_qty FROM partsupp GROUP BY ps_suppkey HAVING SUM(ps_availqty) > 50000 ORDER"
aggregation,Q093,604,,,,3,ERROR,2013 (HY000): Lost connection to MySQL server during query,"SELECT ps_partkey, AVG(ps_supplycost) AS avg_cost FROM partsupp GROUP BY ps_partkey HAVING AVG(ps_supplycost) > 500 ORDE"
aggregation,Q094,605,,,,3,ERROR,2013 (HY000): Lost connection to MySQL server during query,"SELECT l_shipmode, AVG(l_discount) AS avg_discount FROM lineitem GROUP BY l_shipmode HAVING AVG(l_discount) > 0.05 ORDER"
aggregation,Q095,606,,,,3,ERROR,2013 (HY000): Lost connection to MySQL server during query,"SELECT c_nationkey, COUNT(*) AS customer_count FROM customer GROUP BY c_nationkey HAVING COUNT(*) > 1000 ORDER BY custom"
aggregation,Q096,607,,,,3,ERROR,2013 (HY000): Lost connection to MySQL server during query,"SELECT l_orderkey, SUM(l_extendedprice * (1 - l_discount)) AS order_revenue FROM lineitem GROUP BY l_orderkey HAVING SUM"
aggregation,Q097,608,,,,3,ERROR,2013 (HY000): Lost connection to MySQL server during query,"SELECT p_mfgr, COUNT(*) AS part_count FROM part GROUP BY p_mfgr HAVING COUNT(*) > 200 ORDER BY part_count DESC"
aggregation,Q098,609,,,,3,ERROR,2013 (HY000): Lost connection to MySQL server during query,"SELECT o_custkey, AVG(o_totalprice) AS avg_order_value FROM orders GROUP BY o_custkey HAVING AVG(o_totalprice) > 100000 "
aggregation,Q099,610,,,,3,ERROR,2013 (HY000): Lost connection to MySQL server during query,"SELECT ps_suppkey, AVG(ps_supplycost) AS avg_cost FROM partsupp GROUP BY ps_suppkey HAVING AVG(ps_supplycost) > (SELECT "
aggregation,Q100,611,,,,3,ERROR,2013 (HY000): Lost connection to MySQL server during query,"SELECT ps_partkey, ps_suppkey, ps_availqty FROM partsupp WHERE ps_availqty < 100 ORDER BY ps_availqty"
aggregation,Q101,612,,,,3,ERROR,2013 (HY000): Lost connection to MySQL server during query,"SELECT c_nationkey, AVG(c_acctbal) AS avg_balance FROM customer GROUP BY c_nationkey HAVING AVG(c_acctbal) > 4000 ORDER "
aggregation,Q102,613,,,,3,ERROR,2013 (HY000): Lost connection to MySQL server during query,"SELECT l_shipmode, SUM(l_quantity) AS total_qty FROM lineitem GROUP BY l_shipmode HAVING SUM(l_quantity) > 5000000 ORDER"
aggregation,Q103,614,,,,3,ERROR,2013 (HY000): Lost connection to MySQL server during query,"SELECT p_brand, COUNT(DISTINCT p_partkey) AS distinct_parts FROM part GROUP BY p_brand HAVING COUNT(DISTINCT p_partkey) "
aggregation,Q104,615,,,,3,ERROR,2013 (HY000): Lost connection to MySQL server during query,"SELECT o_clerk, COUNT(*) AS order_count FROM orders GROUP BY o_clerk HAVING COUNT(*) > 500 ORDER BY order_count DESC"
aggregation,Q105,616,,,,3,ERROR,2013 (HY000): Lost connection to MySQL server during query,"SELECT p_type, MAX(p_retailprice) AS max_price FROM part GROUP BY p_type HAVING MAX(p_retailprice) > 2000 ORDER BY max_p"
aggregation,Q106,617,,,,3,ERROR,2013 (HY000): Lost connection to MySQL server during query,"SELECT l_suppkey, SUM(l_extendedprice * (1 - l_discount)) AS revenue FROM lineitem GROUP BY l_suppkey HAVING SUM(l_exten"
aggregation,Q107,618,,,,3,ERROR,2013 (HY000): Lost connection to MySQL server during query,"SELECT YEAR(o_orderdate) AS order_year, SUM(o_totalprice) AS total_value FROM orders GROUP BY YEAR(o_orderdate) HAVING S"
aggregation,Q108,619,,,,3,ERROR,2013 (HY000): Lost connection to MySQL server during query,"SELECT s_nationkey, COUNT(*) AS supplier_count FROM supplier GROUP BY s_nationkey HAVING COUNT(*) > 50 ORDER BY supplier"
aggregation,Q109,620,,,,3,ERROR,2013 (HY000): Lost connection to MySQL server during query,"SELECT c_mktsegment, AVG(c_acctbal) AS avg_balance FROM customer GROUP BY c_mktsegment HAVING AVG(c_acctbal) > (SELECT A"
aggregation,Q110,621,,,,3,ERROR,2013 (HY000): Lost connection to MySQL server during query,"SELECT l_partkey, COUNT(*) AS order_times FROM lineitem GROUP BY l_partkey HAVING COUNT(*) > 1000 ORDER BY order_times D"
aggregation,Q111,622,,,,3,ERROR,2013 (HY000): Lost connection to MySQL server during query,"SELECT ps_suppkey, COUNT(DISTINCT ps_partkey) AS distinct_parts FROM partsupp GROUP BY ps_suppkey HAVING COUNT(DISTINCT "
aggregation,Q112,623,,,,3,ERROR,2013 (HY000): Lost connection to MySQL server during query,"SELECT o_orderpriority, AVG(o_totalprice) AS avg_total FROM orders GROUP BY o_orderpriority HAVING AVG(o_totalprice) > 1"
aggregation,Q113,624,,,,3,ERROR,2013 (HY000): Lost connection to MySQL server during query,"SELECT o_custkey, COUNT(DISTINCT YEAR(o_orderdate)) AS active_years FROM orders GROUP BY o_custkey HAVING COUNT(DISTINCT"
aggregation,Q114,625,,,,3,ERROR,2013 (HY000): Lost connection to MySQL server during query,"SELECT p_container, AVG(p_size) AS avg_size FROM part GROUP BY p_container HAVING AVG(p_size) > 30 ORDER BY avg_size DES"
aggregation,Q115,626,,,,3,ERROR,2013 (HY000): Lost connection to MySQL server during query,"SELECT l_returnflag, SUM(l_extendedprice * l_discount) AS total_discount FROM lineitem GROUP BY l_returnflag HAVING SUM("
aggregation,Q116,627,,,,3,ERROR,2013 (HY000): Lost connection to MySQL server during query,"SELECT ps_suppkey, MIN(ps_supplycost) AS min_cost FROM partsupp GROUP BY ps_suppkey HAVING MIN(ps_supplycost) < 10 ORDER"
aggregation,Q117,628,,,,3,ERROR,2013 (HY000): Lost connection to MySQL server during query,"SELECT c_nationkey, COUNT(*) AS customer_count, COUNT(DISTINCT o_orderkey) AS total_orders FROM customer JOIN orders ON "
aggregation,Q118,629,,,,3,ERROR,2013 (HY000): Lost connection to MySQL server during query,"SELECT p_brand, AVG(p_retailprice) AS avg_retail_price FROM part GROUP BY p_brand HAVING AVG(p_retailprice) BETWEEN 1000"
aggregation,Q119,630,,,,3,ERROR,2013 (HY000): Lost connection to MySQL server during query,"SELECT l_shipmode, COUNT(*) AS returned_count FROM lineitem WHERE l_returnflag = 'R' GROUP BY l_shipmode HAVING COUNT(*)"
aggregation,Q120,631,,,,3,ERROR,2013 (HY000): Lost connection to MySQL server during query,"SELECT r_regionkey, COUNT(*) AS nation_count FROM nation GROUP BY r_regionkey HAVING COUNT(*) > 5 ORDER BY nation_count "
aggregation,Q121,632,,,,3,ERROR,2013 (HY000): Lost connection to MySQL server during query,"SELECT o_custkey, COUNT(*) AS order_count FROM orders GROUP BY o_custkey HAVING COUNT(*) > ( SELECT AVG(cnt) FROM ( SELE"
aggregation,Q122,633,,,,3,ERROR,2013 (HY000): Lost connection to MySQL server during query,"SELECT p_partkey, p_type, p_retailprice FROM part p WHERE p_retailprice > ( SELECT AVG(p2.p_retailprice) FROM part p2 WH"
aggregation,Q123,634,,,,3,ERROR,2013 (HY000): Lost connection to MySQL server during query,"SELECT ps_suppkey, ps_partkey, ps_supplycost FROM partsupp ps WHERE ps_supplycost < ( SELECT AVG(ps2.ps_supplycost) FROM"
aggregation,Q124,635,,,,3,ERROR,2013 (HY000): Lost connection to MySQL server during query,"SELECT o_custkey, SUM(o_totalprice) AS total_value FROM orders GROUP BY o_custkey ORDER BY total_value DESC LIMIT 10"
aggregation,Q125,636,,,,3,ERROR,2013 (HY000): Lost connection to MySQL server during query,"SELECT n_name, SUM(l_extendedprice * (1 - l_discount)) AS nation_revenue, SUM(l_extendedprice * (1 - l_discount)) / (SEL"
aggregation,Q126,637,,,,3,ERROR,2013 (HY000): Lost connection to MySQL server during query,"SELECT p_partkey, p_name FROM part WHERE p_partkey NOT IN ( SELECT DISTINCT l_partkey FROM lineitem )"
aggregation,Q127,638,,,,3,ERROR,2013 (HY000): Lost connection to MySQL server during query,"SELECT c_custkey, c_name FROM customer WHERE c_custkey NOT IN ( SELECT DISTINCT o_custkey FROM orders )"
aggregation,Q128,639,,,,3,ERROR,2013 (HY000): Lost connection to MySQL server during query,"SELECT c_mktsegment, AVG(order_count) AS avg_orders_per_customer FROM ( SELECT c_mktsegment, o_custkey, COUNT(*) AS orde"
aggregation,Q129,640,,,,3,ERROR,2013 (HY000): Lost connection to MySQL server during query,"SELECT n_name, SUM(l_extendedprice * (1 - l_discount)) AS total_revenue, RANK() OVER (ORDER BY SUM(l_extendedprice * (1 "
aggregation,Q130,641,,,,3,ERROR,2013 (HY000): Lost connection to MySQL server during query,"SELECT n_name, s_name, MAX(ps_supplycost) AS max_supply_cost FROM partsupp JOIN supplier ON ps_suppkey = s_suppkey JOIN "
aggregation,Q131,642,,,,3,ERROR,2013 (HY000): Lost connection to MySQL server during query,"SELECT order_year, total_revenue, LAG(total_revenue) OVER (ORDER BY order_year) AS prev_year_revenue, total_revenue - LA"
aggregation,Q132,643,,,,3,ERROR,2013 (HY000): Lost connection to MySQL server during query,"SELECT p_brand, p_name, revenue FROM ( SELECT p_brand, p_name, SUM(l_extendedprice * (1 - l_discount)) AS revenue, RANK("
aggregation,Q133,644,,,,3,ERROR,2013 (HY000): Lost connection to MySQL server during query,"SELECT order_year, o_orderpriority, order_count, order_count / SUM(order_count) OVER (PARTITION BY order_year) * 100 AS "
aggregation,Q134,645,,,,3,ERROR,2013 (HY000): Lost connection to MySQL server during query,"SELECT order_year, AVG(lineitem_count) AS avg_lineitems_per_order FROM ( SELECT YEAR(o_orderdate) AS order_year, l_order"
aggregation,Q135,646,,,,3,ERROR,2013 (HY000): Lost connection to MySQL server during query,"SELECT n_name FROM ( SELECT n_name, SUM(l_extendedprice * (1 - l_discount)) AS nation_supply_revenue FROM lineitem JOIN "
aggregation,Q136,647,,,,3,ERROR,2013 (HY000): Lost connection to MySQL server during query,"SELECT ps_partkey, ps_suppkey, ps_availqty FROM partsupp ps WHERE ps_availqty = ( SELECT MAX(ps2.ps_availqty) FROM parts"
aggregation,Q137,648,,,,3,ERROR,2013 (HY000): Lost connection to MySQL server during query,"SELECT c_custkey, c_name, c_acctbal, total_spend FROM customer JOIN ( SELECT o_custkey, SUM(o_totalprice) AS total_spend"
aggregation,Q138,649,,,,3,ERROR,2013 (HY000): Lost connection to MySQL server during query,"SELECT ship_year, l_shipmode, mode_revenue, mode_revenue / SUM(mode_revenue) OVER (PARTITION BY ship_year) * 100 AS reve"
aggregation,Q139,650,,,,3,ERROR,2013 (HY000): Lost connection to MySQL server during query,"SELECT p_partkey, p_type, p_retailprice, ABS(p_retailprice - avg_type_price) AS price_deviation FROM part JOIN ( SELECT "
aggregation,Q140,651,,,,3,ERROR,2013 (HY000): Lost connection to MySQL server during query,"SELECT o_orderdate, SUM(o_totalprice) AS daily_revenue, SUM(SUM(o_totalprice)) OVER (ORDER BY o_orderdate) AS cumulative"
aggregation,Q141,652,,,,3,ERROR,2013 (HY000): Lost connection to MySQL server during query,"SELECT n_name, supplier_count FROM ( SELECT n_name, COUNT(*) AS supplier_count FROM supplier JOIN nation ON s_nationkey "
aggregation,Q142,653,,,,3,ERROR,2013 (HY000): Lost connection to MySQL server during query,"SELECT c_mktsegment, SUM(l_extendedprice * l_discount) AS total_discount_savings FROM lineitem JOIN orders ON l_orderkey"
aggregation,Q143,654,,,,3,ERROR,2013 (HY000): Lost connection to MySQL server during query,"SELECT o_orderpriority, AVG(item_count) AS avg_lineitems FROM ( SELECT o_orderkey, o_orderpriority, COUNT(*) AS item_cou"
aggregation,Q144,655,,,,3,ERROR,2013 (HY000): Lost connection to MySQL server during query,"SELECT CASE WHEN p_size > 30 THEN 'Large' ELSE 'Small' END AS size_group, SUM(l_extendedprice * (1 - l_discount)) AS rev"
aggregation,Q145,656,,,,3,ERROR,2013 (HY000): Lost connection to MySQL server during query,"SELECT YEAR(o_orderdate) AS order_year, AVG(DATEDIFF(l_shipdate, o_orderdate)) AS avg_ship_lag_days FROM orders JOIN lin"
aggregation,Q146,657,,,,3,ERROR,2013 (HY000): Lost connection to MySQL server during query,"SELECT o_custkey, SUM(o_totalprice) AS total_spend, RANK() OVER (ORDER BY SUM(o_totalprice) DESC) AS spend_rank FROM ord"
aggregation,Q147,658,,,,3,ERROR,2013 (HY000): Lost connection to MySQL server during query,"SELECT n_name, COUNT(*) AS supplier_count, DENSE_RANK() OVER (ORDER BY COUNT(*) DESC) AS nation_rank FROM supplier JOIN "
aggregation,Q148,659,,,,3,ERROR,2013 (HY000): Lost connection to MySQL server during query,"SELECT YEAR(o_orderdate) AS order_year, COUNT(*) AS yearly_orders, SUM(COUNT(*)) OVER (ORDER BY YEAR(o_orderdate)) AS ru"
aggregation,Q149,660,,,,3,ERROR,2013 (HY000): Lost connection to MySQL server during query,"SELECT n_name, nation_revenue, PERCENT_RANK() OVER (ORDER BY nation_revenue) AS revenue_percentile FROM ( SELECT n_name,"
aggregation,Q150,661,,,,3,ERROR,2013 (HY000): Lost connection to MySQL server during query,"SELECT o_orderdate, daily_total, AVG(daily_total) OVER (ORDER BY o_orderdate ROWS BETWEEN 6 PRECEDING AND CURRENT ROW) A"
aggregation,Q151,662,,,,3,ERROR,2013 (HY000): Lost connection to MySQL server during query,"SELECT o_custkey, MIN(o_orderdate) AS first_order, MAX(o_orderdate) AS last_order, DATEDIFF(MAX(o_orderdate), MIN(o_orde"
aggregation,Q152,663,,,,3,ERROR,2013 (HY000): Lost connection to MySQL server during query,"SELECT l_orderkey, l_linenumber, l_extendedprice, ROW_NUMBER() OVER (PARTITION BY l_orderkey ORDER BY l_extendedprice DE"
aggregation,Q153,664,,,,3,ERROR,2013 (HY000): Lost connection to MySQL server during query,"SELECT l_shipmode, ship_year, yearly_qty, SUM(yearly_qty) OVER (PARTITION BY l_shipmode ORDER BY ship_year) AS cumulativ"
aggregation,Q154,665,,,,3,ERROR,2013 (HY000): Lost connection to MySQL server during query,"SELECT o_custkey, total_spend, NTILE(4) OVER (ORDER BY total_spend) AS spend_quartile FROM ( SELECT o_custkey, SUM(o_tot"
aggregation,Q155,666,,,,3,ERROR,2013 (HY000): Lost connection to MySQL server during query,"SELECT n_name, order_year, nation_revenue, LAG(nation_revenue) OVER (PARTITION BY n_name ORDER BY order_year) AS prev_ye"
aggregation,Q156,667,,,,3,ERROR,2013 (HY000): Lost connection to MySQL server during query,"SELECT ship_year, l_shipmode, mode_revenue, MAX(mode_revenue) OVER (PARTITION BY ship_year) AS max_mode_revenue FROM ( S"
aggregation,Q157,668,,,,3,ERROR,2013 (HY000): Lost connection to MySQL server during query,"SELECT p_brand, p_partkey, part_revenue, RANK() OVER (PARTITION BY p_brand ORDER BY part_revenue DESC) AS brand_rank FRO"
aggregation,Q158,669,,,,3,ERROR,2013 (HY000): Lost connection to MySQL server during query,"SELECT ps_partkey, ps_suppkey, ps_availqty, RANK() OVER (PARTITION BY ps_partkey ORDER BY ps_availqty DESC) AS avail_ran"
aggregation,Q159,670,,,,3,ERROR,2013 (HY000): Lost connection to MySQL server during query,"SELECT o_custkey, c_mktsegment, customer_spend, AVG(customer_spend) OVER (PARTITION BY c_mktsegment) AS segment_avg_spen"
aggregation,Q160,671,,,,3,ERROR,2013 (HY000): Lost connection to MySQL server during query,"SELECT r_name, order_year, yearly_revenue, SUM(yearly_revenue) OVER (PARTITION BY r_name ORDER BY order_year) AS cumulat"
aggregation,Q161,672,,,,3,ERROR,2013 (HY000): Lost connection to MySQL server during query,"SELECT DISTINCT o_custkey, FIRST_VALUE(o_orderkey) OVER ( PARTITION BY o_custkey ORDER BY o_totalprice DESC ) AS highest"
aggregation,Q162,673,,,,3,ERROR,2013 (HY000): Lost connection to MySQL server during query,"SELECT n_name, s_name, total_supply_value, RANK() OVER (PARTITION BY n_name ORDER BY total_supply_value DESC) AS nation_"
aggregation,Q163,674,,,,3,ERROR,2013 (HY000): Lost connection to MySQL server during query,"SELECT o_custkey, o_orderdate, o_totalprice, MIN(o_totalprice) OVER (PARTITION BY o_custkey ORDER BY o_orderdate) AS run"
aggregation,Q164,675,,,,3,ERROR,2013 (HY000): Lost connection to MySQL server during query,"SELECT p_type, ps_partkey, ps_supplycost, AVG(ps_supplycost) OVER (PARTITION BY p_type) AS type_avg_cost, ps_supplycost "
aggregation,Q165,676,,,,3,ERROR,2013 (HY000): Lost connection to MySQL server during query,"SELECT n_name, order_year, nation_revenue, LEAD(nation_revenue) OVER (PARTITION BY n_name ORDER BY order_year) AS next_y"
aggregation,Q166,677,,,,3,ERROR,2013 (HY000): Lost connection to MySQL server during query,"SELECT l_shipmode, SUM(CASE WHEN l_returnflag = 'R' THEN l_extendedprice * (1 - l_discount) ELSE 0 END) AS returned_reve"
aggregation,Q167,678,,,,3,ERROR,2013 (HY000): Lost connection to MySQL server during query,"SELECT o_custkey, COUNT(CASE WHEN o_totalprice > 200000 THEN 1 END) AS high_value_orders, COUNT(CASE WHEN o_totalprice <"
aggregation,Q168,679,,,,3,ERROR,2013 (HY000): Lost connection to MySQL server during query,"SELECT CASE WHEN o_orderpriority = '1-URGENT' THEN 'Urgent' ELSE 'Non-Urgent' END AS priority_group, SUM(o_totalprice) A"
aggregation,Q169,680,,,,3,ERROR,2013 (HY000): Lost connection to MySQL server during query,SELECT CASE WHEN l_discount < 0.02 THEN 'Low (< 2%)' WHEN l_discount < 0.05 THEN 'Medium (2-5%)' WHEN l_discount < 0.08 
aggregation,Q170,681,,,,3,ERROR,2013 (HY000): Lost connection to MySQL server during query,SELECT CASE WHEN s_acctbal < 0 THEN 'Negative' WHEN s_acctbal < 2500 THEN 'Low' WHEN s_acctbal < 5000 THEN 'Medium' ELSE
aggregation,Q171,682,,,,3,ERROR,2013 (HY000): Lost connection to MySQL server during query,"SELECT YEAR(o_orderdate) AS order_year, QUARTER(o_orderdate) AS order_quarter, COUNT(*) AS order_count, SUM(o_totalprice"
aggregation,Q172,683,,,,3,ERROR,2013 (HY000): Lost connection to MySQL server during query,"SELECT CASE WHEN p_size > 25 THEN 'Large' ELSE 'Small' END AS part_size_group, COUNT(DISTINCT l_partkey) AS distinct_par"
aggregation,Q173,684,,,,3,ERROR,2013 (HY000): Lost connection to MySQL server during query,"SELECT CASE WHEN DAYOFWEEK(o_orderdate) IN (1, 7) THEN 'Weekend' ELSE 'Weekday' END AS day_type, COUNT(*) AS order_count"
aggregation,Q174,685,,,,3,ERROR,2013 (HY000): Lost connection to MySQL server during query,"SELECT CASE WHEN c_acctbal >= 0 THEN 'Positive' ELSE 'Negative' END AS balance_type, COUNT(*) AS customer_count, AVG(c_a"
aggregation,Q175,686,,,,3,ERROR,2013 (HY000): Lost connection to MySQL server during query,SELECT CASE WHEN p_type LIKE 'STANDARD%' THEN 'Standard' WHEN p_type LIKE 'SMALL%' THEN 'Small' WHEN p_type LIKE 'MEDIUM
aggregation,Q176,687,,,,3,ERROR,2013 (HY000): Lost connection to MySQL server during query,"SELECT CASE WHEN DATEDIFF(l_receiptdate, l_shipdate) <= 3 THEN 'Fast (<=3 days)' WHEN DATEDIFF(l_receiptdate, l_shipdate"
aggregation,Q177,688,,,,3,ERROR,2013 (HY000): Lost connection to MySQL server during query,"SELECT CASE WHEN DATEDIFF('1998-12-31', o_orderdate) <= 365 THEN 'Recent' WHEN DATEDIFF('1998-12-31', o_orderdate) <= 73"
aggregation,Q178,689,,,,3,ERROR,2013 (HY000): Lost connection to MySQL server during query,"SELECT l_returnflag, SUM(CASE WHEN l_discount >= 0.05 THEN l_extendedprice * l_discount ELSE 0 END) AS high_discount_sav"
aggregation,Q179,690,,,,3,ERROR,2013 (HY000): Lost connection to MySQL server during query,"SELECT c_mktsegment, COUNT(CASE WHEN order_count = 0            THEN 1 END) AS no_orders, COUNT(CASE WHEN order_count BE"
aggregation,Q180,691,,,,3,ERROR,2013 (HY000): Lost connection to MySQL server during query,"SELECT order_month, monthly_revenue, LAG(monthly_revenue) OVER (ORDER BY order_month) AS prev_month_revenue, CASE WHEN m"
aggregation,Q181,692,,,,3,ERROR,2013 (HY000): Lost connection to MySQL server during query,"SELECT l_returnflag, l_linestatus, SUM(l_quantity)                                          AS sum_qty, SUM(l_extendedpr"
aggregation,Q182,693,,,,3,ERROR,2013 (HY000): Lost connection to MySQL server during query,"SELECT l_orderkey, SUM(l_extendedprice * (1 - l_discount)) AS revenue, o_orderdate, o_shippriority FROM customer JOIN or"
aggregation,Q183,694,,,,3,ERROR,2013 (HY000): Lost connection to MySQL server during query,"SELECT n_name, SUM(l_extendedprice * (1 - l_discount)) AS revenue FROM customer JOIN orders ON c_custkey = o_custkey JOI"
aggregation,Q184,695,,,,3,ERROR,2013 (HY000): Lost connection to MySQL server during query,SELECT SUM(l_extendedprice * l_discount) AS revenue_change FROM lineitem WHERE l_shipdate >= '1994-01-01' AND l_shipdate
aggregation,Q185,696,,,,3,ERROR,2013 (HY000): Lost connection to MySQL server during query,"SELECT c_mktsegment, SUM(o_totalprice) AS segment_revenue, SUM(o_totalprice) / (SELECT SUM(o_totalprice) FROM orders) * "
aggregation,Q186,697,,,,3,ERROR,2013 (HY000): Lost connection to MySQL server during query,"SELECT s_name, n_name, COUNT(DISTINCT ps_partkey) AS parts_supplied, AVG(ps_supplycost) AS avg_supply_cost, SUM(ps_avail"
aggregation,Q187,698,,,,3,ERROR,2013 (HY000): Lost connection to MySQL server during query,"SELECT o_custkey, COUNT(DISTINCT o_orderkey) AS total_orders, COUNT(l_linenumber) AS total_lineitems, SUM(l_extendedpric"
aggregation,Q188,699,,,,3,ERROR,2013 (HY000): Lost connection to MySQL server during query,"SELECT s_name, n_name AS nation, COUNT(DISTINCT ps_partkey) AS unique_parts, SUM(ps_availqty) AS total_stock, MIN(ps_sup"
aggregation,Q189,700,,,,3,ERROR,2013 (HY000): Lost connection to MySQL server during query,"SELECT c_custkey, c_name, c_mktsegment, n_name AS nation, COUNT(DISTINCT o_orderkey) AS total_orders, MIN(o_orderdate) A"
aggregation,Q190,701,,,,3,ERROR,2013 (HY000): Lost connection to MySQL server during query,"SELECT p_brand, p_type, p_size, COUNT(DISTINCT l_orderkey) AS order_appearances, SUM(l_quantity) AS total_qty_sold, SUM("
aggregation,Q191,702,,,,3,ERROR,2013 (HY000): Lost connection to MySQL server during query,"SELECT r_name, c_mktsegment, YEAR(o_orderdate) AS order_year, COUNT(DISTINCT o_orderkey) AS order_count, SUM(o_totalpric"
aggregation,Q192,703,,,,3,ERROR,2013 (HY000): Lost connection to MySQL server during query,"SELECT r_name AS region, n_name AS nation, p_type AS part_type, COUNT(DISTINCT ps_partkey) AS distinct_parts, SUM(ps_ava"
aggregation,Q193,704,,,,3,ERROR,2013 (HY000): Lost connection to MySQL server during query,"SELECT n_name, AVG(DATEDIFF(l_shipdate, o_orderdate)) AS avg_days_to_ship, AVG(DATEDIFF(l_receiptdate, l_shipdate)) AS a"
aggregation,Q194,705,,,,3,ERROR,2013 (HY000): Lost connection to MySQL server during query,"SELECT l_shipmode, YEAR(l_shipdate) AS ship_year, COUNT(*) AS item_count, SUM(l_extendedprice) AS gross_revenue, SUM(l_e"
aggregation,Q195,706,,,,3,ERROR,2013 (HY000): Lost connection to MySQL server during query,"SELECT p_type, COUNT(DISTINCT l_partkey) AS distinct_parts, COUNT(*) AS total_orders, SUM(l_quantity) AS total_qty, SUM("
aggregation,Q196,707,,,,3,ERROR,2013 (HY000): Lost connection to MySQL server during query,"SELECT n1.n_name AS supplier_nation, n2.n_name AS customer_nation, YEAR(o_orderdate) AS trade_year, SUM(l_extendedprice "
aggregation,Q197,708,,,,3,ERROR,2013 (HY000): Lost connection to MySQL server during query,"SELECT c_mktsegment, order_year, segment_revenue, segment_revenue / SUM(segment_revenue) OVER (PARTITION BY order_year) "
aggregation,Q198,709,,,,3,ERROR,2013 (HY000): Lost connection to MySQL server during query,"SELECT n_name, p_brand, SUM(ps_availqty) AS total_stock, AVG(ps_supplycost) AS avg_unit_cost, SUM(ps_availqty * ps_suppl"
aggregation,Q199,710,,,,3,ERROR,2013 (HY000): Lost connection to MySQL server during query,"SELECT o_orderpriority, o_orderstatus, YEAR(o_orderdate) AS order_year, COUNT(*) AS order_count, SUM(o_totalprice) AS to"
aggregation,Q200,711,,,,3,ERROR,2013 (HY000): Lost connection to MySQL server during query,"SELECT r_name AS region, n_name AS nation, c_mktsegment AS market_segment, YEAR(o_orderdate) AS order_year, COUNT(DISTIN"
complex_queries,Q001,712,,,,3,ERROR,2013 (HY000): Lost connection to MySQL server during query,"WITH customer_revenue AS ( SELECT o_custkey, SUM(o_totalprice) AS total_revenue FROM orders GROUP BY o_custkey ) SELECT "
complex_queries,Q002,713,,,,3,ERROR,2013 (HY000): Lost connection to MySQL server during query,"WITH supplier_revenue AS ( SELECT l_suppkey, SUM(l_extendedprice * (1 - l_discount)) AS revenue FROM lineitem GROUP BY l"
complex_queries,Q003,714,,,,3,ERROR,2013 (HY000): Lost connection to MySQL server during query,"WITH nation_orders AS ( SELECT n_name, COUNT(DISTINCT o_orderkey) AS order_count, SUM(o_totalprice)          AS total_va"
complex_queries,Q004,715,,,,3,ERROR,2013 (HY000): Lost connection to MySQL server during query,"WITH part_demand AS ( SELECT l_partkey, SUM(l_quantity)                          AS total_ordered, SUM(l_extendedprice *"
complex_queries,Q005,716,,,,3,ERROR,2013 (HY000): Lost connection to MySQL server during query,"WITH customer_years AS ( SELECT o_custkey, COUNT(DISTINCT YEAR(o_orderdate)) AS active_years FROM orders GROUP BY o_cust"
complex_queries,Q006,717,,,,3,ERROR,2013 (HY000): Lost connection to MySQL server during query,"WITH region_revenue AS ( SELECT r_name, SUM(l_extendedprice * (1 - l_discount)) AS revenue FROM lineitem JOIN orders  ON"
complex_queries,Q007,718,,,,3,ERROR,2013 (HY000): Lost connection to MySQL server during query,"WITH monthly_revenue AS ( SELECT DATE_FORMAT(o_orderdate, '%Y-%m') AS order_month, SUM(o_totalprice)                 AS "
complex_queries,Q008,719,,,,3,ERROR,2013 (HY000): Lost connection to MySQL server during query,"WITH nation_supply AS ( SELECT n_name, SUM(l_extendedprice * (1 - l_discount)) AS supply_revenue FROM lineitem JOIN supp"
complex_queries,Q009,720,,,,3,ERROR,2013 (HY000): Lost connection to MySQL server during query,"WITH order_counts AS ( SELECT o_custkey, COUNT(*) AS num_orders FROM orders GROUP BY o_custkey ), buckets AS ( SELECT o_"
complex_queries,Q010,721,,,,3,ERROR,2013 (HY000): Lost connection to MySQL server during query,"WITH part_profit AS ( SELECT p_type, p_partkey, p_name, SUM(l_extendedprice * (1 - l_discount))                  AS reve"
complex_queries,Q011,722,,,,3,ERROR,2013 (HY000): Lost connection to MySQL server during query,"WITH customer_totals AS ( SELECT o_custkey, SUM(o_totalprice) AS total_spend FROM orders GROUP BY o_custkey ), percentil"
complex_queries,Q012,723,,,,3,ERROR,2013 (HY000): Lost connection to MySQL server during query,"WITH stock_levels AS ( SELECT ps_partkey, SUM(ps_availqty) AS total_stock FROM partsupp GROUP BY ps_partkey ), demand_le"
complex_queries,Q013,724,,,,3,ERROR,2013 (HY000): Lost connection to MySQL server during query,"WITH yearly_regional AS ( SELECT r_name, YEAR(o_orderdate) AS yr, SUM(o_totalprice) AS revenue FROM orders JOIN customer"
complex_queries,Q014,725,,,,3,ERROR,2013 (HY000): Lost connection to MySQL server during query,"WITH clerk_stats AS ( SELECT o_clerk, COUNT(*)          AS total_orders, SUM(o_totalprice) AS total_value, AVG(o_totalpr"
complex_queries,Q015,726,,,,3,ERROR,2013 (HY000): Lost connection to MySQL server during query,"WITH ordered_dates AS ( SELECT o_custkey, o_orderdate, LAG(o_orderdate) OVER (PARTITION BY o_custkey ORDER BY o_orderdat"
complex_queries,Q016,727,,,,3,ERROR,2013 (HY000): Lost connection to MySQL server during query,"WITH trade_pairs AS ( SELECT n1.n_name AS supplier_nation, n2.n_name AS customer_nation, SUM(l_extendedprice * (1 - l_di"
complex_queries,Q017,728,,,,3,ERROR,2013 (HY000): Lost connection to MySQL server during query,"WITH segment_avg AS ( SELECT c_mktsegment, AVG(c_acctbal) AS avg_balance FROM customer GROUP BY c_mktsegment ) SELECT c_"
complex_queries,Q018,729,,,,3,ERROR,2013 (HY000): Lost connection to MySQL server during query,"WITH brand_region_revenue AS ( SELECT r_name, p_brand, SUM(l_extendedprice * (1 - l_discount)) AS revenue FROM lineitem "
complex_queries,Q019,730,,,,3,ERROR,2013 (HY000): Lost connection to MySQL server during query,"WITH supplier_yearly AS ( SELECT l_suppkey, YEAR(l_shipdate) AS yr, SUM(l_extendedprice * (1 - l_discount)) AS yearly_re"
complex_queries,Q020,731,,,,3,ERROR,2013 (HY000): Lost connection to MySQL server during query,"WITH order_values AS ( SELECT o_orderkey, o_totalprice, NTILE(10) OVER (ORDER BY o_totalprice) AS decile FROM orders ) S"
complex_queries,Q021,732,,,,3,ERROR,2013 (HY000): Lost connection to MySQL server during query,"WITH supplier_counts AS ( SELECT ps_partkey, COUNT(DISTINCT ps_suppkey) AS num_suppliers FROM partsupp GROUP BY ps_partk"
complex_queries,Q022,733,,,,3,ERROR,2013 (HY000): Lost connection to MySQL server during query,"WITH quarterly AS ( SELECT YEAR(o_orderdate)    AS yr, QUARTER(o_orderdate) AS qtr, COUNT(*)              AS order_count"
complex_queries,Q023,734,,,,3,ERROR,2013 (HY000): Lost connection to MySQL server during query,"WITH returned_parts AS ( SELECT DISTINCT l_partkey FROM lineitem WHERE l_returnflag = 'R' ) SELECT p_partkey, p_name, p_"
complex_queries,Q024,735,,,,3,ERROR,2013 (HY000): Lost connection to MySQL server during query,"WITH ship_delays AS ( SELECT c_nationkey, l_orderkey, DATEDIFF(l_shipdate, o_orderdate)    AS order_to_ship, DATEDIFF(l_"
complex_queries,Q025,736,,,,3,ERROR,2013 (HY000): Lost connection to MySQL server during query,"WITH last_orders AS ( SELECT o_custkey, MAX(o_orderdate) AS last_order_date FROM orders GROUP BY o_custkey ), churn_flag"
complex_queries,Q026,737,,,,3,ERROR,2013 (HY000): Lost connection to MySQL server during query,"SELECT c_custkey, c_name, o_orderkey, o_totalprice FROM customer JOIN orders ON c_custkey = o_custkey WHERE o_totalprice"
complex_queries,Q027,738,,,,3,ERROR,2013 (HY000): Lost connection to MySQL server during query,"SELECT p_partkey, p_name, p_brand, p_retailprice FROM part p WHERE p_retailprice > ( SELECT AVG(p2.p_retailprice) FROM p"
complex_queries,Q028,739,,,,3,ERROR,2013 (HY000): Lost connection to MySQL server during query,"SELECT s_suppkey, s_name, s_nationkey, part_count FROM supplier JOIN ( SELECT ps_suppkey, COUNT(DISTINCT ps_partkey) AS "
complex_queries,Q029,740,,,,3,ERROR,2013 (HY000): Lost connection to MySQL server during query,"SELECT o_orderkey, o_custkey, o_totalprice, item_count FROM orders JOIN ( SELECT l_orderkey, COUNT(*) AS item_count FROM"
complex_queries,Q030,741,,,,3,ERROR,2013 (HY000): Lost connection to MySQL server during query,"SELECT n_name, AVG(c_acctbal) AS avg_balance FROM customer JOIN nation ON c_nationkey = n_nationkey GROUP BY n_name HAVI"
complex_queries,Q031,742,,,,3,ERROR,2013 (HY000): Lost connection to MySQL server during query,"SELECT ps1.ps_partkey, ps1.ps_suppkey, ps1.ps_supplycost FROM partsupp ps1 WHERE ps1.ps_supplycost = ( SELECT MIN(ps2.ps"
complex_queries,Q032,743,,,,3,ERROR,2013 (HY000): Lost connection to MySQL server during query,"SELECT c_custkey, c_name, c_mktsegment, total_spend FROM customer JOIN ( SELECT o_custkey, SUM(o_totalprice) AS total_sp"
complex_queries,Q033,744,,,,3,ERROR,2013 (HY000): Lost connection to MySQL server during query,"SELECT s_suppkey, s_name, MIN(ps_supplycost) AS cheapest_part_cost FROM supplier JOIN partsupp ON s_suppkey = ps_suppkey"
complex_queries,Q034,745,,,,3,ERROR,2013 (HY000): Lost connection to MySQL server during query,"SELECT l_orderkey, l_partkey, l_quantity FROM lineitem l WHERE l_quantity > ( SELECT AVG(l2.l_quantity) FROM lineitem l2"
complex_queries,Q035,746,,,,3,ERROR,2013 (HY000): Lost connection to MySQL server during query,"SELECT o_orderkey, o_custkey, o_orderdate, o_totalprice FROM orders o WHERE o_orderdate > ( SELECT MIN(o2.o_orderdate) F"
complex_queries,Q036,747,,,,3,ERROR,2013 (HY000): Lost connection to MySQL server during query,"SELECT l_partkey, p_type, SUM(l_extendedprice * (1 - l_discount)) AS part_revenue FROM lineitem JOIN part ON l_partkey ="
complex_queries,Q037,748,,,,3,ERROR,2013 (HY000): Lost connection to MySQL server during query,"SELECT o_custkey, COUNT(DISTINCT YEAR(o_orderdate)) AS active_years FROM orders GROUP BY o_custkey HAVING COUNT(DISTINCT"
complex_queries,Q038,749,,,,3,ERROR,2013 (HY000): Lost connection to MySQL server during query,"SELECT s_suppkey, s_name FROM supplier WHERE NOT EXISTS ( SELECT 1 FROM partsupp ps WHERE ps.ps_suppkey = s_suppkey AND "
complex_queries,Q039,750,,,,3,ERROR,2013 (HY000): Lost connection to MySQL server during query,SELECT DISTINCT o_orderkey FROM orders WHERE NOT EXISTS ( SELECT 1 FROM lineitem l WHERE l.l_orderkey = o_orderkey AND l
complex_queries,Q040,751,,,,3,ERROR,2013 (HY000): Lost connection to MySQL server during query,"SELECT o_custkey, MAX(o_totalprice)  AS best_order, AVG(o_totalprice)  AS avg_order FROM orders GROUP BY o_custkey HAVIN"
complex_queries,Q041,752,,,,3,ERROR,2013 (HY000): Lost connection to MySQL server during query,"SELECT ps_partkey, COUNT(DISTINCT ps_suppkey) AS supplier_count FROM partsupp GROUP BY ps_partkey HAVING COUNT(DISTINCT "
complex_queries,Q042,753,,,,3,ERROR,2013 (HY000): Lost connection to MySQL server during query,SELECT n_name FROM nation WHERE ( SELECT SUM(ps_availqty) FROM partsupp JOIN supplier ON ps_suppkey = s_suppkey WHERE s_
complex_queries,Q043,754,,,,3,ERROR,2013 (HY000): Lost connection to MySQL server during query,"SELECT l_orderkey, l_linenumber, l_shipdate FROM lineitem l WHERE l_shipdate = ( SELECT MAX(l2.l_shipdate) FROM lineitem"
complex_queries,Q044,755,,,,3,ERROR,2013 (HY000): Lost connection to MySQL server during query,SELECT o_custkey FROM orders o WHERE o_totalprice = (SELECT MAX(o2.o_totalprice) FROM orders o2 WHERE o2.o_custkey = o.o
complex_queries,Q045,756,,,,3,ERROR,2013 (HY000): Lost connection to MySQL server during query,"SELECT ps_partkey, MAX(ps_supplycost) - MIN(ps_supplycost) AS cost_spread, MAX(ps_supplycost)                      AS ma"
complex_queries,Q046,757,,,,3,ERROR,2013 (HY000): Lost connection to MySQL server during query,"SELECT o_orderkey, o_orderpriority, o_totalprice FROM orders o WHERE o_totalprice < ( SELECT MIN_10PCT FROM ( SELECT o_o"
complex_queries,Q047,758,,,,3,ERROR,2013 (HY000): Lost connection to MySQL server during query,"SELECT DISTINCT s_suppkey, s_name FROM supplier s JOIN ( SELECT l_suppkey, SUM(l_extendedprice * (1 - l_discount)) AS re"
complex_queries,Q048,759,,,,3,ERROR,2013 (HY000): Lost connection to MySQL server during query,"SELECT n_name, c_custkey, c_name, c_acctbal FROM customer JOIN nation ON c_nationkey = n_nationkey WHERE c_acctbal = ( S"
complex_queries,Q049,760,,,,3,ERROR,2013 (HY000): Lost connection to MySQL server during query,SELECT DISTINCT o_orderkey FROM orders WHERE EXISTS ( SELECT 1 FROM lineitem l1 WHERE l1.l_orderkey = o_orderkey AND l1.
complex_queries,Q050,761,,,,3,ERROR,2013 (HY000): Lost connection to MySQL server during query,SELECT l_partkey FROM lineitem JOIN orders ON l_orderkey = o_orderkey GROUP BY l_partkey HAVING COUNT(DISTINCT YEAR(o_or
complex_queries,Q051,762,,,,3,ERROR,2013 (HY000): Lost connection to MySQL server during query,"SELECT 'Customer' AS entity_type, c_name     AS entity_name, n_name     AS nation FROM customer JOIN nation ON c_nationk"
complex_queries,Q052,763,,,,3,ERROR,2013 (HY000): Lost connection to MySQL server during query,"SELECT c_custkey, c_name, 'High Spender' AS tag FROM customer JOIN ( SELECT o_custkey, SUM(o_totalprice) AS total FROM o"
complex_queries,Q053,764,,,,3,ERROR,2013 (HY000): Lost connection to MySQL server during query,"(SELECT l_partkey, 'Top Revenue' AS category, SUM(l_extendedprice * (1 - l_discount)) AS metric FROM lineitem GROUP BY l"
complex_queries,Q054,765,,,,3,ERROR,2013 (HY000): Lost connection to MySQL server during query,"SELECT c_custkey, c_name, 0 AS order_count FROM customer WHERE c_custkey NOT IN (SELECT DISTINCT o_custkey FROM orders) "
complex_queries,Q055,766,,,,3,ERROR,2013 (HY000): Lost connection to MySQL server during query,"SELECT o_orderkey, o_custkey, o_totalprice, '1-URGENT' AS priority_label FROM orders WHERE o_orderpriority = '1-URGENT' "
complex_queries,Q056,767,,,,3,ERROR,2013 (HY000): Lost connection to MySQL server during query,"SELECT n_name FROM ( SELECT n_name, COUNT(*) AS cnt FROM customer JOIN nation ON c_nationkey = n_nationkey GROUP BY n_na"
complex_queries,Q057,768,,,,3,ERROR,2013 (HY000): Lost connection to MySQL server during query,"SELECT l_orderkey, l_linenumber, 'Returned' AS issue FROM lineitem WHERE l_returnflag = 'R' UNION ALL SELECT l_orderkey,"
complex_queries,Q058,769,,,,3,ERROR,2013 (HY000): Lost connection to MySQL server during query,"SELECT o_orderkey, o_totalprice, o_orderpriority, 'Order' AS source FROM orders WHERE o_totalprice > 300000 UNION ALL SE"
complex_queries,Q059,770,,,,3,ERROR,2013 (HY000): Lost connection to MySQL server during query,SELECT DISTINCT p_brand FROM lineitem JOIN part    ON l_partkey  = p_partkey JOIN orders  ON l_orderkey = o_orderkey JOI
complex_queries,Q060,771,,,,3,ERROR,2013 (HY000): Lost connection to MySQL server during query,"SELECT s_suppkey, s_name, s_acctbal, r_name FROM supplier JOIN nation ON s_nationkey = n_nationkey JOIN region ON n_regi"
complex_queries,Q061,772,,,,3,ERROR,2013 (HY000): Lost connection to MySQL server during query,"SELECT n_name, 'Revenue' AS type, SUM(l_extendedprice * (1 - l_discount)) AS amount FROM lineitem JOIN orders   ON l_ord"
complex_queries,Q062,773,,,,3,ERROR,2013 (HY000): Lost connection to MySQL server during query,"(SELECT p_brand, 'Top Revenue' AS category FROM lineitem JOIN part ON l_partkey = p_partkey GROUP BY p_brand ORDER BY SU"
complex_queries,Q063,774,,,,3,ERROR,2013 (HY000): Lost connection to MySQL server during query,SELECT DISTINCT l1.l_orderkey FROM lineitem l1 WHERE l1.l_shipmode = 'MAIL' AND l1.l_orderkey IN ( SELECT l2.l_orderkey 
complex_queries,Q064,775,,,,3,ERROR,2013 (HY000): Lost connection to MySQL server during query,"SELECT n_name, cust_count, supp_count, order_count, cust_count + supp_count + order_count AS activity_score FROM ( SELEC"
complex_queries,Q065,776,,,,3,ERROR,2013 (HY000): Lost connection to MySQL server during query,"SELECT l_orderkey, l_linenumber, l_discount, l_tax FROM lineitem WHERE l_discount > (SELECT AVG(l_discount) FROM lineite"
complex_queries,Q066,777,,,,3,ERROR,2013 (HY000): Lost connection to MySQL server during query,"SELECT o_custkey, o_orderkey, o_totalprice, 'Best' AS label FROM orders o WHERE o_totalprice = ( SELECT MAX(o2.o_totalpr"
complex_queries,Q067,778,,,,3,ERROR,2013 (HY000): Lost connection to MySQL server during query,"SELECT DISTINCT l_partkey, 'Q1' AS quarter FROM lineitem JOIN orders ON l_orderkey = o_orderkey WHERE QUARTER(o_orderdat"
complex_queries,Q068,779,,,,3,ERROR,2013 (HY000): Lost connection to MySQL server during query,"SELECT 'Customer' AS role, c_name AS name, c_acctbal AS balance FROM customer JOIN nation ON c_nationkey = n_nationkey J"
complex_queries,Q069,780,,,,3,ERROR,2013 (HY000): Lost connection to MySQL server during query,"SELECT l_orderkey, l_linenumber, l_discount AS value, 'High Discount' AS flag FROM lineitem WHERE l_discount >= 0.09 UNI"
complex_queries,Q070,781,,,,3,ERROR,2013 (HY000): Lost connection to MySQL server during query,SELECT o_orderkey FROM orders WHERE o_orderpriority = '1-URGENT' AND o_orderkey IN ( SELECT DISTINCT l_orderkey FROM lin
complex_queries,Q071,782,,,,3,ERROR,2013 (HY000): Lost connection to MySQL server during query,SELECT n_name FROM ( SELECT n_name FROM customer JOIN nation ON c_nationkey = n_nationkey GROUP BY n_name HAVING AVG(c_a
complex_queries,Q072,783,,,,3,ERROR,2013 (HY000): Lost connection to MySQL server during query,"SELECT '1994' AS yr, n_name, SUM(o_totalprice) AS revenue FROM orders JOIN customer ON o_custkey = c_custkey JOIN nation"
complex_queries,Q073,784,,,,3,ERROR,2013 (HY000): Lost connection to MySQL server during query,SELECT DISTINCT p_partkey FROM part WHERE p_type LIKE 'STANDARD%' AND p_partkey IN ( SELECT p_partkey FROM part WHERE p_
complex_queries,Q074,785,,,,3,ERROR,2013 (HY000): Lost connection to MySQL server during query,SELECT DISTINCT l_shipmode FROM lineitem WHERE YEAR(l_shipdate) = 1994 AND l_shipmode IN ( SELECT DISTINCT l_shipmode FR
complex_queries,Q075,786,,,,3,ERROR,2013 (HY000): Lost connection to MySQL server during query,SELECT DISTINCT o1.o_custkey FROM orders o1 JOIN orders o2 ON o1.o_custkey = o2.o_custkey AND YEAR(o1.o_orderdate) = YEA
complex_queries,Q076,787,,,,3,ERROR,2013 (HY000): Lost connection to MySQL server during query,"SELECT c_custkey, c_name FROM customer WHERE EXISTS ( SELECT 1 FROM orders WHERE o_custkey = c_custkey AND o_orderpriori"
complex_queries,Q077,788,,,,3,ERROR,2013 (HY000): Lost connection to MySQL server during query,"SELECT s_suppkey, s_name FROM supplier WHERE NOT EXISTS ( SELECT 1 FROM lineitem WHERE l_suppkey = s_suppkey AND l_retur"
complex_queries,Q078,789,,,,3,ERROR,2013 (HY000): Lost connection to MySQL server during query,"SELECT DISTINCT p_partkey, p_name FROM part WHERE EXISTS ( SELECT 1 FROM lineitem JOIN orders   ON l_orderkey = o_orderk"
complex_queries,Q079,790,,,,3,ERROR,2013 (HY000): Lost connection to MySQL server during query,SELECT n_name FROM nation WHERE NOT EXISTS ( SELECT 1 FROM supplier WHERE s_nationkey = n_nationkey ) ORDER BY n_name
complex_queries,Q080,791,,,,3,ERROR,2013 (HY000): Lost connection to MySQL server during query,SELECT o_custkey FROM orders WHERE YEAR(o_orderdate) = 1996 GROUP BY o_custkey HAVING COUNT(DISTINCT QUARTER(o_orderdate
complex_queries,Q081,792,,,,3,ERROR,2013 (HY000): Lost connection to MySQL server during query,SELECT ps_partkey FROM partsupp GROUP BY ps_partkey HAVING COUNT(DISTINCT ps_suppkey) >= 3 ORDER BY ps_partkey
complex_queries,Q082,793,,,,3,ERROR,2013 (HY000): Lost connection to MySQL server during query,"SELECT s_suppkey, s_name FROM supplier WHERE NOT EXISTS ( SELECT DISTINCT p_type FROM part WHERE NOT EXISTS ( SELECT 1 F"
complex_queries,Q083,794,,,,3,ERROR,2013 (HY000): Lost connection to MySQL server during query,SELECT o_orderkey FROM orders WHERE EXISTS ( SELECT l_shipmode FROM lineitem WHERE l_orderkey = o_orderkey GROUP BY l_sh
complex_queries,Q084,795,,,,3,ERROR,2013 (HY000): Lost connection to MySQL server during query,SELECT c_custkey FROM customer WHERE c_mktsegment = 'BUILDING' AND c_custkey IN ( SELECT c_custkey FROM customer WHERE c
complex_queries,Q085,796,,,,3,ERROR,2013 (HY000): Lost connection to MySQL server during query,"SELECT DISTINCT s_suppkey, s_name FROM supplier WHERE EXISTS ( SELECT 1 FROM lineitem JOIN orders   ON l_orderkey = o_or"
complex_queries,Q086,797,,,,3,ERROR,2013 (HY000): Lost connection to MySQL server during query,"SELECT p_partkey, p_name FROM part WHERE NOT EXISTS ( SELECT 1 FROM lineitem WHERE l_partkey = p_partkey AND l_quantity "
complex_queries,Q087,798,,,,3,ERROR,2013 (HY000): Lost connection to MySQL server during query,SELECT o_custkey FROM orders GROUP BY o_custkey HAVING COUNT(DISTINCT YEAR(o_orderdate)) = 7 ORDER BY o_custkey
complex_queries,Q088,799,,,,3,ERROR,2013 (HY000): Lost connection to MySQL server during query,SELECT r_name FROM region WHERE EXISTS ( SELECT 1 FROM supplier JOIN nation ON s_nationkey = n_nationkey WHERE n_regionk
complex_queries,Q089,800,,,,3,ERROR,2013 (HY000): Lost connection to MySQL server during query,SELECT l_orderkey FROM lineitem JOIN part ON l_partkey = p_partkey GROUP BY l_orderkey HAVING COUNT(DISTINCT SUBSTRING(p
complex_queries,Q090,801,,,,3,ERROR,2013 (HY000): Lost connection to MySQL server during query,"SELECT s_suppkey, s_name, COUNT(DISTINCT ps_partkey) AS part_count FROM supplier JOIN partsupp ON s_suppkey = ps_suppkey"
complex_queries,Q091,802,,,,3,ERROR,2013 (HY000): Lost connection to MySQL server during query,"SELECT c_custkey, c_name FROM customer WHERE c_acctbal >= 0 AND NOT EXISTS ( SELECT 1 FROM orders WHERE o_custkey = c_cu"
complex_queries,Q092,803,,,,3,ERROR,2013 (HY000): Lost connection to MySQL server during query,SELECT l_partkey FROM lineitem GROUP BY l_partkey HAVING COUNT(DISTINCT l_shipmode) = 7 ORDER BY l_partkey
complex_queries,Q093,804,,,,3,ERROR,2013 (HY000): Lost connection to MySQL server during query,SELECT o_custkey FROM orders o WHERE YEAR(o_orderdate) = 1997 AND o_totalprice = ( SELECT MAX(o2.o_totalprice) FROM orde
complex_queries,Q094,805,,,,3,ERROR,2013 (HY000): Lost connection to MySQL server during query,SELECT n_name FROM nation WHERE NOT EXISTS ( SELECT 1 FROM supplier WHERE s_nationkey = n_nationkey AND s_acctbal <= 0 )
complex_queries,Q095,806,,,,3,ERROR,2013 (HY000): Lost connection to MySQL server during query,SELECT DISTINCT l_partkey FROM lineitem JOIN orders   ON l_orderkey = o_orderkey JOIN customer ON o_custkey  = c_custkey
complex_queries,Q096,807,,,,3,ERROR,2013 (HY000): Lost connection to MySQL server during query,SELECT o_custkey FROM orders GROUP BY o_custkey HAVING COUNT(DISTINCT o_orderpriority) = 5 ORDER BY o_custkey
complex_queries,Q097,808,,,,3,ERROR,2013 (HY000): Lost connection to MySQL server during query,SELECT DISTINCT l_suppkey FROM lineitem WHERE YEAR(l_shipdate) = 1993 AND l_suppkey IN ( SELECT DISTINCT l_suppkey FROM 
complex_queries,Q098,809,,,,3,ERROR,2013 (HY000): Lost connection to MySQL server during query,"SELECT ps_partkey, MAX(ps_supplycost) - MIN(ps_supplycost) AS cost_range FROM partsupp GROUP BY ps_partkey HAVING MAX(ps"
complex_queries,Q099,810,,,,3,ERROR,2013 (HY000): Lost connection to MySQL server during query,"SELECT o_custkey, SUM(l_extendedprice * l_discount) AS discount_savings FROM lineitem JOIN orders ON l_orderkey = o_orde"
complex_queries,Q100,811,,,,3,ERROR,2013 (HY000): Lost connection to MySQL server during query,"SELECT o_orderkey, COUNT(*) AS lineitem_count, SUM(l_extendedprice * (1 - l_discount)) AS order_revenue FROM lineitem GR"
complex_queries,Q101,812,,,,3,ERROR,2013 (HY000): Lost connection to MySQL server during query,"SELECT decile, COUNT(*)          AS customers, SUM(total_spend)  AS decile_revenue, AVG(total_spend)  AS avg_spend FROM "
complex_queries,Q102,813,,,,3,ERROR,2013 (HY000): Lost connection to MySQL server during query,"SELECT n_name, total_parts, total_stock, avg_cost, RANK() OVER (ORDER BY total_stock * (1.0 / NULLIF(avg_cost, 0)) DESC)"
complex_queries,Q103,814,,,,3,ERROR,2013 (HY000): Lost connection to MySQL server during query,"SELECT tier, COUNT(*)         AS customer_count, AVG(total_spend) AS avg_spend, SUM(total_spend) AS tier_revenue FROM ( "
complex_queries,Q104,815,,,,3,ERROR,2013 (HY000): Lost connection to MySQL server during query,"SELECT p_brand, p_type, SUM(total_stock)   AS total_supply, SUM(total_demand)  AS total_demand, ROUND(SUM(total_stock) /"
complex_queries,Q105,816,,,,3,ERROR,2013 (HY000): Lost connection to MySQL server during query,"SELECT s_suppkey, s_name, revenue, cost, ROUND(revenue / NULLIF(cost, 0), 4) AS profitability_index FROM ( SELECT l_supp"
complex_queries,Q106,817,,,,3,ERROR,2013 (HY000): Lost connection to MySQL server during query,"SELECT r_name, n_name, orders_count, total_revenue, total_revenue / SUM(total_revenue) OVER (PARTITION BY r_name) * 100 "
complex_queries,Q107,818,,,,3,ERROR,2013 (HY000): Lost connection to MySQL server during query,"SELECT o_orderkey, o_custkey, YEAR(o_orderdate) AS order_year, o_totalprice, pct_rank FROM ( SELECT *, PERCENT_RANK() OV"
complex_queries,Q108,819,,,,3,ERROR,2013 (HY000): Lost connection to MySQL server during query,"SELECT l_partkey, p_name, total_ordered, total_returned, ROUND(total_returned / NULLIF(total_ordered, 0) * 100, 2) AS re"
complex_queries,Q109,820,,,,3,ERROR,2013 (HY000): Lost connection to MySQL server during query,"SELECT c_mktsegment, MONTH(o_orderdate) AS order_month, COUNT(*)           AS order_count, SUM(o_totalprice)  AS revenue"
complex_queries,Q110,821,,,,3,ERROR,2013 (HY000): Lost connection to MySQL server during query,"SELECT n_name, ROUND(SUM(POWER(revenue_share, 2)), 4) AS hhi_index FROM ( SELECT n_name, l_suppkey, nation_revenue, supp"
complex_queries,Q111,822,,,,3,ERROR,2013 (HY000): Lost connection to MySQL server during query,"SELECT size_bucket, AVG(ship_lag) AS avg_ship_lag_days, COUNT(*)      AS item_count FROM ( SELECT CASE WHEN p_size <= 10"
complex_queries,Q112,823,,,,3,ERROR,2013 (HY000): Lost connection to MySQL server during query,"SELECT order_month, new_customers, SUM(new_customers) OVER ( ORDER BY order_month ROWS BETWEEN 11 PRECEDING AND CURRENT "
complex_queries,Q113,824,,,,3,ERROR,2013 (HY000): Lost connection to MySQL server during query,"SELECT l_shipmode, total_revenue, total_qty, ROUND(total_revenue / total_qty, 2) AS revenue_per_unit FROM ( SELECT l_shi"
complex_queries,Q114,825,,,,3,ERROR,2013 (HY000): Lost connection to MySQL server during query,"SELECT o_custkey, recency_days, order_frequency, total_value, NTILE(3) OVER (ORDER BY recency_days DESC)  AS recency_sco"
complex_queries,Q115,826,,,,3,ERROR,2013 (HY000): Lost connection to MySQL server during query,"SELECT p_partkey, p_name, avg_price, total_qty, RANK() OVER (ORDER BY avg_price DESC)  AS price_rank, RANK() OVER (ORDER"
complex_queries,Q116,827,,,,3,ERROR,2013 (HY000): Lost connection to MySQL server during query,"SELECT l_suppkey, s_name, total_shipments, on_time_shipments, ROUND(on_time_shipments / NULLIF(total_shipments, 0) * 100"
complex_queries,Q117,828,,,,3,ERROR,2013 (HY000): Lost connection to MySQL server during query,"SELECT supplier_nation, customer_nation, export_value, import_value, export_value - import_value AS trade_balance FROM ("
complex_queries,Q118,829,,,,3,ERROR,2013 (HY000): Lost connection to MySQL server during query,"SELECT order_year, order_week, order_count, AVG(order_count) OVER ( PARTITION BY order_year ORDER BY order_week ROWS BET"
complex_queries,Q119,830,,,,3,ERROR,2013 (HY000): Lost connection to MySQL server during query,"SELECT material_type, p_brand, p_type, SUM(revenue) AS total_revenue FROM ( SELECT SUBSTRING_INDEX(p_type, ' ', -1) AS m"
complex_queries,Q120,831,,,,3,ERROR,2013 (HY000): Lost connection to MySQL server during query,"SELECT o_orderkey, o_custkey, o_totalprice, global_mean, global_std, (o_totalprice - global_mean) / global_std AS z_scor"
complex_queries,Q121,832,,,,3,ERROR,2013 (HY000): Lost connection to MySQL server during query,"SELECT l_suppkey, s_name, supplier_revenue, cumulative_revenue, cumulative_revenue / NULLIF(total_revenue, 0) * 100 AS c"
complex_queries,Q122,833,,,,3,ERROR,2013 (HY000): Lost connection to MySQL server during query,"SELECT c_mktsegment, order_year, segment_revenue, ROUND( (segment_revenue - LAG(segment_revenue) OVER (PARTITION BY c_mk"
complex_queries,Q123,834,,,,3,ERROR,2013 (HY000): Lost connection to MySQL server during query,"SELECT discount_bracket, AVG(l_quantity)                          AS avg_quantity, AVG(l_extendedprice * (1 - l_discount"
complex_queries,Q124,835,,,,3,ERROR,2013 (HY000): Lost connection to MySQL server during query,"SELECT n_name, late_count, total_count, ROUND(late_count / NULLIF(total_count, 0) * 100, 2) AS late_rate_pct FROM ( SELE"
complex_queries,Q125,836,,,,3,ERROR,2013 (HY000): Lost connection to MySQL server during query,"SELECT c_mktsegment, best_month, max_revenue FROM ( SELECT c_mktsegment, DATE_FORMAT(o_orderdate, '%Y-%m') AS best_month"
complex_queries,Q126,837,,,,3,ERROR,2013 (HY000): Lost connection to MySQL server during query,"SELECT o_custkey, c_mktsegment, total_spend, PERCENT_RANK() OVER ( PARTITION BY c_mktsegment ORDER BY total_spend ) AS s"
complex_queries,Q127,838,,,,3,ERROR,2013 (HY000): Lost connection to MySQL server during query,"SELECT r_name, order_month, monthly_orders, SUM(monthly_orders) OVER ( PARTITION BY r_name ORDER BY order_month ROWS BET"
complex_queries,Q128,839,,,,3,ERROR,2013 (HY000): Lost connection to MySQL server during query,"SELECT l_suppkey, ship_month, monthly_revenue, LAG(monthly_revenue)  OVER (PARTITION BY l_suppkey ORDER BY ship_month) A"
complex_queries,Q129,840,,,,3,ERROR,2013 (HY000): Lost connection to MySQL server during query,"SELECT p_container, l_partkey, part_revenue, DENSE_RANK() OVER ( PARTITION BY p_container ORDER BY part_revenue DESC ) A"
complex_queries,Q130,841,,,,3,ERROR,2013 (HY000): Lost connection to MySQL server during query,"SELECT l_orderkey, FIRST_VALUE(l_linenumber) OVER ( PARTITION BY l_orderkey ORDER BY l_shipdate ) AS first_shipped_line,"
complex_queries,Q131,842,,,,3,ERROR,2013 (HY000): Lost connection to MySQL server during query,"SELECT o_custkey, o_orderdate, order_discount, SUM(order_discount) OVER ( PARTITION BY o_custkey ORDER BY o_orderdate ) "
complex_queries,Q132,843,,,,3,ERROR,2013 (HY000): Lost connection to MySQL server during query,"SELECT p_brand, ps_partkey, avg_cost, PERCENT_RANK() OVER ( PARTITION BY p_brand ORDER BY avg_cost ) AS brand_cost_perce"
complex_queries,Q133,844,,,,3,ERROR,2013 (HY000): Lost connection to MySQL server during query,"SELECT o_orderpriority, MIN(o_totalprice)                          AS q0_min, MAX(CASE WHEN rnk_pct <= 0.25 THEN o_total"
complex_queries,Q134,845,,,,3,ERROR,2013 (HY000): Lost connection to MySQL server during query,"SELECT l_suppkey, n_name, supp_revenue, nation_avg_revenue, supp_revenue - nation_avg_revenue AS deviation, (supp_revenu"
complex_queries,Q135,846,,,,3,ERROR,2013 (HY000): Lost connection to MySQL server during query,"SELECT o_custkey, n_name, order_year, yearly_spend, RANK() OVER ( PARTITION BY n_name, order_year ORDER BY yearly_spend "
complex_queries,Q136,847,,,,3,ERROR,2013 (HY000): Lost connection to MySQL server during query,"SELECT l_shipmode, ship_week, weekly_qty, AVG(weekly_qty) OVER ( PARTITION BY l_shipmode ORDER BY ship_week ROWS BETWEEN"
complex_queries,Q137,848,,,,3,ERROR,2013 (HY000): Lost connection to MySQL server during query,"SELECT o_orderkey, o_custkey, o_totalprice, customer_avg, customer_std, ROUND((o_totalprice - customer_avg) / NULLIF(cus"
complex_queries,Q138,849,,,,3,ERROR,2013 (HY000): Lost connection to MySQL server during query,"SELECT o_custkey, o_orderdate, o_totalprice, prev_price, o_totalprice - prev_price AS order_growth FROM ( SELECT o_custk"
complex_queries,Q139,850,,,,3,ERROR,2013 (HY000): Lost connection to MySQL server during query,"SELECT r_name, order_month, monthly_revenue, SUM(monthly_revenue) OVER ( PARTITION BY r_name, LEFT(order_month, 4) ORDER"
complex_queries,Q140,851,,,,3,ERROR,2013 (HY000): Lost connection to MySQL server during query,"SELECT s_name, rank_1994, rank_1997, rank_1997 - rank_1994 AS rank_change FROM ( SELECT l_suppkey, RANK() OVER (ORDER BY"
complex_queries,Q141,852,,,,3,ERROR,2013 (HY000): Lost connection to MySQL server during query,"SELECT l_partkey, order_month, monthly_qty, monthly_qty / AVG(monthly_qty) OVER (PARTITION BY l_partkey) AS seasonality_"
complex_queries,Q142,853,,,,3,ERROR,2013 (HY000): Lost connection to MySQL server during query,"SELECT o_custkey, MAX(streak) AS longest_streak_months FROM ( SELECT o_custkey, COUNT(*) AS streak FROM ( SELECT o_custk"
complex_queries,Q143,854,,,,3,ERROR,2013 (HY000): Lost connection to MySQL server during query,"SELECT top_n, supplier_count, cumulative_revenue, total_revenue, ROUND(cumulative_revenue / NULLIF(total_revenue, 0) * 1"
complex_queries,Q144,855,,,,3,ERROR,2013 (HY000): Lost connection to MySQL server during query,"SELECT curr.ship_week, curr.weekly_revenue AS this_year, prev.weekly_revenue AS prior_year, ROUND( (curr.weekly_revenue "
complex_queries,Q145,856,,,,3,ERROR,2013 (HY000): Lost connection to MySQL server during query,"SELECT s_name, n_name, annual_revenue, inventory_cost, ROUND(annual_revenue / NULLIF(inventory_cost, 0), 2) AS stock_tur"
complex_queries,Q146,857,,,,3,ERROR,2013 (HY000): Lost connection to MySQL server during query,"SELECT o1.o_custkey, o1.o_orderkey  AS order1, o2.o_orderkey  AS order2, o1.o_orderdate AS order_date FROM orders o1 JOI"
complex_queries,Q147,858,,,,3,ERROR,2013 (HY000): Lost connection to MySQL server during query,"SELECT p1.p_partkey AS part1, p2.p_partkey AS part2, p1.p_retailprice, p1.p_brand   AS brand1, p2.p_brand   AS brand2 FR"
complex_queries,Q148,859,,,,3,ERROR,2013 (HY000): Lost connection to MySQL server during query,"SELECT s1.s_suppkey AS supp1, s2.s_suppkey AS supp2, n_name        AS nation FROM supplier s1 JOIN supplier s2 ON s1.s_n"
complex_queries,Q149,860,,,,3,ERROR,2013 (HY000): Lost connection to MySQL server during query,"SELECT o1.o_custkey, o1.o_orderdate          AS day1, o2.o_orderdate          AS day2, o1.o_totalprice + o2.o_totalprice"
complex_queries,Q150,861,,,,3,ERROR,2013 (HY000): Lost connection to MySQL server during query,"SELECT ps1.ps_partkey, ps1.ps_suppkey   AS supplier_a, ps1.ps_supplycost AS cost_a, ps2.ps_suppkey   AS supplier_b, ps2."
complex_queries,Q151,862,,,,3,ERROR,2013 (HY000): Lost connection to MySQL server during query,"SELECT c1.c_custkey   AS customer_a, c2.c_custkey   AS customer_b, c1.c_mktsegment, n_name          AS nation FROM custo"
complex_queries,Q152,863,,,,3,ERROR,2013 (HY000): Lost connection to MySQL server during query,"SELECT n1.n_name AS from_nation, n2.n_name AS to_nation, COALESCE(trade_value, 0) AS trade_value FROM nation n1 CROSS JO"
complex_queries,Q153,864,,,,3,ERROR,2013 (HY000): Lost connection to MySQL server during query,"SELECT p1.p_partkey AS part_a, p2.p_partkey AS part_b, p1.p_brand, p1.p_container, p1.p_size AS size_a, p2.p_size AS siz"
complex_queries,Q154,865,,,,3,ERROR,2013 (HY000): Lost connection to MySQL server during query,"SELECT o1.o_custkey, o1.o_orderkey AS earlier_order, o1.o_totalprice AS earlier_value, o2.o_orderkey AS later_order, o2."
complex_queries,Q155,866,,,,3,ERROR,2013 (HY000): Lost connection to MySQL server during query,"SELECT ps1.ps_partkey, ps1.ps_suppkey AS supp_low, ps1.ps_supplycost AS cost_low, ps2.ps_suppkey AS supp_high, ps2.ps_su"
complex_queries,Q156,867,,,,3,ERROR,2013 (HY000): Lost connection to MySQL server during query,"SELECT o1.o_custkey, o1.o_totalprice AS first_order_value, o2.o_totalprice AS second_order_value FROM orders o1 JOIN ord"
complex_queries,Q157,868,,,,3,ERROR,2013 (HY000): Lost connection to MySQL server during query,"SELECT p1.p_partkey   AS part_a, p2.p_partkey   AS part_b, p1.p_brand, p1.p_retailprice, p1.p_mfgr      AS mfgr_a, p2.p_"
complex_queries,Q158,869,,,,3,ERROR,2013 (HY000): Lost connection to MySQL server during query,"SELECT a.ps_suppkey AS supp_a, b.ps_suppkey AS supp_b, COUNT(DISTINCT a.ps_partkey) AS shared_parts FROM partsupp a JOIN"
complex_queries,Q159,870,,,,3,ERROR,2013 (HY000): Lost connection to MySQL server during query,"SELECT o1.o_custkey, o1.o_orderdate AS month1_order, o2.o_orderdate AS month2_order FROM orders o1 JOIN orders o2 ON o1."
complex_queries,Q160,871,,,,3,ERROR,2013 (HY000): Lost connection to MySQL server during query,"SELECT r1.r_name AS region_a, r2.r_name AS region_b, rev_a, rev_b, ROUND(rev_a / rev_b, 3) AS revenue_ratio FROM ( SELEC"
complex_queries,Q161,872,,,,3,ERROR,2013 (HY000): Lost connection to MySQL server during query,"SELECT s_acctbal, s_name, n_name, p_partkey, p_mfgr, s_address, s_phone, s_comment FROM part, supplier, partsupp, nation"
complex_queries,Q162,873,,,,3,ERROR,2013 (HY000): Lost connection to MySQL server during query,"SELECT o_orderpriority, COUNT(*) AS order_count FROM orders WHERE o_orderdate >= '1993-07-01' AND o_orderdate <  '1993-1"
complex_queries,Q163,874,,,,3,ERROR,2013 (HY000): Lost connection to MySQL server during query,"SELECT supp_nation, cust_nation, l_year, SUM(volume) AS revenue FROM ( SELECT n1.n_name AS supp_nation, n2.n_name AS cus"
complex_queries,Q164,875,,,,3,ERROR,2013 (HY000): Lost connection to MySQL server during query,"SELECT o_year, SUM(CASE WHEN nation = 'BRAZIL' THEN volume ELSE 0 END) / SUM(volume) AS mkt_share FROM ( SELECT YEAR(o_o"
complex_queries,Q165,876,,,,3,ERROR,2013 (HY000): Lost connection to MySQL server during query,"SELECT nation, o_year, SUM(amount) AS sum_profit FROM ( SELECT n_name AS nation, YEAR(o_orderdate) AS o_year, l_extended"
complex_queries,Q166,877,,,,3,ERROR,2013 (HY000): Lost connection to MySQL server during query,"SELECT c_custkey, c_name, SUM(l_extendedprice * (1 - l_discount)) AS revenue, c_acctbal, n_name, c_address, c_phone, c_c"
complex_queries,Q167,878,,,,3,ERROR,2013 (HY000): Lost connection to MySQL server during query,"SELECT ps_partkey, SUM(ps_supplycost * ps_availqty) AS part_value FROM partsupp, supplier, nation WHERE ps_suppkey  = s_"
complex_queries,Q168,879,,,,3,ERROR,2013 (HY000): Lost connection to MySQL server during query,"SELECT l_shipmode, SUM(CASE WHEN o_orderpriority = '1-URGENT' OR o_orderpriority = '2-HIGH' THEN 1 ELSE 0 END) AS high_l"
complex_queries,Q169,880,,,,3,ERROR,2013 (HY000): Lost connection to MySQL server during query,"SELECT c_count, COUNT(*) AS custdist FROM ( SELECT c_custkey, COUNT(o_orderkey) AS c_count FROM customer LEFT JOIN order"
complex_queries,Q170,881,,,,3,ERROR,2013 (HY000): Lost connection to MySQL server during query,SELECT ROUND( 100.00 * SUM(CASE WHEN p_type LIKE 'PROMO%' THEN l_extendedprice * (1 - l_discount) ELSE 0 END) / SUM(l_ex
complex_queries,Q171,882,,,,3,ERROR,2013 (HY000): Lost connection to MySQL server during query,"SELECT s_suppkey, s_name, s_address, s_phone, total_revenue FROM supplier JOIN ( SELECT l_suppkey, SUM(l_extendedprice *"
complex_queries,Q172,883,,,,3,ERROR,2013 (HY000): Lost connection to MySQL server during query,"SELECT p_brand, p_type, p_size, COUNT(DISTINCT ps_suppkey) AS supplier_cnt FROM partsupp, part WHERE p_partkey = ps_part"
complex_queries,Q173,884,,,,3,ERROR,2013 (HY000): Lost connection to MySQL server during query,"SELECT ROUND(SUM(l_extendedprice) / 7.0, 2) AS avg_yearly FROM lineitem, part WHERE p_partkey = l_partkey AND p_brand   "
complex_queries,Q174,885,,,,3,ERROR,2013 (HY000): Lost connection to MySQL server during query,"SELECT c_name, c_custkey, o_orderkey, o_orderdate, o_totalprice, SUM(l_quantity) AS total_qty FROM customer, orders, lin"
complex_queries,Q175,886,,,,3,ERROR,2013 (HY000): Lost connection to MySQL server during query,"SELECT SUM(l_extendedprice * (1 - l_discount)) AS revenue FROM lineitem, part WHERE ( p_partkey = l_partkey AND p_brand "
complex_queries,Q176,887,,,,3,ERROR,2013 (HY000): Lost connection to MySQL server during query,"WITH pipeline AS ( SELECT o_orderkey, o_custkey, o_orderdate, o_orderpriority, MIN(l_shipdate)                          "
complex_queries,Q177,888,,,,3,ERROR,2013 (HY000): Lost connection to MySQL server during query,"WITH supp_metrics AS ( SELECT l_suppkey, COUNT(*)                                                   AS shipments, SUM(l_"
complex_queries,Q178,889,,,,3,ERROR,2013 (HY000): Lost connection to MySQL server during query,"WITH cust_metrics AS ( SELECT o_custkey, COUNT(DISTINCT o_orderkey)                   AS total_orders, SUM(o_totalprice)"
complex_queries,Q179,890,,,,3,ERROR,2013 (HY000): Lost connection to MySQL server during query,"WITH part_sales AS ( SELECT l_partkey, SUM(l_quantity)                            AS units_sold, SUM(l_extendedprice * ("
complex_queries,Q180,891,,,,3,ERROR,2013 (HY000): Lost connection to MySQL server during query,"SELECT r_name    AS region, n_name    AS nation, order_year, order_count, total_revenue, avg_order_value, revenue_per_cu"
complex_queries,Q181,892,,,,3,ERROR,2013 (HY000): Lost connection to MySQL server during query,"SELECT p_brand, l_shipmode, c_mktsegment, COUNT(*)                                          AS line_items, AVG(l_discoun"
complex_queries,Q182,893,,,,3,ERROR,2013 (HY000): Lost connection to MySQL server during query,"WITH region_metrics AS ( SELECT r_name, SUM(l_extendedprice)                          AS gross_revenue, SUM(l_extendedpr"
complex_queries,Q183,894,,,,3,ERROR,2013 (HY000): Lost connection to MySQL server during query,"SELECT first_order_year, COUNT(DISTINCT o_custkey)  AS cohort_size, AVG(lifetime_value)        AS avg_ltv, SUM(lifetime_"
complex_queries,Q184,895,,,,3,ERROR,2013 (HY000): Lost connection to MySQL server during query,"WITH part_revenue AS ( SELECT l_partkey, SUM(l_extendedprice * (1 - l_discount)) AS revenue FROM lineitem GROUP BY l_par"
complex_queries,Q185,896,,,,3,ERROR,2013 (HY000): Lost connection to MySQL server during query,"WITH yearly_summary AS ( SELECT YEAR(o_orderdate)                        AS yr, COUNT(DISTINCT o_custkey)               "
complex_queries,Q186,897,,,,3,ERROR,2013 (HY000): Lost connection to MySQL server during query,"WITH nation_supplier_stats AS ( SELECT n_name, COUNT(DISTINCT s_suppkey)                   AS supplier_count, AVG(s_acct"
complex_queries,Q187,898,,,,3,ERROR,2013 (HY000): Lost connection to MySQL server during query,"SELECT l_partkey, p_name, p_brand, MIN(o_orderdate)  AS first_ordered, MAX(o_orderdate)  AS last_ordered, DATEDIFF(MAX(o"
complex_queries,Q188,899,,,,3,ERROR,2013 (HY000): Lost connection to MySQL server during query,"SELECT c_mktsegment, avg_distinct_parts, avg_distinct_brands, avg_distinct_types, COUNT(*) AS customer_count FROM ( SELE"
complex_queries,Q189,900,,,,3,ERROR,2013 (HY000): Lost connection to MySQL server during query,"SELECT r_name, l_shipmode, shipment_count, total_qty, total_revenue, ROUND(total_revenue / shipment_count, 2) AS revenue"
complex_queries,Q190,901,,,,3,ERROR,2013 (HY000): Lost connection to MySQL server during query,"SELECT n_name, c_mktsegment, COUNT(*)                                         AS items_at_risk, SUM(l_extendedprice * (1"
complex_queries,Q191,902,,,,3,ERROR,2013 (HY000): Lost connection to MySQL server during query,"WITH weekly_sales AS ( SELECT YEARWEEK(o_orderdate) AS yr_week, SUM(o_totalprice)      AS weekly_revenue, COUNT(*)      "
complex_queries,Q192,903,,,,3,ERROR,2013 (HY000): Lost connection to MySQL server during query,"WITH supply AS ( SELECT ps_partkey, SUM(ps_availqty) AS total_supply FROM partsupp GROUP BY ps_partkey ), demand AS ( SE"
complex_queries,Q193,904,,,,3,ERROR,2013 (HY000): Lost connection to MySQL server during query,"SELECT c_mktsegment, wallet_tier, COUNT(*) AS customers, AVG(wallet_share_pct) AS avg_wallet_share FROM ( SELECT o_custk"
complex_queries,Q194,905,,,,3,ERROR,2013 (HY000): Lost connection to MySQL server during query,"SELECT ps_partkey, p_name, p_brand, total_stock, avg_monthly_demand, ROUND(total_stock / NULLIF(avg_monthly_demand, 0), "
complex_queries,Q195,906,,,,3,ERROR,2013 (HY000): Lost connection to MySQL server during query,"SELECT o_orderpriority, l_shipmode, ROUND(AVG(DATEDIFF(l_shipdate,    o_orderdate)),  1) AS avg_order_to_ship, ROUND(AVG"
complex_queries,Q196,907,,,,3,ERROR,2013 (HY000): Lost connection to MySQL server during query,"WITH nation_scores AS ( SELECT n_name, cust_count, supp_count, order_count, total_revenue, avg_balance, (total_revenue -"
complex_queries,Q197,908,,,,3,ERROR,2013 (HY000): Lost connection to MySQL server during query,"SELECT price_tier, discount_tier, COUNT(*)                                       AS transactions, AVG(l_quantity)       "
complex_queries,Q198,909,,,,3,ERROR,2013 (HY000): Lost connection to MySQL server during query,"SELECT r1.r_name AS region, total_orders, active_customers, total_revenue, avg_order_value, total_lineitems, avg_items_p"
complex_queries,Q199,910,,,,3,ERROR,2013 (HY000): Lost connection to MySQL server during query,"SELECT p_type, order_year, annual_revenue, annual_qty, ROUND( annual_revenue / SUM(annual_revenue) OVER (PARTITION BY or"
complex_queries,Q200,911,,,,3,ERROR,2013 (HY000): Lost connection to MySQL server during query,"WITH order_metrics AS ( SELECT o_custkey, YEAR(o_orderdate)                        AS yr, COUNT(DISTINCT o_orderkey)    "
