category,query_id,query_number,avg_runtime_ms,min_runtime_ms,max_runtime_ms,runs,status,error,sql_preview,max_join_type_score,avg_join_type_score,has_full_scan,has_index_scan,has_range_scan,has_ref_scan,num_tables,num_indexes_used,index_coverage_ratio,has_no_index,avg_possible_keys,total_rows_examined,max_rows_examined,avg_rows_examined,log_rows_examined,avg_filtered_pct,min_filtered_pct,has_filesort,has_temp_table,has_using_index,has_using_where,has_impossible_where,has_subquery,has_derived,has_union,num_select_types,category_encoded,log_avg_runtime,runtime_ratio,needs_index,predicted_needs_index,index_priority_score
single_table_filters,Q001,1,333.0785,312.6613,357.1442,3,OK,,SELECT * FROM ORDERS WHERE O_TOTALPRICE > 10000,11.0,11.0,1.0,0.0,0.0,0.0,1.0,0.0,0.0,1.0,1.0,148465.0,148465.0,148465.0,11.908111254781456,50.0,50.0,0.0,0.0,0.0,1.0,0.0,0.0,0.0,0.0,1.0,2,5.811375995301611,2.3663933404213675,1,1,1.0
single_table_filters,Q002,2,263.3249,261.3215,265.666,3,OK,,SELECT * FROM ORDERS WHERE O_TOTALPRICE > 50000,11.0,11.0,1.0,0.0,0.0,0.0,1.0,0.0,0.0,1.0,1.0,148465.0,148465.0,148465.0,11.908111254781456,50.0,50.0,0.0,0.0,0.0,1.0,0.0,0.0,0.0,0.0,1.0,2,5.577179028296378,1.8708211119214317,1,1,1.0
single_table_filters,Q003,3,21.5571,20.4635,23.6401,3,OK,,SELECT * FROM ORDERS WHERE O_TOTALPRICE BETWEEN 20000 AND 40000,9.0,9.0,0.0,0.0,1.0,0.0,1.0,1.0,1.0,0.0,1.0,17728.0,17728.0,17728.0,9.782956995898381,100.0,100.0,0.0,0.0,1.0,0.0,0.0,0.0,0.0,0.0,1.0,2,3.1160498722678094,0.15315482049666207,0,0,0.0
single_table_filters,Q004,4,172.4494,169.8901,176.349,3,OK,,SELECT * FROM ORDERS WHERE O_ORDERDATE > '1995-01-01',11.0,11.0,1.0,0.0,0.0,0.0,1.0,0.0,0.0,1.0,1.0,148465.0,148465.0,148465.0,11.908111254781456,50.0,50.0,0.0,0.0,0.0,1.0,0.0,0.0,0.0,0.0,1.0,2,5.1558859141996285,1.2251859898482207,1,1,1.0
single_table_filters,Q005,5,48.1961,47.7397,48.973,3,OK,,SELECT * FROM ORDERS WHERE O_ORDERDATE BETWEEN '1995-01-01' AND '1996-01-01',9.0,9.0,0.0,0.0,1.0,0.0,1.0,1.0,1.0,0.0,1.0,42772.0,42772.0,42772.0,10.66366234138441,100.0,100.0,0.0,0.0,1.0,0.0,0.0,0.0,0.0,0.0,1.0,2,3.8958143520636823,0.3424145661586751,0,0,0.005
single_table_filters,Q006,6,54.3407,53.7295,55.2134,3,OK,,"SELECT O_ORDERKEY, O_ORDERDATE FROM ORDERS WHERE O_ORDERDATE > '1996-01-01'",9.0,9.0,0.0,0.0,1.0,0.0,1.0,1.0,1.0,0.0,1.0,74232.0,74232.0,74232.0,11.21496407422151,100.0,100.0,0.0,0.0,1.0,1.0,0.0,0.0,0.0,0.0,1.0,2,4.013508623357205,0.38606956196162584,0,0,0.0
single_table_filters,Q007,7,0.2787,0.2124,0.3227,3,OK,,"SELECT O_ORDERKEY, O_CUSTKEY FROM ORDERS WHERE O_CUSTKEY = 1000",3.0,3.0,0.0,0.0,0.0,1.0,1.0,1.0,1.0,0.0,1.0,16.0,16.0,16.0,2.833213344056216,100.0,100.0,0.0,0.0,1.0,0.0,0.0,0.0,0.0,0.0,1.0,2,0.24584393683498554,0.0019800552241451643,0,0,0.0
single_table_filters,Q008,8,9.2887,9.007,9.4785,3,OK,,SELECT * FROM ORDERS WHERE O_CUSTKEY BETWEEN 100 AND 500,9.0,9.0,0.0,0.0,1.0,0.0,1.0,1.0,1.0,0.0,1.0,4040.0,4040.0,4040.0,8.304247465078474,100.0,100.0,0.0,0.0,1.0,0.0,0.0,0.0,0.0,0.0,1.0,2,2.331046205616077,0.06599260480989304,0,0,0.0
single_table_filters,Q009,9,1.7672,1.6227,1.9068,3,OK,,"SELECT O_ORDERKEY, O_TOTALPRICE FROM ORDERS WHERE O_TOTALPRICE < 5000",9.0,9.0,0.0,0.0,1.0,0.0,1.0,1.0,1.0,0.0,1.0,1448.0,1448.0,1448.0,7.278628942320682,100.0,100.0,0.0,0.0,1.0,1.0,0.0,0.0,0.0,0.0,1.0,2,1.017835978640822,0.012555269437062557,0,0,0.002857142857142857
single_table_filters,Q010,10,159.5744,150.4937,174.6326,3,OK,,SELECT * FROM ORDERS WHERE O_ORDERSTATUS = 'O',11.0,11.0,1.0,0.0,0.0,0.0,1.0,0.0,0.0,1.0,0.0,148465.0,148465.0,148465.0,11.908111254781456,10.0,10.0,0.0,0.0,0.0,1.0,0.0,0.0,0.0,0.0,1.0,2,5.078757386565179,1.133714116827521,1,1,1.0
single_table_filters,Q011,11,117.1477,115.3637,118.8108,3,OK,,SELECT * FROM ORDERS WHERE O_TOTALPRICE > 15000 AND O_ORDERDATE > '1996-01-01',11.0,11.0,1.0,0.0,0.0,0.0,1.0,0.0,0.0,1.0,2.0,148465.0,148465.0,148465.0,11.908111254781456,25.0,25.0,0.0,0.0,0.0,1.0,0.0,0.0,0.0,0.0,1.0,2,4.771935536663919,0.8322888962382148,1,1,0.9985714285714287
single_table_filters,Q012,12,138.3369,127.9487,156.7924,3,OK,,"SELECT O_ORDERKEY, O_TOTALPRICE FROM ORDERS WHERE O_TOTALPRICE >= 30000",9.0,9.0,0.0,0.0,1.0,0.0,1.0,1.0,1.0,0.0,1.0,74232.0,74232.0,74232.0,11.21496407422151,100.0,100.0,0.0,0.0,1.0,1.0,0.0,0.0,0.0,0.0,1.0,2,4.936894741615146,0.9828299301652215,0,0,0.005
single_table_filters,Q013,13,5.6598,5.4944,5.9262,3,OK,,"SELECT O_ORDERKEY, O_TOTALPRICE FROM ORDERS WHERE O_TOTALPRICE <= 15000",9.0,9.0,0.0,0.0,1.0,0.0,1.0,1.0,1.0,0.0,1.0,5049.0,5049.0,5049.0,8.527143522269405,100.0,100.0,0.0,0.0,1.0,1.0,0.0,0.0,0.0,0.0,1.0,2,1.8960894540713573,0.040210680149324725,0,0,0.0
single_table_filters,Q014,14,22.3795,21.726,23.2925,3,OK,,"SELECT O_ORDERKEY, O_ORDERDATE FROM ORDERS WHERE O_ORDERDATE BETWEEN '1994-01-01' AND '1995-01-01'",9.0,9.0,0.0,0.0,1.0,0.0,1.0,1.0,1.0,0.0,1.0,42896.0,42896.0,42896.0,10.666557172400957,100.0,100.0,0.0,0.0,1.0,1.0,0.0,0.0,0.0,0.0,1.0,2,3.151859570015414,0.15899765299159205,0,0,0.005
single_table_filters,Q015,15,3.2249,3.0725,3.3344,3,OK,,"SELECT O_ORDERKEY, O_CUSTKEY FROM ORDERS WHERE O_CUSTKEY BETWEEN 500 AND 1000",9.0,9.0,0.0,0.0,1.0,0.0,1.0,1.0,1.0,0.0,1.0,4884.0,4884.0,4884.0,8.493924564476883,100.0,100.0,0.0,0.0,1.0,1.0,0.0,0.0,0.0,0.0,1.0,2,1.4409955918899773,0.022911661615879944,0,0,0.0
single_table_filters,Q016,16,10.6476,10.3576,10.8335,3,OK,,SELECT * FROM ORDERS WHERE O_TOTALPRICE > 20000 AND O_CUSTKEY < 500,9.0,9.0,0.0,0.0,1.0,0.0,1.0,1.0,1.0,0.0,2.0,4973.0,4973.0,4973.0,8.51197962436335,50.0,50.0,0.0,0.0,1.0,1.0,0.0,0.0,0.0,0.0,1.0,2,2.4551001502053356,0.0756470613728312,0,0,0.006785714285714286
single_table_filters,Q017,17,71.4923,71.2577,71.7777,3,OK,,SELECT O_ORDERKEY FROM ORDERS WHERE O_TOTALPRICE > 5000,9.0,9.0,0.0,0.0,1.0,0.0,1.0,1.0,1.0,0.0,1.0,74232.0,74232.0,74232.0,11.21496407422151,100.0,100.0,0.0,0.0,1.0,1.0,0.0,0.0,0.0,0.0,1.0,2,4.2834803493237255,0.507925016509341,0,0,0.0
single_table_filters,Q018,18,69.1439,68.833,69.5765,3,OK,,SELECT O_ORDERKEY FROM ORDERS WHERE O_TOTALPRICE > 15000,9.0,9.0,0.0,0.0,1.0,0.0,1.0,1.0,1.0,0.0,1.0,74232.0,74232.0,74232.0,11.21496407422151,100.0,100.0,0.0,0.0,1.0,1.0,0.0,0.0,0.0,0.0,1.0,2,4.250548846245794,0.4912405468703654,0,0,0.0
single_table_filters,Q019,19,67.1977,66.6993,67.9461,3,OK,,SELECT O_ORDERKEY FROM ORDERS WHERE O_TOTALPRICE > 25000,9.0,9.0,0.0,0.0,1.0,0.0,1.0,1.0,1.0,0.0,1.0,74232.0,74232.0,74232.0,11.21496407422151,100.0,100.0,0.0,0.0,1.0,1.0,0.0,0.0,0.0,0.0,1.0,2,4.222410839940562,0.47741355197538393,0,0,0.0
single_table_filters,Q020,20,64.4176,64.2631,64.5417,3,OK,,SELECT O_ORDERKEY FROM ORDERS WHERE O_TOTALPRICE > 35000,9.0,9.0,0.0,0.0,1.0,0.0,1.0,1.0,1.0,0.0,1.0,74232.0,74232.0,74232.0,11.21496407422151,100.0,100.0,0.0,0.0,1.0,1.0,0.0,0.0,0.0,0.0,1.0,2,4.180791335408552,0.45766202155325986,0,0,0.0
single_table_filters,Q021,21,61.8069,61.6546,61.9334,3,OK,,SELECT O_ORDERKEY FROM ORDERS WHERE O_TOTALPRICE > 45000,9.0,9.0,0.0,0.0,1.0,0.0,1.0,1.0,1.0,0.0,1.0,74232.0,74232.0,74232.0,11.21496407422151,100.0,100.0,0.0,0.0,1.0,1.0,0.0,0.0,0.0,0.0,1.0,2,4.140064940050065,0.4391140123186859,0,0,0.0
single_table_filters,Q022,22,59.1216,58.7822,59.5798,3,OK,,SELECT O_ORDERKEY FROM ORDERS WHERE O_TOTALPRICE > 55000,9.0,9.0,0.0,0.0,1.0,0.0,1.0,1.0,1.0,0.0,1.0,74232.0,74232.0,74232.0,11.21496407422151,100.0,100.0,0.0,0.0,1.0,1.0,0.0,0.0,0.0,0.0,1.0,2,4.09636917797043,0.42003599906645406,0,0,0.0
single_table_filters,Q023,23,3.6646,3.5685,3.738,3,OK,,"SELECT O_ORDERKEY, O_TOTALPRICE FROM ORDERS WHERE O_TOTALPRICE BETWEEN 5000 AND 15000",9.0,9.0,0.0,0.0,1.0,0.0,1.0,1.0,1.0,0.0,1.0,3601.0,3601.0,3601.0,8.189244525735901,100.0,100.0,0.0,0.0,1.0,1.0,0.0,0.0,0.0,0.0,1.0,2,1.5400020857141064,0.026035559291002403,0,0,0.0
single_table_filters,Q024,24,6.6843,6.6393,6.7353,3,OK,,"SELECT O_ORDERKEY, O_TOTALPRICE FROM ORDERS WHERE O_TOTALPRICE BETWEEN 15000 AND 30000",9.0,9.0,0.0,0.0,1.0,0.0,1.0,1.0,1.0,0.0,1.0,6517.0,6517.0,6517.0,8.782322859397507,100.0,100.0,0.0,0.0,1.0,1.0,0.0,0.0,0.0,0.0,1.0,2,2.0391792863097233,0.04748935462774856,0,0,0.0
single_table_filters,Q025,25,16.7854,16.5582,17.02,3,OK,,"SELECT O_ORDERKEY, O_TOTALPRICE FROM ORDERS WHERE O_TOTALPRICE BETWEEN 30000 AND 60000",9.0,9.0,0.0,0.0,1.0,0.0,1.0,1.0,1.0,0.0,1.0,33410.0,33410.0,33410.0,10.41664046606121,100.0,100.0,0.0,0.0,1.0,1.0,0.0,0.0,0.0,0.0,1.0,2,2.8783778960105897,0.11925374581760402,0,0,0.005
single_table_filters,Q026,26,18.7942,18.6268,18.9713,3,OK,,"SELECT O_ORDERKEY, O_TOTALPRICE FROM ORDERS WHERE O_TOTALPRICE BETWEEN 10000 AND 50000",9.0,9.0,0.0,0.0,1.0,0.0,1.0,1.0,1.0,0.0,1.0,38162.0,38162.0,38162.0,10.549621738824321,100.0,100.0,0.0,0.0,1.0,1.0,0.0,0.0,0.0,0.0,1.0,2,2.9853889654953947,0.1335254893922822,0,0,0.005
single_table_filters,Q027,27,1620.0645,1615.2056,1623.6445,3,OK,,SELECT * FROM LINEITEM WHERE L_QUANTITY > 20,11.0,11.0,1.0,0.0,0.0,0.0,1.0,0.0,0.0,1.0,0.0,594745.0,594745.0,594745.0,13.295889702627665,33.33,33.33,0.0,0.0,0.0,1.0,0.0,0.0,0.0,0.0,1.0,2,7.390838311196995,11.509928872182,1,1,1.0
single_table_filters,Q028,28,1124.8387,1108.8589,1140.4963,3,OK,,SELECT * FROM LINEITEM WHERE L_QUANTITY BETWEEN 10 AND 30,11.0,11.0,1.0,0.0,0.0,0.0,1.0,0.0,0.0,1.0,0.0,594745.0,594745.0,594745.0,13.295889702627665,11.11,11.11,0.0,0.0,0.0,1.0,0.0,0.0,0.0,0.0,1.0,2,7.026283547994261,7.991541960013116,1,1,1.0
single_table_filters,Q029,29,1139.0324,1106.5394,1156.2054,3,OK,,SELECT * FROM LINEITEM WHERE L_SHIPDATE > '1996-01-01',11.0,11.0,1.0,0.0,0.0,0.0,1.0,0.0,0.0,1.0,1.0,594745.0,594745.0,594745.0,13.295889702627665,50.0,50.0,0.0,0.0,0.0,1.0,0.0,0.0,0.0,0.0,1.0,2,7.038811962037302,8.092382684214584,1,1,1.0
single_table_filters,Q030,30,1198.5883,1196.007,1203.023,3,OK,,SELECT * FROM LINEITEM WHERE L_DISCOUNT > 0.05,11.0,11.0,1.0,0.0,0.0,0.0,1.0,0.0,0.0,1.0,0.0,594745.0,594745.0,594745.0,13.295889702627665,33.33,33.33,0.0,0.0,0.0,1.0,0.0,0.0,0.0,0.0,1.0,2,7.089733693576207,8.515504216054078,1,1,1.0
single_table_filters,Q031,31,1055.0611,1050.6125,1060.553,3,OK,,SELECT * FROM LINEITEM WHERE L_QUANTITY > 30,11.0,11.0,1.0,0.0,0.0,0.0,1.0,0.0,0.0,1.0,0.0,594745.0,594745.0,594745.0,13.295889702627665,33.33,33.33,0.0,0.0,0.0,1.0,0.0,0.0,0.0,0.0,1.0,2,6.962301322440875,7.495799220837257,1,1,1.0
single_table_filters,Q032,32,576.2059,574.9377,578.2429,3,OK,,SELECT * FROM LINEITEM WHERE L_QUANTITY BETWEEN 5 AND 15,11.0,11.0,1.0,0.0,0.0,0.0,1.0,0.0,0.0,1.0,0.0,594745.0,594745.0,594745.0,13.295889702627665,11.11,11.11,0.0,0.0,0.0,1.0,0.0,0.0,0.0,0.0,1.0,2,6.358199048607696,4.093719061637123,1,1,1.0
single_table_filters,Q033,33,0.2726,0.2103,0.3854,3,OK,,"SELECT L_ORDERKEY, L_PARTKEY FROM LINEITEM WHERE L_PARTKEY = 500",3.0,3.0,0.0,0.0,0.0,1.0,1.0,1.0,1.0,0.0,1.0,27.0,27.0,27.0,3.332204510175204,100.0,100.0,0.0,0.0,1.0,0.0,0.0,0.0,0.0,0.0,1.0,2,0.2410620518165547,0.001936717094014969,0,0,0.0
single_table_filters,Q034,34,820.2251,802.5503,852.4761,3,OK,,SELECT * FROM LINEITEM WHERE L_SHIPDATE BETWEEN '1995-01-01' AND '1997-01-01',11.0,11.0,1.0,0.0,0.0,0.0,1.0,0.0,0.0,1.0,1.0,594745.0,594745.0,594745.0,13.295889702627665,50.0,50.0,0.0,0.0,0.0,1.0,0.0,0.0,0.0,0.0,1.0,2,6.710797249704467,5.827380675385683,1,1,1.0
single_table_filters,Q035,35,1452.3211,1433.5452,1486.0682,3,OK,,SELECT * FROM LINEITEM WHERE L_DISCOUNT BETWEEN 0.02 AND 0.07,11.0,11.0,1.0,0.0,0.0,0.0,1.0,0.0,0.0,1.0,0.0,594745.0,594745.0,594745.0,13.295889702627665,11.11,11.11,0.0,0.0,0.0,1.0,0.0,0.0,0.0,0.0,1.0,2,7.28160663020835,10.3181771840375,1,1,1.0
single_table_filters,Q036,36,282.8599,280.722,286.6779,3,OK,,"SELECT L_ORDERKEY, L_QUANTITY FROM LINEITEM WHERE L_QUANTITY >= 25",11.0,11.0,1.0,0.0,0.0,0.0,1.0,0.0,0.0,1.0,0.0,594745.0,594745.0,594745.0,13.295889702627665,33.33,33.33,0.0,0.0,0.0,1.0,0.0,0.0,0.0,0.0,1.0,2,5.648480806584711,2.0096096975105087,1,1,1.0
single_table_filters,Q037,37,648.4531,647.8392,649.4667,3,OK,,SELECT * FROM LINEITEM WHERE L_RETURNFLAG = 'R',11.0,11.0,1.0,0.0,0.0,0.0,1.0,0.0,0.0,1.0,0.0,594745.0,594745.0,594745.0,13.295889702627665,10.0,10.0,0.0,0.0,0.0,1.0,0.0,0.0,0.0,0.0,1.0,2,6.47613062411159,4.607007349365363,1,1,1.0
single_table_filters,Q038,38,1193.4692,1177.8043,1223.0152,3,OK,,SELECT * FROM LINEITEM WHERE L_QUANTITY > 15 AND L_DISCOUNT > 0.03,11.0,11.0,1.0,0.0,0.0,0.0,1.0,0.0,0.0,1.0,0.0,594745.0,594745.0,594745.0,13.295889702627665,11.11,11.11,0.0,0.0,0.0,1.0,0.0,0.0,0.0,0.0,1.0,2,7.085457181586213,8.479134999341047,1,1,1.0
single_table_filters,Q039,39,101.2093,100.589,102.2095,3,OK,,"SELECT L_ORDERKEY, L_QUANTITY FROM LINEITEM WHERE L_QUANTITY < 10",11.0,11.0,1.0,0.0,0.0,0.0,1.0,0.0,0.0,1.0,0.0,594745.0,594745.0,594745.0,13.295889702627665,33.33,33.33,0.0,0.0,0.0,1.0,0.0,0.0,0.0,0.0,1.0,2,4.627022671672586,0.7190527563583609,1,1,1.0
single_table_filters,Q040,40,172.6173,172.1296,173.5081,3,OK,,"SELECT L_ORDERKEY, L_QUANTITY FROM LINEITEM WHERE L_QUANTITY >= 35",11.0,11.0,1.0,0.0,0.0,0.0,1.0,0.0,0.0,1.0,0.0,594745.0,594745.0,594745.0,13.295889702627665,33.33,33.33,0.0,0.0,0.0,1.0,0.0,0.0,0.0,0.0,1.0,2,5.156853451638963,1.2263788541185257,1,1,1.0
single_table_filters,Q041,41,407.8428,406.6735,408.67,3,OK,,SELECT * FROM LINEITEM WHERE L_SHIPDATE BETWEEN '1994-01-01' AND '1995-01-01',11.0,11.0,1.0,0.0,0.0,0.0,1.0,0.0,0.0,1.0,1.0,594745.0,594745.0,594745.0,13.295889702627665,29.99,29.99,0.0,0.0,0.0,1.0,0.0,0.0,0.0,0.0,1.0,2,6.01333073008237,2.8975646457480857,1,1,1.0
single_table_filters,Q042,42,479.0082,476.065,483.0188,3,OK,,SELECT * FROM LINEITEM WHERE L_DISCOUNT < 0.02,11.0,11.0,1.0,0.0,0.0,0.0,1.0,0.0,0.0,1.0,0.0,594745.0,594745.0,594745.0,13.295889702627665,33.33,33.33,0.0,0.0,0.0,1.0,0.0,0.0,0.0,0.0,1.0,2,6.1738031870893515,3.4031671647591377,1,1,1.0
single_table_filters,Q043,43,662.9701,660.1478,666.471,3,OK,,SELECT * FROM LINEITEM WHERE L_QUANTITY > 20 AND L_SHIPDATE > '1996-01-01',11.0,11.0,1.0,0.0,0.0,0.0,1.0,0.0,0.0,1.0,1.0,594745.0,594745.0,594745.0,13.295889702627665,16.66,16.66,0.0,0.0,0.0,1.0,0.0,0.0,0.0,0.0,1.0,2,6.4982371183420655,4.7101449944637315,1,1,1.0
single_table_filters,Q044,44,259.89,258.0412,263.4901,3,OK,,SELECT L_ORDERKEY FROM LINEITEM WHERE L_QUANTITY > 5,11.0,11.0,1.0,0.0,0.0,0.0,1.0,0.0,0.0,1.0,0.0,594745.0,594745.0,594745.0,13.295889702627665,33.33,33.33,0.0,0.0,0.0,1.0,0.0,0.0,0.0,0.0,1.0,2,5.56409886254648,1.8464174818912333,1,1,1.0
single_table_filters,Q045,45,230.778,229.4327,233.1468,3,OK,,SELECT L_ORDERKEY FROM LINEITEM WHERE L_QUANTITY > 10,11.0,11.0,1.0,0.0,0.0,0.0,1.0,0.0,0.0,1.0,0.0,594745.0,594745.0,594745.0,13.295889702627665,33.33,33.33,0.0,0.0,0.0,1.0,0.0,0.0,0.0,0.0,1.0,2,5.445780016996809,1.6395880319977494,1,1,1.0
single_table_filters,Q046,46,201.7376,201.3291,202.2561,3,OK,,SELECT L_ORDERKEY FROM LINEITEM WHERE L_QUANTITY > 15,11.0,11.0,1.0,0.0,0.0,0.0,1.0,0.0,0.0,1.0,0.0,594745.0,594745.0,594745.0,13.295889702627665,33.33,33.33,0.0,0.0,0.0,1.0,0.0,0.0,0.0,0.0,1.0,2,5.311912532062345,1.4332672722874327,1,1,1.0
single_table_filters,Q047,47,143.9925,143.5314,144.493,3,OK,,SELECT L_ORDERKEY FROM LINEITEM WHERE L_QUANTITY > 25,11.0,11.0,1.0,0.0,0.0,0.0,1.0,0.0,0.0,1.0,0.0,594745.0,594745.0,594745.0,13.295889702627665,33.33,33.33,0.0,0.0,0.0,1.0,0.0,0.0,0.0,0.0,1.0,2,4.976682016944904,1.0230107709462597,1,1,1.0
single_table_filters,Q048,48,101.4443,100.9496,101.9204,3,OK,,SELECT L_ORDERKEY FROM LINEITEM WHERE L_QUANTITY > 35,11.0,11.0,1.0,0.0,0.0,0.0,1.0,0.0,0.0,1.0,0.0,594745.0,594745.0,594745.0,13.295889702627665,33.33,33.33,0.0,0.0,0.0,1.0,0.0,0.0,0.0,0.0,1.0,2,4.629319236241073,0.7207223400600979,1,1,1.0
single_table_filters,Q049,49,121.6168,109.4672,142.1562,3,OK,,"SELECT L_ORDERKEY, L_QUANTITY FROM LINEITEM WHERE L_QUANTITY BETWEEN 1 AND 10",11.0,11.0,1.0,0.0,0.0,0.0,1.0,0.0,0.0,1.0,0.0,594745.0,594745.0,594745.0,13.295889702627665,11.11,11.11,0.0,0.0,0.0,1.0,0.0,0.0,0.0,0.0,1.0,2,4.809064045109328,0.8640401154783552,1,1,1.0
single_table_filters,Q050,50,119.2101,118.8219,119.8084,3,OK,,"SELECT L_ORDERKEY, L_QUANTITY FROM LINEITEM WHERE L_QUANTITY BETWEEN 10 AND 20",11.0,11.0,1.0,0.0,0.0,0.0,1.0,0.0,0.0,1.0,0.0,594745.0,594745.0,594745.0,13.295889702627665,11.11,11.11,0.0,0.0,0.0,1.0,0.0,0.0,0.0,0.0,1.0,2,4.789241045193364,0.846941446989119,1,1,1.0
single_table_filters,Q051,51,229.6021,228.7167,230.1045,3,OK,,"SELECT L_ORDERKEY, L_QUANTITY FROM LINEITEM WHERE L_QUANTITY BETWEEN 20 AND 40",11.0,11.0,1.0,0.0,0.0,0.0,1.0,0.0,0.0,1.0,0.0,594745.0,594745.0,594745.0,13.295889702627665,11.11,11.11,0.0,0.0,0.0,1.0,0.0,0.0,0.0,0.0,1.0,2,5.440693714471724,1.6312337193387172,1,1,1.0
single_table_filters,Q052,52,122.1979,121.4869,123.2067,3,OK,,SELECT L_ORDERKEY FROM LINEITEM WHERE L_QUANTITY BETWEEN 30 AND 50,11.0,11.0,1.0,0.0,0.0,0.0,1.0,0.0,0.0,1.0,0.0,594745.0,594745.0,594745.0,13.295889702627665,11.11,11.11,0.0,0.0,0.0,1.0,0.0,0.0,0.0,0.0,1.0,2,4.813792005499598,0.8681686052191188,1,1,1.0
single_table_filters,Q053,53,97.0442,95.9321,98.0914,3,OK,,SELECT L_ORDERKEY FROM LINEITEM WHERE L_DISCOUNT > 0.08,11.0,11.0,1.0,0.0,0.0,0.0,1.0,0.0,0.0,1.0,0.0,594745.0,594745.0,594745.0,13.295889702627665,33.33,33.33,0.0,0.0,0.0,1.0,0.0,0.0,0.0,0.0,1.0,2,4.585418397399603,0.6894613390132335,1,1,1.0
single_table_filters,Q054,54,24.7933,22.1305,28.8731,3,OK,,SELECT * FROM CUSTOMER WHERE C_ACCTBAL > 1000,11.0,11.0,1.0,0.0,0.0,0.0,1.0,0.0,0.0,1.0,0.0,14892.0,14892.0,14892.0,9.608646582885868,33.33,33.33,0.0,0.0,0.0,1.0,0.0,0.0,0.0,0.0,1.0,2,3.250114768279824,0.17614676422245534,1,1,1.0
single_table_filters,Q055,55,21.276,21.0218,21.7295,3,OK,,SELECT * FROM CUSTOMER WHERE C_ACCTBAL > 500,11.0,11.0,1.0,0.0,0.0,0.0,1.0,0.0,0.0,1.0,0.0,14892.0,14892.0,14892.0,9.608646582885868,33.33,33.33,0.0,0.0,0.0,1.0,0.0,0.0,0.0,0.0,1.0,2,3.103509865727422,0.15115771420492471,1,1,1.0
single_table_filters,Q056,56,1.4044,1.3582,1.4856,3,OK,,SELECT * FROM CUSTOMER WHERE C_NATIONKEY = 10,3.0,3.0,0.0,0.0,0.0,1.0,1.0,1.0,1.0,0.0,1.0,630.0,630.0,630.0,6.447305862541213,100.0,100.0,0.0,0.0,0.0,0.0,0.0,0.0,0.0,0.0,1.0,2,0.8773003921828699,0.009977716386040435,0,0,0.005
single_table_filters,Q057,57,5.3577,5.2808,5.4159,3,OK,,SELECT * FROM CUSTOMER WHERE C_ACCTBAL BETWEEN 200 AND 800,11.0,11.0,1.0,0.0,0.0,0.0,1.0,0.0,0.0,1.0,0.0,14892.0,14892.0,14892.0,9.608646582885868,11.11,11.11,0.0,0.0,0.0,1.0,0.0,0.0,0.0,0.0,1.0,2,1.8496666767261196,0.03806437701615554,1,1,1.0
single_table_filters,Q058,58,10.3609,10.1407,10.4826,3,OK,,SELECT * FROM CUSTOMER WHERE C_NATIONKEY BETWEEN 1 AND 10,11.0,11.0,1.0,0.0,0.0,0.0,1.0,0.0,0.0,1.0,1.0,14892.0,14892.0,14892.0,9.608646582885868,40.58,40.58,0.0,0.0,0.0,1.0,0.0,0.0,0.0,0.0,1.0,2,2.4301776355069555,0.073610169256712,1,1,1.0
single_table_filters,Q059,59,1.0125,1.0004,1.0311,3,OK,,"SELECT C_CUSTKEY, C_NAME FROM CUSTOMER WHERE C_NATIONKEY = 5",3.0,3.0,0.0,0.0,0.0,1.0,1.0,1.0,1.0,0.0,1.0,616.0,616.0,616.0,6.424869023905388,100.0,100.0,0.0,0.0,0.0,0.0,0.0,0.0,0.0,0.0,1.0,2,0.6993777303105814,0.007193419140462788,0,0,0.0
single_table_filters,Q060,60,6.3657,6.1586,6.4814,3,OK,,SELECT * FROM CUSTOMER WHERE C_MKTSEGMENT = 'BUILDING',11.0,11.0,1.0,0.0,0.0,0.0,1.0,0.0,0.0,1.0,0.0,14892.0,14892.0,14892.0,9.608646582885868,10.0,10.0,0.0,0.0,0.0,1.0,0.0,0.0,0.0,0.0,1.0,2,1.9968340895258174,0.04522582540488293,1,1,1.0
single_table_filters,Q061,61,3.1712,3.1341,3.2049,3,OK,,"SELECT C_CUSTKEY, C_NAME FROM CUSTOMER WHERE C_ACCTBAL < 300",11.0,11.0,1.0,0.0,0.0,0.0,1.0,0.0,0.0,1.0,0.0,14892.0,14892.0,14892.0,9.608646582885868,33.33,33.33,0.0,0.0,0.0,1.0,0.0,0.0,0.0,0.0,1.0,2,1.4282037641971002,0.022530143978504287,1,1,1.0
single_table_filters,Q062,62,11.4071,11.0578,11.6527,3,OK,,"SELECT C_CUSTKEY, C_ACCTBAL FROM CUSTOMER WHERE C_ACCTBAL >= 1200",11.0,11.0,1.0,0.0,0.0,0.0,1.0,0.0,0.0,1.0,0.0,14892.0,14892.0,14892.0,9.608646582885868,33.33,33.33,0.0,0.0,0.0,1.0,0.0,0.0,0.0,0.0,1.0,2,2.518268889394401,0.08104301380461537,1,1,1.0
single_table_filters,Q063,63,5.6181,5.5626,5.6682,3,OK,,SELECT * FROM CUSTOMER WHERE C_ACCTBAL < 200,11.0,11.0,1.0,0.0,0.0,0.0,1.0,0.0,0.0,1.0,0.0,14892.0,14892.0,14892.0,9.608646582885868,33.33,33.33,0.0,0.0,0.0,1.0,0.0,0.0,0.0,0.0,1.0,2,1.8898083196904891,0.03991441784991011,1,1,1.0
single_table_filters,Q064,64,1.4443,1.3868,1.5571,3,OK,,SELECT * FROM CUSTOMER WHERE C_NATIONKEY = 3,3.0,3.0,0.0,0.0,0.0,1.0,1.0,1.0,1.0,0.0,1.0,621.0,621.0,621.0,6.432940092739179,100.0,100.0,0.0,0.0,0.0,0.0,0.0,0.0,0.0,0.0,1.0,2,0.8937587833670689,0.010261190384760893,0,0,0.005
single_table_filters,Q065,65,2.9304,2.8784,3.0198,3,OK,,"SELECT C_CUSTKEY, C_NAME FROM CUSTOMER WHERE C_ACCTBAL BETWEEN 400 AND 900",11.0,11.0,1.0,0.0,0.0,0.0,1.0,0.0,0.0,1.0,0.0,14892.0,14892.0,14892.0,9.608646582885868,11.11,11.11,0.0,0.0,0.0,1.0,0.0,0.0,0.0,0.0,1.0,2,1.3687412018723015,0.020819353530086078,1,1,1.0
single_table_filters,Q066,66,9.5518,9.316,9.7859,3,OK,,"SELECT C_CUSTKEY, C_NAME FROM CUSTOMER WHERE C_NAME LIKE 'Customer#000%'",11.0,11.0,1.0,0.0,0.0,0.0,1.0,0.0,0.0,1.0,0.0,14892.0,14892.0,14892.0,9.608646582885868,11.11,11.11,0.0,0.0,0.0,1.0,0.0,0.0,0.0,0.0,1.0,2,2.356296461482546,0.06786182809468884,1,1,1.0
single_table_filters,Q067,67,7.0071,6.9183,7.0726,3,OK,,SELECT C_CUSTKEY FROM CUSTOMER WHERE C_ACCTBAL > 100,11.0,11.0,1.0,0.0,0.0,0.0,1.0,0.0,0.0,1.0,0.0,14892.0,14892.0,14892.0,9.608646582885868,33.33,33.33,0.0,0.0,0.0,1.0,0.0,0.0,0.0,0.0,1.0,2,2.080328648084571,0.049782723218900544,1,1,1.0
single_table_filters,Q068,68,6.9351,6.9164,6.9604,3,OK,,SELECT C_CUSTKEY FROM CUSTOMER WHERE C_ACCTBAL > 300,11.0,11.0,1.0,0.0,0.0,0.0,1.0,0.0,0.0,1.0,0.0,14892.0,14892.0,14892.0,9.608646582885868,33.33,33.33,0.0,0.0,0.0,1.0,0.0,0.0,0.0,0.0,1.0,2,2.071295956293418,0.0492711911911343,1,1,1.0
single_table_filters,Q069,69,6.6918,6.6133,6.8231,3,OK,,SELECT C_CUSTKEY FROM CUSTOMER WHERE C_ACCTBAL > 700,11.0,11.0,1.0,0.0,0.0,0.0,1.0,0.0,0.0,1.0,0.0,14892.0,14892.0,14892.0,9.608646582885868,33.33,33.33,0.0,0.0,0.0,1.0,0.0,0.0,0.0,0.0,1.0,2,2.040154826348459,0.047542639213974204,1,1,1.0
single_table_filters,Q070,70,6.2437,6.1204,6.4661,3,OK,,SELECT C_CUSTKEY FROM CUSTOMER WHERE C_ACCTBAL > 1500,11.0,11.0,1.0,0.0,0.0,0.0,1.0,0.0,0.0,1.0,0.0,14892.0,14892.0,14892.0,9.608646582885868,33.33,33.33,0.0,0.0,0.0,1.0,0.0,0.0,0.0,0.0,1.0,2,1.9801321255799453,0.04435906280227902,1,1,1.0
single_table_filters,Q071,71,5.9649,5.9232,6.0196,3,OK,,SELECT C_CUSTKEY FROM CUSTOMER WHERE C_ACCTBAL > 2000,11.0,11.0,1.0,0.0,0.0,0.0,1.0,0.0,0.0,1.0,0.0,14892.0,14892.0,14892.0,9.608646582885868,33.33,33.33,0.0,0.0,0.0,1.0,0.0,0.0,0.0,0.0,1.0,2,1.9408832496269044,0.04237829711698418,1,1,1.0
single_table_filters,Q072,72,3.0266,2.89,3.1005,3,OK,,"SELECT C_CUSTKEY, C_ACCTBAL FROM CUSTOMER WHERE C_ACCTBAL BETWEEN 100 AND 500",11.0,11.0,1.0,0.0,0.0,0.0,1.0,0.0,0.0,1.0,0.0,14892.0,14892.0,14892.0,9.608646582885868,11.11,11.11,0.0,0.0,0.0,1.0,0.0,0.0,0.0,0.0,1.0,2,1.3929223474101116,0.02150281715607375,1,1,1.0
single_table_filters,Q073,73,3.3053,3.2287,3.3582,3,OK,,"SELECT C_CUSTKEY, C_ACCTBAL FROM CUSTOMER WHERE C_ACCTBAL BETWEEN 500 AND 1000",11.0,11.0,1.0,0.0,0.0,0.0,1.0,0.0,0.0,1.0,0.0,14892.0,14892.0,14892.0,9.608646582885868,11.11,11.11,0.0,0.0,0.0,1.0,0.0,0.0,0.0,0.0,1.0,2,1.4598468218628589,0.023482872380218914,1,1,1.0
single_table_filters,Q074,74,2.6965,2.5763,2.8613,3,OK,,SELECT C_CUSTKEY FROM CUSTOMER WHERE C_NATIONKEY BETWEEN 6 AND 12,9.0,9.0,0.0,0.0,1.0,0.0,1.0,1.0,1.0,0.0,1.0,4257.0,4257.0,4257.0,8.356554845453426,100.0,100.0,0.0,0.0,1.0,1.0,0.0,0.0,0.0,0.0,1.0,2,1.3073864260150176,0.019157584900995464,0,0,0.0
single_table_filters,Q075,75,1.7083,1.0578,2.9359,3,OK,,SELECT * FROM PART WHERE P_SIZE = 10,3.0,3.0,0.0,0.0,0.0,1.0,1.0,1.0,1.0,0.0,1.0,401.0,401.0,401.0,5.996452088619021,100.0,100.0,0.0,0.0,0.0,0.0,0.0,0.0,0.0,0.0,1.0,2,0.9963211317796435,0.012136807819903781,0,0,0.005
single_table_filters,Q076,76,1.0609,1.0248,1.11,3,OK,,SELECT * FROM PART WHERE P_SIZE = 20,3.0,3.0,0.0,0.0,0.0,1.0,1.0,1.0,1.0,0.0,1.0,431.0,431.0,431.0,6.068425588244111,100.0,100.0,0.0,0.0,0.0,0.0,0.0,0.0,0.0,0.0,1.0,2,0.7231427805953257,0.00753728233690565,0,0,0.0
single_table_filters,Q077,77,8.5213,8.1451,8.972,3,OK,,SELECT * FROM PART WHERE P_SIZE BETWEEN 5 AND 15,9.0,9.0,0.0,0.0,1.0,0.0,1.0,1.0,1.0,0.0,1.0,4422.0,4422.0,4422.0,8.394573477868327,100.0,100.0,0.0,0.0,1.0,0.0,0.0,0.0,0.0,0.0,1.0,2,2.253531394102389,0.0605405259472845,0,0,0.0
single_table_filters,Q078,78,34.0821,33.7362,34.6621,3,OK,,SELECT * FROM PART WHERE P_RETAILPRICE > 500,11.0,11.0,1.0,0.0,0.0,0.0,1.0,0.0,0.0,1.0,0.0,19919.0,19919.0,19919.0,9.899479531138589,33.33,33.33,0.0,0.0,0.0,1.0,0.0,0.0,0.0,0.0,1.0,2,3.5576910288821515,0.24214007949349803,1,1,1.0
single_table_filters,Q079,79,31.2235,30.9625,31.3765,3,OK,,SELECT * FROM PART WHERE P_RETAILPRICE > 1000,11.0,11.0,1.0,0.0,0.0,0.0,1.0,0.0,0.0,1.0,0.0,19919.0,19919.0,19919.0,9.899479531138589,33.33,33.33,0.0,0.0,0.0,1.0,0.0,0.0,0.0,0.0,1.0,2,3.4726960000304685,0.22183083706887888,1,1,1.0
single_table_filters,Q080,80,6.9358,6.7125,7.1232,3,OK,,SELECT * FROM PART WHERE P_RETAILPRICE BETWEEN 200 AND 800,11.0,11.0,1.0,0.0,0.0,0.0,1.0,0.0,0.0,1.0,0.0,19919.0,19919.0,19919.0,9.899479531138589,11.11,11.11,0.0,0.0,0.0,1.0,0.0,0.0,0.0,0.0,1.0,2,2.0713841680521026,0.04927616441918203,1,1,1.0
single_table_filters,Q081,81,24.7754,24.2694,25.721,3,OK,,SELECT * FROM PART WHERE P_SIZE >= 15,11.0,11.0,1.0,0.0,0.0,0.0,1.0,0.0,0.0,1.0,1.0,19919.0,19919.0,19919.0,9.899479531138589,50.0,50.0,0.0,0.0,0.0,1.0,0.0,0.0,0.0,0.0,1.0,2,3.249420548696283,0.17601959167666345,1,1,1.0
single_table_filters,Q082,82,3.8298,3.7977,3.8837,3,OK,,"SELECT P_PARTKEY, P_NAME FROM PART WHERE P_RETAILPRICE < 300",11.0,11.0,1.0,0.0,0.0,0.0,1.0,0.0,0.0,1.0,0.0,19919.0,19919.0,19919.0,9.899479531138589,33.33,33.33,0.0,0.0,0.0,1.0,0.0,0.0,0.0,0.0,1.0,2,1.5748050589396572,0.02720924111026606,1,1,1.0
single_table_filters,Q083,83,1.6873,1.3182,2.3841,3,OK,,"SELECT P_PARTKEY, P_SIZE FROM PART WHERE P_SIZE < 5",9.0,9.0,0.0,0.0,1.0,0.0,1.0,1.0,1.0,0.0,1.0,1663.0,1663.0,1663.0,7.416979621381154,100.0,100.0,0.0,0.0,1.0,1.0,0.0,0.0,0.0,0.0,1.0,2,0.9885369720799283,0.011987610978471962,0,0,0.002857142857142857
single_table_filters,Q084,84,24.5722,24.3308,25.0457,3,OK,,SELECT * FROM PART WHERE P_RETAILPRICE >= 1200,11.0,11.0,1.0,0.0,0.0,0.0,1.0,0.0,0.0,1.0,0.0,19919.0,19919.0,19919.0,9.899479531138589,33.33,33.33,0.0,0.0,0.0,1.0,0.0,0.0,0.0,0.0,1.0,2,3.241505823928174,0.17457593462052315,1,1,1.0
single_table_filters,Q085,85,3.1186,3.0369,3.2607,3,OK,,"SELECT P_PARTKEY, P_RETAILPRICE FROM PART WHERE P_RETAILPRICE <= 300",11.0,11.0,1.0,0.0,0.0,0.0,1.0,0.0,0.0,1.0,0.0,19919.0,19919.0,19919.0,9.899479531138589,33.33,33.33,0.0,0.0,0.0,1.0,0.0,0.0,0.0,0.0,1.0,2,1.4155132997891107,0.02215644141377506,1,1,1.0
single_table_filters,Q086,86,5.9551,5.8983,6.0133,3,OK,,"SELECT P_PARTKEY, P_NAME FROM PART WHERE P_NAME LIKE '%green%'",11.0,11.0,1.0,0.0,0.0,0.0,1.0,0.0,0.0,1.0,0.0,19919.0,19919.0,19919.0,9.899479531138589,11.11,11.11,0.0,0.0,0.0,1.0,0.0,0.0,0.0,0.0,1.0,2,1.9394752034172609,0.042308671924316,1,1,1.0
single_table_filters,Q087,87,9.2302,9.0898,9.3745,3,OK,,SELECT P_PARTKEY FROM PART WHERE P_SIZE > 5,9.0,9.0,0.0,0.0,1.0,0.0,1.0,1.0,1.0,0.0,1.0,9959.0,9959.0,9959.0,9.206332350578643,100.0,100.0,0.0,0.0,1.0,1.0,0.0,0.0,0.0,0.0,1.0,2,2.3253441301145608,0.06557698503733296,0,0,0.0
single_table_filters,Q088,88,8.109,7.9203,8.2432,3,OK,,SELECT P_PARTKEY FROM PART WHERE P_SIZE > 10,9.0,9.0,0.0,0.0,1.0,0.0,1.0,1.0,1.0,0.0,1.0,9959.0,9959.0,9959.0,9.206332350578643,100.0,100.0,0.0,0.0,1.0,1.0,0.0,0.0,0.0,0.0,1.0,2,2.209262935762673,0.057611294627173085,0,0,0.0
single_table_filters,Q089,89,7.1387,7.005,7.348,3,OK,,SELECT P_PARTKEY FROM PART WHERE P_SIZE > 15,9.0,9.0,0.0,0.0,1.0,0.0,1.0,1.0,1.0,0.0,1.0,9959.0,9959.0,9959.0,9.206332350578643,100.0,100.0,0.0,0.0,1.0,1.0,0.0,0.0,0.0,0.0,1.0,2,2.0966304621005167,0.05071769009187329,0,0,0.0
single_table_filters,Q090,90,6.1246,5.9147,6.2897,3,OK,,SELECT P_PARTKEY FROM PART WHERE P_SIZE > 20,9.0,9.0,0.0,0.0,1.0,0.0,1.0,1.0,1.0,0.0,1.0,9959.0,9959.0,9959.0,9.206332350578643,100.0,100.0,0.0,0.0,1.0,1.0,0.0,0.0,0.0,0.0,1.0,2,1.9635535842279086,0.043512903573015696,0,0,0.0
single_table_filters,Q091,91,18.1683,17.8205,18.4305,3,OK,,"SELECT P_PARTKEY, P_RETAILPRICE FROM PART WHERE P_RETAILPRICE > 200",11.0,11.0,1.0,0.0,0.0,0.0,1.0,0.0,0.0,1.0,0.0,19919.0,19919.0,19919.0,9.899479531138589,33.33,33.33,0.0,0.0,0.0,1.0,0.0,0.0,0.0,0.0,1.0,2,2.9532578728957035,0.12907871305646426,1,1,1.0
single_table_filters,Q092,92,18.5081,18.3106,18.6323,3,OK,,"SELECT P_PARTKEY, P_RETAILPRICE FROM PART WHERE P_RETAILPRICE > 600",11.0,11.0,1.0,0.0,0.0,0.0,1.0,0.0,0.0,1.0,0.0,19919.0,19919.0,19919.0,9.899479531138589,33.33,33.33,0.0,0.0,0.0,1.0,0.0,0.0,0.0,0.0,1.0,2,2.9708297639367798,0.13149286004306104,1,1,1.0
single_table_filters,Q093,93,13.264,13.0944,13.3599,3,OK,,"SELECT P_PARTKEY, P_RETAILPRICE FROM PART WHERE P_RETAILPRICE > 1200",11.0,11.0,1.0,0.0,0.0,0.0,1.0,0.0,0.0,1.0,0.0,19919.0,19919.0,19919.0,9.899479531138589,33.33,33.33,0.0,0.0,0.0,1.0,0.0,0.0,0.0,0.0,1.0,2,2.657738880560839,0.0942355668929367,1,1,1.0
single_table_filters,Q094,94,8.0539,8.0485,8.0599,3,OK,,"SELECT P_PARTKEY, P_RETAILPRICE FROM PART WHERE P_RETAILPRICE > 1500",11.0,11.0,1.0,0.0,0.0,0.0,1.0,0.0,0.0,1.0,0.0,19919.0,19919.0,19919.0,9.899479531138589,33.33,33.33,0.0,0.0,0.0,1.0,0.0,0.0,0.0,0.0,1.0,2,2.2031956041107135,0.05721983053370197,1,1,1.0
single_table_filters,Q095,95,4.4686,4.4266,4.5163,3,OK,,SELECT P_PARTKEY FROM PART WHERE P_SIZE BETWEEN 10 AND 30,9.0,9.0,0.0,0.0,1.0,0.0,1.0,1.0,1.0,0.0,1.0,8352.0,8352.0,8352.0,9.030376034755907,100.0,100.0,0.0,0.0,1.0,1.0,0.0,0.0,0.0,0.0,1.0,2,1.699022642176189,0.03174766693439211,0,0,0.0
single_table_filters,Q096,96,1.5263,1.4208,1.696,3,OK,,SELECT * FROM SUPPLIER WHERE S_ACCTBAL > 1000,11.0,11.0,1.0,0.0,0.0,0.0,1.0,0.0,0.0,1.0,0.0,1000.0,1000.0,1000.0,6.90875477931522,33.33,33.33,0.0,0.0,0.0,1.0,0.0,0.0,0.0,0.0,1.0,2,0.9267557817219191,0.01084376852749467,1,1,1.0
single_table_filters,Q097,97,0.5713,0.55,0.6062,3,OK,,SELECT * FROM SUPPLIER WHERE S_ACCTBAL BETWEEN 500 AND 1500,11.0,11.0,1.0,0.0,0.0,0.0,1.0,0.0,0.0,1.0,0.0,1000.0,1000.0,1000.0,6.90875477931522,11.11,11.11,0.0,0.0,0.0,1.0,0.0,0.0,0.0,0.0,1.0,2,0.45190330221394903,0.004058864548095201,1,1,1.0
single_table_filters,Q098,98,0.2783,0.2624,0.3066,3,OK,,"SELECT S_SUPPKEY, S_NAME FROM SUPPLIER WHERE S_NATIONKEY = 3",11.0,11.0,1.0,0.0,0.0,0.0,1.0,0.0,0.0,1.0,0.0,1000.0,1000.0,1000.0,6.90875477931522,10.0,10.0,0.0,0.0,0.0,1.0,0.0,0.0,0.0,0.0,1.0,2,0.24553107019183898,0.001977213379546463,1,1,1.0
single_table_filters,Q099,99,0.6823,0.6193,0.7175,3,OK,,SELECT * FROM SUPPLIER WHERE S_ACCTBAL < 500,11.0,11.0,1.0,0.0,0.0,0.0,1.0,0.0,0.0,1.0,0.0,1000.0,1000.0,1000.0,6.90875477931522,33.33,33.33,0.0,0.0,0.0,1.0,0.0,0.0,0.0,0.0,1.0,2,0.5201619047429776,0.004847476424234825,1,1,1.0
single_table_filters,Q100,100,0.3981,0.3947,0.4046,3,OK,,"SELECT S_SUPPKEY, S_PHONE FROM SUPPLIER WHERE S_NATIONKEY BETWEEN 5 AND 10",11.0,11.0,1.0,0.0,0.0,0.0,1.0,0.0,0.0,1.0,0.0,1000.0,1000.0,1000.0,6.90875477931522,11.11,11.11,0.0,0.0,0.0,1.0,0.0,0.0,0.0,0.0,1.0,2,0.33511417201164184,0.0028283458368575168,1,1,1.0
single_table_filters,Q101,101,1.3481,1.2941,1.4201,3,OK,,SELECT * FROM SUPPLIER WHERE S_ACCTBAL >= 2000,11.0,11.0,1.0,0.0,0.0,0.0,1.0,0.0,0.0,1.0,0.0,1000.0,1000.0,1000.0,6.90875477931522,33.33,33.33,0.0,0.0,0.0,1.0,0.0,0.0,0.0,0.0,1.0,2,0.8536064904967651,0.00957772675877322,1,1,1.0
single_table_filters,Q102,102,0.525,0.4703,0.6155,3,OK,,SELECT * FROM SUPPLIER WHERE S_NATIONKEY = 7,11.0,11.0,1.0,0.0,0.0,0.0,1.0,0.0,0.0,1.0,0.0,1000.0,1000.0,1000.0,6.90875477931522,10.0,10.0,0.0,0.0,0.0,1.0,0.0,0.0,0.0,0.0,1.0,2,0.42199441005937494,0.0037299210357955195,1,1,1.0
single_table_filters,Q103,103,0.3202,0.3103,0.3374,3,OK,,"SELECT S_SUPPKEY, S_ACCTBAL FROM SUPPLIER WHERE S_ACCTBAL BETWEEN 200 AND 800",11.0,11.0,1.0,0.0,0.0,0.0,1.0,0.0,0.0,1.0,0.0,1000.0,1000.0,1000.0,6.90875477931522,11.11,11.11,0.0,0.0,0.0,1.0,0.0,0.0,0.0,0.0,1.0,2,0.27778324027253337,0.0022748966012604292,1,1,1.0
single_table_filters,Q104,104,0.7685,0.7551,0.7911,3,OK,,SELECT S_SUPPKEY FROM SUPPLIER WHERE S_ACCTBAL > 100,11.0,11.0,1.0,0.0,0.0,0.0,1.0,0.0,0.0,1.0,0.0,1000.0,1000.0,1000.0,6.90875477931522,33.33,33.33,0.0,0.0,0.0,1.0,0.0,0.0,0.0,0.0,1.0,2,0.5701317296633982,0.005459893935254965,1,1,1.0
single_table_filters,Q105,105,3.3258,2.7004,3.8036,3,OK,,SELECT S_SUPPKEY FROM SUPPLIER WHERE S_ACCTBAL > 500,11.0,11.0,1.0,0.0,0.0,0.0,1.0,0.0,0.0,1.0,0.0,1000.0,1000.0,1000.0,6.90875477931522,33.33,33.33,0.0,0.0,0.0,1.0,0.0,0.0,0.0,0.0,1.0,2,1.4645970943770643,0.02362851691590236,1,1,1.0
single_table_filters,Q106,106,0.803,0.7544,0.8966,3,OK,,SELECT S_SUPPKEY FROM SUPPLIER WHERE S_ACCTBAL > 1000,11.0,11.0,1.0,0.0,0.0,0.0,1.0,0.0,0.0,1.0,0.0,1000.0,1000.0,1000.0,6.90875477931522,33.33,33.33,0.0,0.0,0.0,1.0,0.0,0.0,0.0,0.0,1.0,2,0.5894519442211802,0.005705003031892957,1,1,1.0
single_table_filters,Q107,107,1.4664,0.8498,2.0959,3,OK,,SELECT S_SUPPKEY FROM SUPPLIER WHERE S_ACCTBAL > 1500,11.0,11.0,1.0,0.0,0.0,0.0,1.0,0.0,0.0,1.0,0.0,1000.0,1000.0,1000.0,6.90875477931522,33.33,33.33,0.0,0.0,0.0,1.0,0.0,0.0,0.0,0.0,1.0,2,0.9027595975898035,0.010418202298839142,1,1,1.0
single_table_filters,Q108,108,0.7073,0.6065,0.8374,3,OK,,SELECT S_SUPPKEY FROM SUPPLIER WHERE S_ACCTBAL > 1800,11.0,11.0,1.0,0.0,0.0,0.0,1.0,0.0,0.0,1.0,0.0,1000.0,1000.0,1000.0,6.90875477931522,33.33,33.33,0.0,0.0,0.0,1.0,0.0,0.0,0.0,0.0,1.0,2,0.5349131752950509,0.005025091711653659,1,1,1.0
single_table_filters,Q109,109,0.3093,0.295,0.3323,3,OK,,"SELECT S_SUPPKEY, S_ACCTBAL FROM SUPPLIER WHERE S_ACCTBAL BETWEEN 100 AND 600",11.0,11.0,1.0,0.0,0.0,0.0,1.0,0.0,0.0,1.0,0.0,1000.0,1000.0,1000.0,6.90875477931522,11.11,11.11,0.0,0.0,0.0,1.0,0.0,0.0,0.0,0.0,1.0,2,0.2694926432515706,0.0021974563359458176,1,1,1.0
single_table_filters,Q110,110,0.3213,0.3055,0.3488,3,OK,,"SELECT S_SUPPKEY, S_ACCTBAL FROM SUPPLIER WHERE S_ACCTBAL BETWEEN 600 AND 1200",11.0,11.0,1.0,0.0,0.0,0.0,1.0,0.0,0.0,1.0,0.0,1000.0,1000.0,1000.0,6.90875477931522,11.11,11.11,0.0,0.0,0.0,1.0,0.0,0.0,0.0,0.0,1.0,2,0.27861610043803414,0.0022827116739068576,1,1,1.0
single_table_filters,Q111,111,0.322,0.3105,0.3388,3,OK,,SELECT S_SUPPKEY FROM SUPPLIER WHERE S_NATIONKEY BETWEEN 1 AND 5,11.0,11.0,1.0,0.0,0.0,0.0,1.0,0.0,0.0,1.0,0.0,1000.0,1000.0,1000.0,6.90875477931522,11.11,11.11,0.0,0.0,0.0,1.0,0.0,0.0,0.0,0.0,1.0,2,0.27914574142949455,0.0022876849019545856,1,1,1.0
two_table_joins,Q001,112,88.6659,88.2421,89.2825,3,OK,,"SELECT o.O_ORDERKEY, c.C_NAME FROM   ORDERS   o JOIN   CUSTOMER c ON o.O_CUSTKEY = c.C_CUSTKEY",11.0,7.0,1.0,0.0,0.0,1.0,2.0,1.0,0.5,0.0,1.0,14906.0,14892.0,7453.0,9.60958618027043,100.0,100.0,0.0,0.0,1.0,0.0,0.0,0.0,0.0,0.0,1.0,4,4.496090540711303,0.6299367725099846,1,1,1.0
two_table_joins,Q002,113,115.8903,114.7625,117.29,3,OK,,"SELECT o.O_ORDERKEY, c.C_ACCTBAL FROM   ORDERS   o JOIN   CUSTOMER c ON o.O_CUSTKEY = c.C_CUSTKEY WHERE  c.C_ACCTBAL > 5",11.0,7.0,1.0,0.0,0.0,1.0,2.0,1.0,0.5,0.0,1.0,14906.0,14892.0,7453.0,9.60958618027043,66.66499999999999,33.33,0.0,0.0,1.0,1.0,0.0,0.0,0.0,0.0,1.0,4,4.761235888131913,0.8233555577421972,1,1,1.0
two_table_joins,Q003,114,134.2547,131.3953,138.8626,3,OK,,"SELECT o.O_ORDERKEY, c.C_NAME FROM   ORDERS   o JOIN   CUSTOMER c ON o.O_CUSTKEY = c.C_CUSTKEY WHERE  o.O_TOTALPRICE > 2",11.0,6.5,1.0,0.0,0.0,1.0,2.0,1.0,0.5,0.0,1.5,148466.0,148465.0,74233.0,11.908117990307652,75.0,50.0,0.0,0.0,0.0,1.0,0.0,0.0,0.0,0.0,1.0,4,4.9071596675849145,0.9538274851131748,1,1,1.0
two_table_joins,Q004,115,35.1003,33.8406,36.5452,3,OK,,"SELECT o.O_ORDERKEY, c.C_NATIONKEY FROM   ORDERS   o JOIN   CUSTOMER c ON o.O_CUSTKEY = c.C_CUSTKEY WHERE  c.C_NATIONKEY",9.0,6.0,0.0,0.0,1.0,1.0,2.0,2.0,1.0,0.0,1.5,6057.0,6043.0,3028.5,8.709134991587183,100.0,100.0,0.0,0.0,1.0,1.0,0.0,0.0,0.0,0.0,1.0,4,3.5863011755536127,0.2493739949194923,0,0,0.005416666666666666
two_table_joins,Q005,116,80.8723,67.0395,107.2936,3,OK,,"SELECT o.O_ORDERKEY, c.C_NAME FROM   ORDERS   o JOIN   CUSTOMER c ON o.O_CUSTKEY = c.C_CUSTKEY WHERE  o.O_ORDERDATE > '1",11.0,6.5,1.0,0.0,0.0,1.0,2.0,1.0,0.5,0.0,1.5,148466.0,148465.0,74233.0,11.908117990307652,75.0,50.0,0.0,0.0,0.0,1.0,0.0,0.0,0.0,0.0,1.0,4,4.405160716312423,0.5745662723488876,1,1,1.0
two_table_joins,Q006,117,79.9672,78.186,82.8729,3,OK,,"SELECT o.O_ORDERKEY, c.C_NAME FROM   ORDERS   o JOIN   CUSTOMER c ON o.O_CUSTKEY = c.C_CUSTKEY WHERE  c.C_ACCTBAL > 100",11.0,7.0,1.0,0.0,0.0,1.0,2.0,1.0,0.5,0.0,1.0,14906.0,14892.0,7453.0,9.60958618027043,66.66499999999999,33.33,0.0,0.0,1.0,1.0,0.0,0.0,0.0,0.0,1.0,4,4.394044134391192,0.5681358884831762,1,1,1.0
two_table_joins,Q007,118,71.6684,71.5951,71.7175,3,OK,,"SELECT o.O_ORDERKEY, c.C_NAME FROM   ORDERS   o JOIN   CUSTOMER c ON o.O_CUSTKEY = c.C_CUSTKEY WHERE  c.C_ACCTBAL > 1000",11.0,7.0,1.0,0.0,0.0,1.0,2.0,1.0,0.5,0.0,1.0,14906.0,14892.0,7453.0,9.60958618027043,66.66499999999999,33.33,0.0,0.0,1.0,1.0,0.0,0.0,0.0,0.0,1.0,4,4.285906627047505,0.5091761385939193,1,1,1.0
two_table_joins,Q008,119,17.5235,16.5246,18.189,3,OK,,"SELECT o.O_ORDERKEY, c.C_ACCTBAL FROM   ORDERS   o JOIN   CUSTOMER c ON o.O_CUSTKEY = c.C_CUSTKEY WHERE  o.O_TOTALPRICE ",9.0,5.5,0.0,0.0,1.0,1.0,2.0,2.0,1.0,0.0,1.5,8414.0,8413.0,4207.0,9.037771106624906,100.0,100.0,0.0,0.0,1.0,0.0,0.0,0.0,0.0,0.0,1.0,4,2.9190401962438495,0.12449765956335768,0,0,0.0
two_table_joins,Q009,120,38.2232,37.276,40.1136,3,OK,,"SELECT o.O_ORDERKEY, c.C_NATIONKEY FROM   ORDERS   o JOIN   CUSTOMER c ON o.O_CUSTKEY = c.C_CUSTKEY WHERE  c.C_NATIONKEY",9.0,6.0,0.0,0.0,1.0,1.0,2.0,2.0,1.0,0.0,1.5,6670.0,6656.0,3335.0,8.805525052709516,100.0,100.0,0.0,0.0,1.0,1.0,0.0,0.0,0.0,0.0,1.0,4,3.669268408464821,0.2715609861627034,0,0,0.005416666666666666
two_table_joins,Q010,121,72.0634,70.7487,73.4291,3,OK,,"SELECT o.O_ORDERKEY, c.C_NAME FROM   ORDERS   o JOIN   CUSTOMER c ON o.O_CUSTKEY = c.C_CUSTKEY WHERE  o.O_ORDERDATE BETW",11.0,6.5,1.0,0.0,0.0,1.0,2.0,1.0,0.5,0.0,1.5,148466.0,148465.0,74233.0,11.908117990307652,75.0,50.0,0.0,0.0,0.0,1.0,0.0,0.0,0.0,0.0,1.0,4,4.29132755737712,0.5119824601351368,1,1,1.0
two_table_joins,Q011,122,150.0369,147.8363,153.8268,3,OK,,"SELECT o.O_ORDERKEY, c.C_NAME FROM   ORDERS   o JOIN   CUSTOMER c ON o.O_CUSTKEY = c.C_CUSTKEY WHERE  o.O_TOTALPRICE > 1",11.0,7.0,1.0,0.0,0.0,1.0,2.0,1.0,0.5,0.0,1.5,14906.0,14892.0,7453.0,9.60958618027043,41.665,33.33,0.0,0.0,0.0,1.0,0.0,0.0,0.0,0.0,1.0,4,5.017524177822156,1.0659538846772358,1,1,1.0
two_table_joins,Q012,123,136.5284,132.9541,141.0403,3,OK,,"SELECT o.O_ORDERKEY, c.C_NAME FROM   ORDERS   o JOIN   CUSTOMER c ON o.O_CUSTKEY = c.C_CUSTKEY WHERE  o.O_TOTALPRICE > 3",11.0,7.0,1.0,0.0,0.0,1.0,2.0,1.0,0.5,0.0,1.5,14906.0,14892.0,7453.0,9.60958618027043,41.665,33.33,0.0,0.0,0.0,1.0,0.0,0.0,0.0,0.0,1.0,4,4.923830441233596,0.9699812402733429,1,1,1.0
two_table_joins,Q013,124,8.0979,7.8063,8.5509,3,OK,,"SELECT o.O_ORDERKEY, c.C_NAME FROM   ORDERS   o JOIN   CUSTOMER c ON o.O_CUSTKEY = c.C_CUSTKEY WHERE  o.O_TOTALPRICE  BE",3.0,3.0,0.0,0.0,0.0,1.0,2.0,2.0,1.0,0.0,2.0,630.0,616.0,315.0,6.447305862541213,58.605000000000004,17.21,0.0,0.0,0.0,1.0,0.0,0.0,0.0,0.0,1.0,4,2.208043617660719,0.05753243343955911,0,0,0.005
two_table_joins,Q014,125,136.3523,131.0417,140.5445,3,OK,,"SELECT o.O_ORDERKEY, c.C_NAME FROM   ORDERS   o JOIN   CUSTOMER c ON o.O_CUSTKEY = c.C_CUSTKEY WHERE  o.O_ORDERDATE BETW",11.0,7.0,1.0,0.0,0.0,1.0,2.0,1.0,0.5,0.0,1.5,14906.0,14892.0,7453.0,9.60958618027043,31.07,28.81,0.0,0.0,0.0,1.0,0.0,0.0,0.0,0.0,1.0,4,4.922549157941668,0.9687301181887646,1,1,1.0
two_table_joins,Q015,126,40.1555,39.4242,40.7921,3,OK,,"SELECT o.O_ORDERKEY, c.C_NAME FROM   ORDERS   o JOIN   CUSTOMER c ON o.O_CUSTKEY = c.C_CUSTKEY WHERE  o.O_ORDERDATE   > ",9.0,6.0,0.0,0.0,1.0,1.0,2.0,2.0,1.0,0.0,2.0,3629.0,3615.0,1814.5,8.196987927258897,75.0,50.0,0.0,0.0,1.0,1.0,0.0,0.0,0.0,0.0,1.0,4,3.717357575542885,0.28528922695788,0,0,0.0
two_table_joins,Q016,127,545.1998,543.212,547.7472,3,OK,,"SELECT o.O_ORDERKEY, l.L_QUANTITY FROM   ORDERS  o JOIN   LINEITEM l ON o.O_ORDERKEY = l.L_ORDERKEY",10.0,6.5,0.0,1.0,0.0,1.0,2.0,2.0,1.0,0.0,1.0,148469.0,148465.0,74234.5,11.908138196614042,100.0,100.0,0.0,0.0,1.0,0.0,0.0,0.0,0.0,0.0,1.0,4,6.302984842873298,3.873432767107638,1,1,0.8766666666666666
two_table_joins,Q017,128,367.6961,365.1281,370.8001,3,OK,,"SELECT o.O_ORDERKEY, l.L_QUANTITY FROM   ORDERS  o JOIN   LINEITEM l ON o.O_ORDERKEY = l.L_ORDERKEY WHERE  l.L_QUANTITY ",10.0,6.5,0.0,1.0,0.0,1.0,2.0,2.0,1.0,0.0,1.0,148469.0,148465.0,74234.5,11.908138196614042,66.66499999999999,33.33,0.0,0.0,1.0,1.0,0.0,0.0,0.0,0.0,1.0,4,5.909972727478703,2.612337939371377,0,0,0.0
two_table_joins,Q018,129,543.0616,540.1962,548.0758,3,OK,,"SELECT o.O_ORDERKEY, l.L_QUANTITY FROM   ORDERS  o JOIN   LINEITEM l ON o.O_ORDERKEY = l.L_ORDERKEY WHERE  o.O_TOTALPRIC",9.0,6.0,0.0,0.0,1.0,1.0,2.0,2.0,1.0,0.0,1.5,74236.0,74232.0,37118.0,11.215017957160839,100.0,100.0,0.0,0.0,1.0,1.0,0.0,0.0,0.0,0.0,1.0,4,6.2990624757394285,3.8582416868052802,1,1,0.9125555555555555
two_table_joins,Q019,130,421.0045,402.7388,447.899,3,OK,,"SELECT o.O_ORDERKEY, l.L_SHIPDATE FROM   ORDERS  o JOIN   LINEITEM l ON o.O_ORDERKEY = l.L_ORDERKEY WHERE  l.L_SHIPDATE ",10.0,6.5,0.0,1.0,0.0,1.0,2.0,2.0,1.0,0.0,1.5,148469.0,148465.0,74234.5,11.908138196614042,75.0,50.0,0.0,0.0,1.0,1.0,0.0,0.0,0.0,0.0,1.0,4,6.045015977486266,2.9910734108849044,0,0,0.0
two_table_joins,Q020,131,355.8587,346.5642,361.8384,3,OK,,"SELECT o.O_ORDERKEY, l.L_DISCOUNT FROM   ORDERS  o JOIN   LINEITEM l ON o.O_ORDERKEY = l.L_ORDERKEY WHERE  l.L_DISCOUNT ",10.0,6.5,0.0,1.0,0.0,1.0,2.0,2.0,1.0,0.0,1.0,148469.0,148465.0,74234.5,11.908138196614042,66.66499999999999,33.33,0.0,0.0,1.0,1.0,0.0,0.0,0.0,0.0,1.0,4,5.877339905111483,2.5282378112397086,0,0,0.0
two_table_joins,Q021,132,438.45,436.7472,441.6895,3,OK,,"SELECT o.O_ORDERKEY, l.L_QUANTITY FROM   ORDERS  o JOIN   LINEITEM l ON o.O_ORDERKEY = l.L_ORDERKEY WHERE  l.L_QUANTITY ",10.0,6.5,0.0,1.0,0.0,1.0,2.0,2.0,1.0,0.0,1.0,148469.0,148465.0,74234.5,11.908138196614042,66.66499999999999,33.33,0.0,0.0,1.0,1.0,0.0,0.0,0.0,0.0,1.0,4,6.085523945010654,3.1150169107515153,0,0,0.0
two_table_joins,Q022,133,348.5799,346.4833,351.4548,3,OK,,"SELECT o.O_ORDERKEY, l.L_QUANTITY FROM   ORDERS  o JOIN   LINEITEM l ON o.O_ORDERKEY = l.L_ORDERKEY WHERE  l.L_QUANTITY ",10.0,6.5,0.0,1.0,0.0,1.0,2.0,2.0,1.0,0.0,1.0,148469.0,148465.0,74234.5,11.908138196614042,66.66499999999999,33.33,0.0,0.0,1.0,1.0,0.0,0.0,0.0,0.0,1.0,4,5.856732147849344,2.4765247650771403,0,0,0.0
two_table_joins,Q023,134,344.6513,343.2585,346.7455,3,OK,,"SELECT o.O_ORDERKEY, l.L_DISCOUNT FROM   ORDERS  o JOIN   LINEITEM l ON o.O_ORDERKEY = l.L_ORDERKEY WHERE  l.L_DISCOUNT ",11.0,6.5,1.0,0.0,0.0,1.0,2.0,1.0,0.5,0.0,1.0,594746.0,594745.0,297373.0,13.29589138401629,55.555,11.11,0.0,0.0,1.0,1.0,0.0,0.0,0.0,0.0,1.0,4,5.845430463414145,2.448613588350995,1,1,0.9985714285714287
two_table_joins,Q024,135,414.7153,411.1303,419.5887,3,OK,,"SELECT o.O_ORDERKEY, l.L_SHIPDATE FROM   ORDERS  o JOIN   LINEITEM l ON o.O_ORDERKEY = l.L_ORDERKEY WHERE  l.L_SHIPDATE ",10.0,6.5,0.0,1.0,0.0,1.0,2.0,2.0,1.0,0.0,1.5,148469.0,148465.0,74234.5,11.908138196614042,75.0,50.0,0.0,0.0,1.0,1.0,0.0,0.0,0.0,0.0,1.0,4,6.030000650969791,2.946391088259523,0,0,0.0
two_table_joins,Q025,136,552.7778,538.6246,576.3891,3,OK,,"SELECT o.O_ORDERKEY, l.L_QUANTITY FROM   ORDERS  o JOIN   LINEITEM l ON o.O_ORDERKEY = l.L_ORDERKEY WHERE  o.O_TOTALPRIC",9.0,6.0,0.0,0.0,1.0,1.0,2.0,2.0,1.0,0.0,1.5,74236.0,74232.0,37118.0,11.215017957160839,100.0,100.0,0.0,0.0,1.0,1.0,0.0,0.0,0.0,0.0,1.0,4,6.31676352325948,3.927271513030035,1,1,0.9125555555555555
two_table_joins,Q026,137,76.1945,71.6817,84.0717,3,OK,,"SELECT p.P_PARTKEY, ps.PS_SUPPLYCOST FROM   PART     p JOIN   PARTSUPP ps ON p.P_PARTKEY = ps.PS_PARTKEY",10.0,6.5,0.0,1.0,0.0,1.0,2.0,2.0,1.0,0.0,1.5,19922.0,19919.0,9961.0,9.899630122208823,100.0,100.0,0.0,0.0,1.0,0.0,0.0,0.0,0.0,0.0,1.0,4,4.3463282109694745,0.5413323206893748,0,0,0.0
two_table_joins,Q027,138,56.7571,56.4903,57.2144,3,OK,,"SELECT p.P_PARTKEY, ps.PS_SUPPLYCOST FROM   PART     p JOIN   PARTSUPP ps ON p.P_PARTKEY = ps.PS_PARTKEY WHERE  p.P_SIZE",9.0,6.0,0.0,0.0,1.0,1.0,2.0,2.0,1.0,0.0,2.0,9962.0,9959.0,4981.0,9.206633510044856,100.0,100.0,0.0,0.0,1.0,1.0,0.0,0.0,0.0,0.0,1.0,4,4.0562462855678865,0.40323714518238074,0,0,0.0
two_table_joins,Q028,139,40.6986,40.1479,41.465,3,OK,,"SELECT p.P_PARTKEY, ps.PS_SUPPLYCOST FROM   PART     p JOIN   PARTSUPP ps ON p.P_PARTKEY = ps.PS_PARTKEY WHERE  ps.PS_SU",10.0,6.5,0.0,1.0,0.0,1.0,2.0,2.0,1.0,0.0,1.5,19922.0,19919.0,9961.0,9.899630122208823,66.66499999999999,33.33,0.0,0.0,1.0,1.0,0.0,0.0,0.0,0.0,1.0,4,3.730467555099678,0.2891477414617667,0,0,0.0
two_table_joins,Q029,140,45.2498,45.1008,45.4251,3,OK,,"SELECT p.P_PARTKEY, ps.PS_AVAILQTY FROM   PART     p JOIN   PARTSUPP ps ON p.P_PARTKEY = ps.PS_PARTKEY WHERE  ps.PS_AVAI",10.0,6.5,0.0,1.0,0.0,1.0,2.0,2.0,1.0,0.0,1.5,19922.0,19919.0,9961.0,9.899630122208823,66.66499999999999,33.33,0.0,0.0,1.0,1.0,0.0,0.0,0.0,0.0,1.0,4,3.83405713962476,0.32148224930579067,0,0,0.0
two_table_joins,Q030,141,66.0379,65.7015,66.3132,3,OK,,"SELECT p.P_PARTKEY, ps.PS_SUPPLYCOST FROM   PART     p JOIN   PARTSUPP ps ON p.P_PARTKEY = ps.PS_PARTKEY WHERE  p.P_RETA",11.0,7.0,1.0,0.0,0.0,1.0,2.0,1.0,0.5,0.0,1.5,19922.0,19919.0,9961.0,9.899630122208823,66.66499999999999,33.33,0.0,0.0,0.0,1.0,0.0,0.0,0.0,0.0,1.0,4,4.205258131100863,0.46917362356144937,1,1,1.0
two_table_joins,Q031,142,66.6219,57.6921,83.5646,3,OK,,"SELECT s.S_SUPPKEY, ps.PS_PARTKEY FROM   SUPPLIER s JOIN   PARTSUPP ps ON s.S_SUPPKEY = ps.PS_SUPPKEY",10.0,6.0,0.0,1.0,0.0,1.0,2.0,2.0,1.0,0.0,0.5,82491.0,82490.0,41245.5,11.320456597923938,100.0,100.0,0.0,0.0,1.0,0.0,0.0,0.0,0.0,0.0,1.0,4,4.213931895080793,0.47332271667555337,0,0,0.005
two_table_joins,Q032,143,65.992,65.4418,66.7006,3,OK,,"SELECT s.S_SUPPKEY, ps.PS_SUPPLYCOST FROM   SUPPLIER s JOIN   PARTSUPP ps ON s.S_SUPPKEY = ps.PS_SUPPKEY WHERE  s.S_ACCT",11.0,6.5,1.0,0.0,0.0,1.0,2.0,1.0,0.5,0.0,0.5,82491.0,82490.0,41245.5,11.320456597923938,66.66499999999999,33.33,0.0,0.0,0.0,1.0,0.0,0.0,0.0,0.0,1.0,4,4.204573209276788,0.46884752189374845,1,1,1.0
two_table_joins,Q033,144,45.748,45.4611,45.9343,3,OK,,"SELECT s.S_SUPPKEY, ps.PS_SUPPLYCOST FROM   SUPPLIER s JOIN   PARTSUPP ps ON s.S_SUPPKEY = ps.PS_SUPPKEY WHERE  ps.PS_SU",11.0,6.5,1.0,0.0,0.0,1.0,2.0,1.0,0.5,0.0,0.5,82491.0,82490.0,41245.5,11.320456597923938,66.66499999999999,33.33,0.0,0.0,1.0,1.0,0.0,0.0,0.0,0.0,1.0,4,3.8447714740709107,0.32502176675347316,1,1,1.0
two_table_joins,Q034,145,56.2029,55.7632,57.0197,3,OK,,"SELECT s.S_SUPPKEY, ps.PS_PARTKEY FROM   SUPPLIER s JOIN   PARTSUPP ps ON s.S_SUPPKEY = ps.PS_SUPPKEY WHERE  s.S_NATIONK",10.0,6.0,0.0,1.0,0.0,1.0,2.0,2.0,1.0,0.0,0.5,82491.0,82490.0,41245.5,11.320456597923938,55.555,11.11,0.0,0.0,1.0,1.0,0.0,0.0,0.0,0.0,1.0,4,4.046604596401285,0.39929976949088003,0,0,0.005
two_table_joins,Q035,146,59.9506,58.7865,61.4308,3,OK,,"SELECT s.S_SUPPKEY, ps.PS_AVAILQTY FROM   SUPPLIER s JOIN   PARTSUPP ps ON s.S_SUPPKEY = ps.PS_SUPPKEY WHERE  ps.PS_AVAI",11.0,6.5,1.0,0.0,0.0,1.0,2.0,1.0,0.5,0.0,0.5,82491.0,82490.0,41245.5,11.320456597923938,66.66499999999999,33.33,0.0,0.0,1.0,1.0,0.0,0.0,0.0,0.0,1.0,4,4.110063700013364,0.42592572199726264,1,1,1.0
two_table_joins,Q036,147,172.0566,162.9435,177.722,3,OK,,"SELECT o.O_ORDERKEY, c.C_NAME FROM   ORDERS   o JOIN   CUSTOMER c ON o.O_CUSTKEY = c.C_CUSTKEY WHERE  c.C_ACCTBAL    > 5",11.0,7.0,1.0,0.0,0.0,1.0,2.0,1.0,0.5,0.0,1.5,14906.0,14892.0,7453.0,9.60958618027043,41.665,33.33,0.0,0.0,0.0,1.0,0.0,0.0,0.0,0.0,1.0,4,5.153618708620178,1.2223952984522959,1,1,1.0
two_table_joins,Q037,148,423.3307,404.2528,439.0403,3,OK,,"SELECT o.O_ORDERKEY, l.L_QUANTITY FROM   ORDERS  o JOIN   LINEITEM l ON o.O_ORDERKEY = l.L_ORDERKEY WHERE  l.L_QUANTITY ",9.0,6.0,0.0,0.0,1.0,1.0,2.0,2.0,1.0,0.0,1.5,74236.0,74232.0,37118.0,11.215017957160839,66.66499999999999,33.33,0.0,0.0,1.0,1.0,0.0,0.0,0.0,0.0,1.0,4,6.050513104057001,3.007600158148652,0,0,0.008805555555555556
two_table_joins,Q038,149,44.4717,41.2945,50.7731,3,OK,,"SELECT p.P_PARTKEY, ps.PS_SUPPLYCOST FROM   PART     p JOIN   PARTSUPP ps ON p.P_PARTKEY = ps.PS_PARTKEY WHERE  p.P_SIZE",9.0,6.0,0.0,0.0,1.0,1.0,2.0,2.0,1.0,0.0,2.0,9962.0,9959.0,4981.0,9.206633510044856,66.66499999999999,33.33,0.0,0.0,1.0,1.0,0.0,0.0,0.0,0.0,1.0,4,3.817090154426354,0.31595415110016684,0,0,0.0
two_table_joins,Q039,150,50.1591,49.9148,50.5583,3,OK,,"SELECT s.S_SUPPKEY, ps.PS_SUPPLYCOST FROM   SUPPLIER s JOIN   PARTSUPP ps ON s.S_SUPPKEY = ps.PS_SUPPKEY WHERE  s.S_ACCT",11.0,6.5,1.0,0.0,0.0,1.0,2.0,1.0,0.5,0.0,0.5,82491.0,82490.0,41245.5,11.320456597923938,33.33,33.33,0.0,0.0,0.0,1.0,0.0,0.0,0.0,0.0,1.0,4,3.934940384687256,0.356360918526802,1,1,1.0
two_table_joins,Q040,151,185.9943,185.0902,186.8305,3,OK,,"SELECT o.O_ORDERKEY, c.C_NAME FROM   ORDERS   o JOIN   CUSTOMER c ON o.O_CUSTKEY = c.C_CUSTKEY ORDER BY o.O_TOTALPRICE D",11.0,6.5,1.0,0.0,0.0,1.0,2.0,1.0,0.5,0.0,1.0,148466.0,148465.0,74233.0,11.908117990307652,100.0,100.0,1.0,0.0,0.0,0.0,0.0,0.0,0.0,0.0,1.0,4,5.231078135106601,1.3214172421105954,1,1,1.0
two_table_joins,Q041,152,1049.5401,1036.8793,1059.4125,3,OK,,"SELECT o.O_ORDERKEY, l.L_QUANTITY FROM   ORDERS  o JOIN   LINEITEM l ON o.O_ORDERKEY = l.L_ORDERKEY ORDER BY l.L_QUANTIT",10.0,6.5,0.0,1.0,0.0,1.0,2.0,2.0,1.0,0.0,1.0,148469.0,148465.0,74234.5,11.908138196614042,100.0,100.0,1.0,1.0,1.0,0.0,0.0,0.0,0.0,0.0,1.0,4,6.957059691855417,7.456574660763682,1,1,0.8983452380952381
two_table_joins,Q042,153,186.0033,169.0117,214.7636,3,OK,,"SELECT o.O_ORDERKEY, c.C_NAME FROM   ORDERS   o JOIN   CUSTOMER c ON o.O_CUSTKEY = c.C_CUSTKEY ORDER BY c.C_ACCTBAL DESC",10.0,6.0,0.0,1.0,0.0,1.0,2.0,2.0,1.0,0.0,1.0,148466.0,148465.0,74233.0,11.908117990307652,100.0,100.0,1.0,1.0,1.0,0.0,0.0,0.0,0.0,0.0,1.0,4,5.2311262637577025,1.321481183614066,0,0,0.015845238095238093
two_table_joins,Q043,154,1038.7526,1020.5537,1048.0304,3,OK,,"SELECT o.O_ORDERKEY, l.L_DISCOUNT FROM   ORDERS  o JOIN   LINEITEM l ON o.O_ORDERKEY = l.L_ORDERKEY ORDER BY l.L_DISCOUN",10.0,6.5,0.0,1.0,0.0,1.0,2.0,2.0,1.0,0.0,1.0,148469.0,148465.0,74234.5,11.908138196614042,100.0,100.0,1.0,1.0,1.0,0.0,0.0,0.0,0.0,0.0,1.0,4,6.946738079221,7.379933664242455,1,1,0.8983452380952381
two_table_joins,Q044,155,145.1422,139.1648,150.5233,3,OK,,"SELECT p.P_PARTKEY, ps.PS_SUPPLYCOST FROM   PART     p JOIN   PARTSUPP ps ON p.P_PARTKEY = ps.PS_PARTKEY ORDER BY ps.PS_",10.0,6.5,0.0,1.0,0.0,1.0,2.0,2.0,1.0,0.0,1.5,19922.0,19919.0,9961.0,9.899630122208823,100.0,100.0,1.0,1.0,1.0,0.0,0.0,0.0,0.0,0.0,1.0,4,4.9845801203075135,1.0311789427840772,0,0,0.02583333333333333
two_table_joins,Q045,156,108.7411,99.4572,125.9813,3,OK,,"SELECT p.P_PARTKEY, ps.PS_AVAILQTY FROM   PART     p JOIN   PARTSUPP ps ON p.P_PARTKEY = ps.PS_PARTKEY ORDER BY ps.PS_AV",10.0,6.5,0.0,1.0,0.0,1.0,2.0,2.0,1.0,0.0,1.5,19922.0,19919.0,9961.0,9.899630122208823,100.0,100.0,1.0,1.0,1.0,0.0,0.0,0.0,0.0,0.0,1.0,4,4.698123955272957,0.7725632692296079,0,0,0.020833333333333336
two_table_joins,Q046,157,120.3161,102.4742,155.2354,3,OK,,"SELECT s.S_SUPPKEY, ps.PS_SUPPLYCOST FROM   SUPPLIER s JOIN   PARTSUPP ps ON s.S_SUPPKEY = ps.PS_SUPPKEY ORDER BY ps.PS_",11.0,6.5,1.0,0.0,0.0,1.0,2.0,1.0,0.5,0.0,0.5,82491.0,82490.0,41245.5,11.320456597923938,100.0,100.0,1.0,0.0,1.0,0.0,0.0,0.0,0.0,0.0,1.0,4,4.798399535913961,0.8547991473045282,1,1,1.0
two_table_joins,Q047,158,76.1276,75.6659,76.6025,3,OK,,"SELECT s.S_SUPPKEY, ps.PS_AVAILQTY FROM   SUPPLIER s JOIN   PARTSUPP ps ON s.S_SUPPKEY = ps.PS_SUPPKEY ORDER BY ps.PS_AV",11.0,6.5,1.0,0.0,0.0,1.0,2.0,1.0,0.5,0.0,0.5,82491.0,82490.0,41245.5,11.320456597923938,100.0,100.0,1.0,0.0,1.0,0.0,0.0,0.0,0.0,0.0,1.0,4,4.345461193164625,0.5408570221802419,1,1,1.0
two_table_joins,Q048,159,0.3741,0.3112,0.481,3,OK,,"SELECT o.O_ORDERKEY, c.C_NAME FROM   ORDERS   o JOIN   CUSTOMER c ON o.O_CUSTKEY = c.C_CUSTKEY LIMIT  50",11.0,7.0,1.0,0.0,0.0,1.0,2.0,1.0,0.5,0.0,1.0,14906.0,14892.0,7453.0,9.60958618027043,100.0,100.0,0.0,0.0,1.0,0.0,0.0,0.0,0.0,0.0,1.0,4,0.31779897135559165,0.002657835160935436,1,1,1.0
two_table_joins,Q049,160,0.3402,0.3354,0.3477,3,OK,,"SELECT o.O_ORDERKEY, c.C_NAME FROM   ORDERS   o JOIN   CUSTOMER c ON o.O_CUSTKEY = c.C_CUSTKEY LIMIT  100",11.0,7.0,1.0,0.0,0.0,1.0,2.0,1.0,0.5,0.0,1.0,14906.0,14892.0,7453.0,9.60958618027043,100.0,100.0,0.0,0.0,1.0,0.0,0.0,0.0,0.0,0.0,1.0,4,0.2928188565569333,0.0024169888311954967,1,1,1.0
two_table_joins,Q050,161,0.8958,0.8236,1.0263,3,OK,,"SELECT o.O_ORDERKEY, l.L_QUANTITY FROM   ORDERS  o JOIN   LINEITEM l ON o.O_ORDERKEY = l.L_ORDERKEY LIMIT  100",10.0,6.5,0.0,1.0,0.0,1.0,2.0,2.0,1.0,0.0,1.0,148469.0,148465.0,74234.5,11.908138196614042,100.0,100.0,0.0,0.0,1.0,0.0,0.0,0.0,0.0,0.0,1.0,4,0.6396409130368041,0.00636431097879167,0,0,0.021666666666666664
two_table_joins,Q051,162,1.1221,1.0365,1.1735,3,OK,,"SELECT o.O_ORDERKEY, l.L_QUANTITY FROM   ORDERS  o JOIN   LINEITEM l ON o.O_ORDERKEY = l.L_ORDERKEY LIMIT  200",10.0,6.5,0.0,1.0,0.0,1.0,2.0,2.0,1.0,0.0,1.0,148469.0,148465.0,74234.5,11.908138196614042,100.0,100.0,0.0,0.0,1.0,0.0,0.0,0.0,0.0,0.0,1.0,4,0.752406164434867,0.007972084560506958,0,0,0.021666666666666664
two_table_joins,Q052,163,0.3084,0.2945,0.3289,3,OK,,"SELECT p.P_PARTKEY, ps.PS_SUPPLYCOST FROM   PART     p JOIN   PARTSUPP ps ON p.P_PARTKEY = ps.PS_PARTKEY LIMIT  80",10.0,6.5,0.0,1.0,0.0,1.0,2.0,2.0,1.0,0.0,1.5,19922.0,19919.0,9961.0,9.899630122208823,100.0,100.0,0.0,0.0,1.0,0.0,0.0,0.0,0.0,0.0,1.0,4,0.2688050166820918,0.0021910621855987396,0,0,0.0
two_table_joins,Q053,164,0.7137,0.6693,0.7457,3,OK,,"SELECT s.S_SUPPKEY, ps.PS_SUPPLYCOST FROM   SUPPLIER s JOIN   PARTSUPP ps ON s.S_SUPPKEY = ps.PS_SUPPKEY LIMIT  60",11.0,6.5,1.0,0.0,0.0,1.0,2.0,1.0,0.5,0.0,0.5,82491.0,82490.0,41245.5,11.320456597923938,100.0,100.0,0.0,0.0,1.0,0.0,0.0,0.0,0.0,0.0,1.0,4,0.5386547756846665,0.00507056122523288,1,1,1.0
two_table_joins,Q054,165,148.0187,145.0256,153.432,3,OK,,"SELECT o.O_ORDERKEY, c.C_NAME FROM   ORDERS o JOIN CUSTOMER c ON o.O_CUSTKEY = c.C_CUSTKEY WHERE  o.O_TOTALPRICE > 5000",11.0,6.5,1.0,0.0,0.0,1.0,2.0,1.0,0.5,0.0,1.5,148466.0,148465.0,74233.0,11.908117990307652,75.0,50.0,0.0,0.0,0.0,1.0,0.0,0.0,0.0,0.0,1.0,4,5.004071801426276,1.051615357754488,1,1,1.0
two_table_joins,Q055,166,139.2074,138.8372,139.7174,3,OK,,"SELECT o.O_ORDERKEY, c.C_NAME FROM   ORDERS o JOIN CUSTOMER c ON o.O_CUSTKEY = c.C_CUSTKEY WHERE  o.O_TOTALPRICE > 10000",11.0,6.5,1.0,0.0,0.0,1.0,2.0,1.0,0.5,0.0,1.5,148466.0,148465.0,74233.0,11.908117990307652,75.0,50.0,0.0,0.0,0.0,1.0,0.0,0.0,0.0,0.0,1.0,4,4.943122754947954,0.9890144944731452,1,1,1.0
two_table_joins,Q056,167,136.2868,134.256,138.1251,3,OK,,"SELECT o.O_ORDERKEY, c.C_NAME FROM   ORDERS o JOIN CUSTOMER c ON o.O_CUSTKEY = c.C_CUSTKEY WHERE  o.O_TOTALPRICE > 15000",11.0,6.5,1.0,0.0,0.0,1.0,2.0,1.0,0.5,0.0,1.5,148466.0,148465.0,74233.0,11.908117990307652,75.0,50.0,0.0,0.0,0.0,1.0,0.0,0.0,0.0,0.0,1.0,4,4.922072168312428,0.9682647661357272,1,1,1.0
two_table_joins,Q057,168,132.6179,131.711,133.2735,3,OK,,"SELECT o.O_ORDERKEY, c.C_NAME FROM   ORDERS o JOIN CUSTOMER c ON o.O_CUSTKEY = c.C_CUSTKEY WHERE  o.O_TOTALPRICE > 25000",11.0,6.5,1.0,0.0,0.0,1.0,2.0,1.0,0.5,0.0,1.5,148466.0,148465.0,74233.0,11.908117990307652,75.0,50.0,0.0,0.0,0.0,1.0,0.0,0.0,0.0,0.0,1.0,4,4.894984234163682,0.9421986570152887,1,1,1.0
two_table_joins,Q058,169,126.6399,125.552,127.417,3,OK,,"SELECT o.O_ORDERKEY, c.C_NAME FROM   ORDERS o JOIN CUSTOMER c ON o.O_CUSTKEY = c.C_CUSTKEY WHERE  o.O_TOTALPRICE > 40000",11.0,6.5,1.0,0.0,0.0,1.0,2.0,1.0,0.5,0.0,1.5,148466.0,148465.0,74233.0,11.908117990307652,75.0,50.0,0.0,0.0,0.0,1.0,0.0,0.0,0.0,0.0,1.0,4,4.849213017956273,0.8997272894876971,1,1,1.0
two_table_joins,Q059,170,119.4767,118.1307,121.416,3,OK,,"SELECT o.O_ORDERKEY, c.C_ACCTBAL FROM   ORDERS o JOIN CUSTOMER c ON o.O_CUSTKEY = c.C_CUSTKEY WHERE  c.C_ACCTBAL > 200",11.0,7.0,1.0,0.0,0.0,1.0,2.0,1.0,0.5,0.0,1.0,14906.0,14892.0,7453.0,9.60958618027043,66.66499999999999,33.33,0.0,0.0,1.0,1.0,0.0,0.0,0.0,0.0,1.0,4,4.791456373238211,0.8488355364141533,1,1,1.0
two_table_joins,Q060,171,116.3913,115.2565,118.4375,3,OK,,"SELECT o.O_ORDERKEY, c.C_ACCTBAL FROM   ORDERS o JOIN CUSTOMER c ON o.O_CUSTKEY = c.C_CUSTKEY WHERE  c.C_ACCTBAL > 400",11.0,7.0,1.0,0.0,0.0,1.0,2.0,1.0,0.5,0.0,1.0,14906.0,14892.0,7453.0,9.60958618027043,66.66499999999999,33.33,0.0,0.0,1.0,1.0,0.0,0.0,0.0,0.0,1.0,4,4.765512799026233,0.8269149681020705,1,1,1.0
two_table_joins,Q061,172,111.127,109.8378,112.9306,3,OK,,"SELECT o.O_ORDERKEY, c.C_ACCTBAL FROM   ORDERS o JOIN CUSTOMER c ON o.O_CUSTKEY = c.C_CUSTKEY WHERE  c.C_ACCTBAL > 800",11.0,7.0,1.0,0.0,0.0,1.0,2.0,1.0,0.5,0.0,1.0,14906.0,14892.0,7453.0,9.60958618027043,66.66499999999999,33.33,0.0,0.0,1.0,1.0,0.0,0.0,0.0,0.0,1.0,4,4.7196321574551074,0.7895141617997118,1,1,1.0
two_table_joins,Q062,173,106.7513,105.727,108.2467,3,OK,,"SELECT o.O_ORDERKEY, c.C_ACCTBAL FROM   ORDERS o JOIN CUSTOMER c ON o.O_CUSTKEY = c.C_CUSTKEY WHERE  c.C_ACCTBAL > 1200",11.0,7.0,1.0,0.0,0.0,1.0,2.0,1.0,0.5,0.0,1.0,14906.0,14892.0,7453.0,9.60958618027043,66.66499999999999,33.33,0.0,0.0,1.0,1.0,0.0,0.0,0.0,0.0,1.0,4,4.679825793876273,0.7584265132733681,1,1,1.0
two_table_joins,Q063,174,169.7747,149.9482,202.5184,3,OK,,"SELECT o.O_ORDERKEY, c.C_NAME FROM   ORDERS o JOIN CUSTOMER c ON o.O_CUSTKEY = c.C_CUSTKEY WHERE  o.O_TOTALPRICE > 10000",11.0,7.0,1.0,0.0,0.0,1.0,2.0,1.0,0.5,0.0,1.5,14906.0,14892.0,7453.0,9.60958618027043,41.665,33.33,0.0,0.0,0.0,1.0,0.0,0.0,0.0,0.0,1.0,4,5.140345143918961,1.2061832854778545,1,1,1.0
two_table_joins,Q064,175,149.4537,145.9435,153.4015,3,OK,,"SELECT o.O_ORDERKEY, c.C_NAME FROM   ORDERS o JOIN CUSTOMER c ON o.O_CUSTKEY = c.C_CUSTKEY WHERE  o.O_TOTALPRICE > 20000",11.0,7.0,1.0,0.0,0.0,1.0,2.0,1.0,0.5,0.0,1.5,14906.0,14892.0,7453.0,9.60958618027043,41.665,33.33,0.0,0.0,0.0,1.0,0.0,0.0,0.0,0.0,1.0,4,5.013655395661657,1.0618104752523292,1,1,1.0
two_table_joins,Q065,176,140.6842,138.767,143.5164,3,OK,,"SELECT o.O_ORDERKEY, c.C_NAME FROM   ORDERS o JOIN CUSTOMER c ON o.O_CUSTKEY = c.C_CUSTKEY WHERE  o.O_TOTALPRICE > 30000",11.0,7.0,1.0,0.0,0.0,1.0,2.0,1.0,0.5,0.0,1.5,14906.0,14892.0,7453.0,9.60958618027043,41.665,33.33,0.0,0.0,0.0,1.0,0.0,0.0,0.0,0.0,1.0,4,4.95360063730397,0.9995065847315505,1,1,1.0
two_table_joins,Q066,177,99.2123,99.0729,99.4883,3,OK,,"SELECT o.O_ORDERKEY, c.C_NAME FROM   ORDERS o JOIN CUSTOMER c ON o.O_CUSTKEY = c.C_CUSTKEY WHERE  o.O_ORDERDATE > '1994-",11.0,6.5,1.0,0.0,0.0,1.0,2.0,1.0,0.5,0.0,1.5,148466.0,148465.0,74233.0,11.908117990307652,75.0,50.0,0.0,0.0,0.0,1.0,0.0,0.0,0.0,0.0,1.0,4,4.6072909356080665,0.7048648471993444,1,1,1.0
two_table_joins,Q067,178,83.982,82.7267,85.4617,3,OK,,"SELECT o.O_ORDERKEY, c.C_NAME FROM   ORDERS o JOIN CUSTOMER c ON o.O_CUSTKEY = c.C_CUSTKEY WHERE  o.O_ORDERDATE > '1995-",11.0,6.5,1.0,0.0,0.0,1.0,2.0,1.0,0.5,0.0,1.5,148466.0,148465.0,74233.0,11.908117990307652,75.0,50.0,0.0,0.0,0.0,1.0,0.0,0.0,0.0,0.0,1.0,4,4.4424394693591225,0.5966594827203415,1,1,1.0
two_table_joins,Q068,179,49.3338,49.0605,49.5805,3,OK,,"SELECT o.O_ORDERKEY, c.C_NAME FROM   ORDERS o JOIN CUSTOMER c ON o.O_CUSTKEY = c.C_CUSTKEY WHERE  o.O_ORDERDATE > '1997-",11.0,6.5,1.0,0.0,0.0,1.0,2.0,1.0,0.5,0.0,1.5,148466.0,148465.0,74233.0,11.908117990307652,73.265,46.53,0.0,0.0,0.0,1.0,0.0,0.0,0.0,0.0,1.0,4,3.918676819627013,0.3504974826585314,1,1,1.0
two_table_joins,Q069,180,3.9807,3.8958,4.1025,3,OK,,"SELECT o.O_ORDERKEY, c.C_NATIONKEY FROM   ORDERS o JOIN CUSTOMER c ON o.O_CUSTKEY = c.C_CUSTKEY WHERE  c.C_NATIONKEY = 1",3.0,3.0,0.0,0.0,0.0,1.0,2.0,2.0,1.0,0.0,1.5,614.0,600.0,307.0,6.421622267806518,100.0,100.0,0.0,0.0,1.0,0.0,0.0,0.0,0.0,0.0,1.0,4,1.6055704434076103,0.028281326985126143,0,0,0.0
two_table_joins,Q070,181,4.3172,4.216,4.4495,3,OK,,"SELECT o.O_ORDERKEY, c.C_NATIONKEY FROM   ORDERS o JOIN CUSTOMER c ON o.O_CUSTKEY = c.C_CUSTKEY WHERE  c.C_NATIONKEY = 5",3.0,3.0,0.0,0.0,0.0,1.0,2.0,2.0,1.0,0.0,1.5,630.0,616.0,315.0,6.447305862541213,100.0,100.0,0.0,0.0,1.0,0.0,0.0,0.0,0.0,0.0,1.0,4,1.670946849011307,0.03067202875378365,0,0,0.0
two_table_joins,Q071,182,5.3678,4.276,6.6423,3,OK,,"SELECT o.O_ORDERKEY, c.C_NATIONKEY FROM   ORDERS o JOIN CUSTOMER c ON o.O_CUSTKEY = c.C_CUSTKEY WHERE  c.C_NATIONKEY = 1",3.0,3.0,0.0,0.0,0.0,1.0,2.0,2.0,1.0,0.0,1.5,644.0,630.0,322.0,6.4692503167957724,100.0,100.0,0.0,0.0,1.0,0.0,0.0,0.0,0.0,0.0,1.0,4,1.8512540410136948,0.03813613359227274,0,0,0.005
two_table_joins,Q072,183,8.7196,8.2851,9.3012,3,OK,,"SELECT o.O_ORDERKEY, c.C_NAME FROM   ORDERS o JOIN CUSTOMER c ON o.O_CUSTKEY = c.C_CUSTKEY WHERE  o.O_TOTALPRICE BETWEEN",9.0,5.5,0.0,0.0,1.0,1.0,2.0,2.0,1.0,0.0,1.5,3602.0,3601.0,1801.0,8.189522110748094,100.0,100.0,0.0,0.0,1.0,0.0,0.0,0.0,0.0,0.0,1.0,4,2.2741444653621956,0.06194937040709069,0,0,0.0
two_table_joins,Q073,184,13.3941,12.0192,15.2971,3,OK,,"SELECT o.O_ORDERKEY, c.C_NAME FROM   ORDERS o JOIN CUSTOMER c ON o.O_CUSTKEY = c.C_CUSTKEY WHERE  o.O_TOTALPRICE BETWEEN",9.0,5.5,0.0,0.0,1.0,1.0,2.0,2.0,1.0,0.0,1.5,6518.0,6517.0,3259.0,8.782476268924539,100.0,100.0,0.0,0.0,1.0,0.0,0.0,0.0,0.0,0.0,1.0,4,2.6668184004006488,0.09515987684866432,0,0,0.0
two_table_joins,Q074,185,34.6705,32.3465,36.1769,3,OK,,"SELECT o.O_ORDERKEY, c.C_NAME FROM   ORDERS o JOIN CUSTOMER c ON o.O_CUSTKEY = c.C_CUSTKEY WHERE  o.O_TOTALPRICE BETWEEN",9.0,5.5,0.0,0.0,1.0,1.0,2.0,2.0,1.0,0.0,1.5,33411.0,33410.0,16705.5,10.416670395875796,100.0,100.0,0.0,0.0,1.0,0.0,0.0,0.0,0.0,0.0,1.0,4,3.574324016654111,0.2463204328981877,0,0,0.015595238095238096
two_table_joins,Q075,186,5.6926,5.604,5.7429,3,OK,,"SELECT o.O_ORDERKEY, c.C_NAME FROM   ORDERS o JOIN CUSTOMER c ON o.O_CUSTKEY = c.C_CUSTKEY WHERE  c.C_ACCTBAL BETWEEN 20",11.0,7.0,1.0,0.0,0.0,1.0,2.0,1.0,0.5,0.0,1.0,14906.0,14892.0,7453.0,9.60958618027043,55.555,11.11,0.0,0.0,1.0,1.0,0.0,0.0,0.0,0.0,1.0,4,1.9010024384001034,0.04044371140641823,1,1,1.0
two_table_joins,Q076,187,8.7289,8.5864,8.9195,3,OK,,"SELECT o.O_ORDERKEY, c.C_NAME FROM   ORDERS o JOIN CUSTOMER c ON o.O_CUSTKEY = c.C_CUSTKEY WHERE  c.C_ACCTBAL BETWEEN 50",11.0,7.0,1.0,0.0,0.0,1.0,2.0,1.0,0.5,0.0,1.0,14906.0,14892.0,7453.0,9.60958618027043,55.555,11.11,0.0,0.0,1.0,1.0,0.0,0.0,0.0,0.0,1.0,4,2.275100837391797,0.06201544329401049,1,1,1.0
two_table_joins,Q077,188,16.4078,15.4908,17.4114,3,OK,,"SELECT o.O_ORDERKEY, c.C_NAME FROM   ORDERS o JOIN CUSTOMER c ON o.O_CUSTKEY = c.C_CUSTKEY WHERE  o.O_TOTALPRICE > 25000",11.0,7.0,1.0,0.0,0.0,1.0,2.0,1.0,0.5,0.0,1.5,14906.0,14892.0,7453.0,9.60958618027043,30.555,11.11,0.0,0.0,0.0,1.0,0.0,0.0,0.0,0.0,1.0,4,2.8569183816369454,0.11657104451642997,1,1,1.0
two_table_joins,Q078,189,492.1467,490.0565,494.3949,3,OK,,"SELECT o.O_ORDERKEY, l.L_QUANTITY FROM   ORDERS o JOIN LINEITEM l ON o.O_ORDERKEY = l.L_ORDERKEY WHERE  l.L_QUANTITY > 5",10.0,6.5,0.0,1.0,0.0,1.0,2.0,2.0,1.0,0.0,1.0,148469.0,148465.0,74234.5,11.908138196614042,66.66499999999999,33.33,0.0,0.0,1.0,1.0,0.0,0.0,0.0,0.0,1.0,4,6.200806695701653,3.496511102909232,0,0,0.06
two_table_joins,Q079,190,400.2887,382.7977,430.9384,3,OK,,"SELECT o.O_ORDERKEY, l.L_QUANTITY FROM   ORDERS o JOIN LINEITEM l ON o.O_ORDERKEY = l.L_ORDERKEY WHERE  l.L_QUANTITY > 1",10.0,6.5,0.0,1.0,0.0,1.0,2.0,2.0,1.0,0.0,1.0,148469.0,148465.0,74234.5,11.908138196614042,66.66499999999999,33.33,0.0,0.0,1.0,1.0,0.0,0.0,0.0,0.0,1.0,4,5.994681118391489,2.843895700040461,0,0,0.0
two_table_joins,Q080,191,373.4032,371.026,377.3334,3,OK,,"SELECT o.O_ORDERKEY, l.L_QUANTITY FROM   ORDERS o JOIN LINEITEM l ON o.O_ORDERKEY = l.L_ORDERKEY WHERE  l.L_QUANTITY > 2",10.0,6.5,0.0,1.0,0.0,1.0,2.0,2.0,1.0,0.0,1.0,148469.0,148465.0,74234.5,11.908138196614042,66.66499999999999,33.33,0.0,0.0,1.0,1.0,0.0,0.0,0.0,0.0,1.0,4,5.925333291575458,2.652884667644498,0,0,0.0
two_table_joins,Q081,192,361.9336,359.2163,365.5114,3,OK,,"SELECT o.O_ORDERKEY, l.L_QUANTITY FROM   ORDERS o JOIN LINEITEM l ON o.O_ORDERKEY = l.L_ORDERKEY WHERE  l.L_QUANTITY > 3",10.0,6.5,0.0,1.0,0.0,1.0,2.0,2.0,1.0,0.0,1.0,148469.0,148465.0,74234.5,11.908138196614042,66.66499999999999,33.33,0.0,0.0,1.0,1.0,0.0,0.0,0.0,0.0,1.0,4,5.894219897422734,2.571397615621336,0,0,0.0
two_table_joins,Q082,193,452.2032,446.802,460.8585,3,OK,,"SELECT o.O_ORDERKEY, l.L_DISCOUNT FROM   ORDERS o JOIN LINEITEM l ON o.O_ORDERKEY = l.L_ORDERKEY WHERE  l.L_DISCOUNT > 0",10.0,6.5,0.0,1.0,0.0,1.0,2.0,2.0,1.0,0.0,1.0,148469.0,148465.0,74234.5,11.908138196614042,66.66499999999999,33.33,0.0,0.0,1.0,1.0,0.0,0.0,0.0,0.0,1.0,4,6.116340590029188,3.2127280535886635,0,0,0.005
two_table_joins,Q083,194,379.7593,377.2373,382.5188,3,OK,,"SELECT o.O_ORDERKEY, l.L_DISCOUNT FROM   ORDERS o JOIN LINEITEM l ON o.O_ORDERKEY = l.L_ORDERKEY WHERE  l.L_DISCOUNT > 0",10.0,6.5,0.0,1.0,0.0,1.0,2.0,2.0,1.0,0.0,1.0,148469.0,148465.0,74234.5,11.908138196614042,66.66499999999999,33.33,0.0,0.0,1.0,1.0,0.0,0.0,0.0,0.0,1.0,4,5.9421674169530085,2.6980422887790123,0,0,0.0
two_table_joins,Q084,195,359.1592,353.9319,364.8969,3,OK,,"SELECT o.O_ORDERKEY, l.L_DISCOUNT FROM   ORDERS o JOIN LINEITEM l ON o.O_ORDERKEY = l.L_ORDERKEY WHERE  l.L_DISCOUNT > 0",10.0,6.5,0.0,1.0,0.0,1.0,2.0,2.0,1.0,0.0,1.0,148469.0,148465.0,74234.5,11.908138196614042,66.66499999999999,33.33,0.0,0.0,1.0,1.0,0.0,0.0,0.0,0.0,1.0,4,5.886546155920948,2.551686581484743,0,0,0.0
two_table_joins,Q085,196,341.362,328.164,348.4436,3,OK,,"SELECT o.O_ORDERKEY, l.L_DISCOUNT FROM   ORDERS o JOIN LINEITEM l ON o.O_ORDERKEY = l.L_ORDERKEY WHERE  l.L_DISCOUNT > 0",10.0,6.5,0.0,1.0,0.0,1.0,2.0,2.0,1.0,0.0,1.0,148469.0,148465.0,74234.5,11.908138196614042,66.66499999999999,33.33,0.0,0.0,1.0,1.0,0.0,0.0,0.0,0.0,1.0,4,5.835868656800295,2.4252443897547242,0,0,0.0
two_table_joins,Q086,197,507.2383,494.9128,524.247,3,OK,,"SELECT o.O_ORDERKEY, l.L_SHIPDATE FROM   ORDERS o JOIN LINEITEM l ON o.O_ORDERKEY = l.L_ORDERKEY WHERE  l.L_SHIPDATE > '",10.0,6.5,0.0,1.0,0.0,1.0,2.0,2.0,1.0,0.0,1.5,148469.0,148465.0,74234.5,11.908138196614042,75.0,50.0,0.0,0.0,1.0,1.0,0.0,0.0,0.0,0.0,1.0,4,6.230950432076248,3.603731057773635,1,0,0.375
two_table_joins,Q087,198,458.6736,445.8216,469.2072,3,OK,,"SELECT o.O_ORDERKEY, l.L_SHIPDATE FROM   ORDERS o JOIN LINEITEM l ON o.O_ORDERKEY = l.L_ORDERKEY WHERE  l.L_SHIPDATE > '",10.0,6.5,0.0,1.0,0.0,1.0,2.0,2.0,1.0,0.0,1.5,148469.0,148465.0,74234.5,11.908138196614042,75.0,50.0,0.0,0.0,1.0,1.0,0.0,0.0,0.0,0.0,1.0,4,6.130516672405203,3.2586977318172567,0,0,0.0
two_table_joins,Q088,199,386.1986,369.6429,399.4899,3,OK,,"SELECT o.O_ORDERKEY, l.L_SHIPDATE FROM   ORDERS o JOIN LINEITEM l ON o.O_ORDERKEY = l.L_ORDERKEY WHERE  l.L_SHIPDATE > '",10.0,6.5,0.0,1.0,0.0,1.0,2.0,2.0,1.0,0.0,1.5,148469.0,148465.0,74234.5,11.908138196614042,75.0,50.0,0.0,0.0,1.0,1.0,0.0,0.0,0.0,0.0,1.0,4,5.958937739693406,2.743791013590056,0,0,0.0
two_table_joins,Q089,200,94.0977,82.3846,114.8519,3,OK,,"SELECT o.O_ORDERKEY, l.L_SHIPDATE FROM   ORDERS o JOIN LINEITEM l ON o.O_ORDERKEY = l.L_ORDERKEY WHERE  l.L_SHIPDATE > '",9.0,5.5,0.0,0.0,1.0,1.0,2.0,2.0,1.0,0.0,1.5,129431.0,129430.0,64715.5,11.770910925685172,100.0,100.0,0.0,0.0,1.0,1.0,0.0,0.0,0.0,0.0,1.0,4,4.554904784190532,0.6685276012380497,0,0,0.024678571428571428
two_table_joins,Q090,201,484.3955,477.336,489.6891,3,OK,,"SELECT o.O_ORDERKEY, l.L_QUANTITY FROM   ORDERS o JOIN LINEITEM l ON o.O_ORDERKEY = l.L_ORDERKEY WHERE  o.O_TOTALPRICE >",9.0,6.0,0.0,0.0,1.0,1.0,2.0,2.0,1.0,0.0,1.5,74236.0,74232.0,37118.0,11.215017957160839,66.66499999999999,33.33,0.0,0.0,1.0,1.0,0.0,0.0,0.0,0.0,1.0,4,6.184964022544954,3.4414418382755976,0,0,0.04880555555555555
two_table_joins,Q091,202,405.0644,400.1478,409.6841,3,OK,,"SELECT o.O_ORDERKEY, l.L_QUANTITY FROM   ORDERS o JOIN LINEITEM l ON o.O_ORDERKEY = l.L_ORDERKEY WHERE  o.O_TOTALPRICE >",9.0,6.0,0.0,0.0,1.0,1.0,2.0,2.0,1.0,0.0,1.5,74236.0,74232.0,37118.0,11.215017957160839,66.66499999999999,33.33,0.0,0.0,1.0,1.0,0.0,0.0,0.0,0.0,1.0,4,6.006511767712456,2.877825193165506,0,0,0.008805555555555556
two_table_joins,Q092,203,375.4892,371.1877,379.0553,3,OK,,"SELECT o.O_ORDERKEY, l.L_QUANTITY FROM   ORDERS o JOIN LINEITEM l ON o.O_ORDERKEY = l.L_ORDERKEY WHERE  o.O_TOTALPRICE >",9.0,6.0,0.0,0.0,1.0,1.0,2.0,2.0,1.0,0.0,1.5,74236.0,74232.0,37118.0,11.215017957160839,66.66499999999999,33.33,0.0,0.0,1.0,1.0,0.0,0.0,0.0,0.0,1.0,4,5.930889361569554,2.6677048872267255,0,0,0.008805555555555556
two_table_joins,Q093,204,359.6498,350.4825,375.9366,3,OK,,"SELECT o.O_ORDERKEY, l.L_QUANTITY FROM   ORDERS o JOIN LINEITEM l ON o.O_ORDERKEY = l.L_ORDERKEY WHERE  o.O_TOTALPRICE >",9.0,6.0,0.0,0.0,1.0,1.0,2.0,2.0,1.0,0.0,1.5,74236.0,74232.0,37118.0,11.215017957160839,66.66499999999999,33.33,0.0,0.0,1.0,1.0,0.0,0.0,0.0,0.0,1.0,4,5.887907404395251,2.5551721038850506,0,0,0.008805555555555556
two_table_joins,Q094,205,326.3063,313.5921,333.0287,3,OK,,"SELECT o.O_ORDERKEY, l.L_QUANTITY FROM   ORDERS o JOIN LINEITEM l ON o.O_ORDERKEY = l.L_ORDERKEY WHERE  o.O_TOTALPRICE >",9.0,6.0,0.0,0.0,1.0,1.0,2.0,2.0,1.0,0.0,1.5,74236.0,74232.0,37118.0,11.215017957160839,66.66499999999999,33.33,0.0,0.0,1.0,1.0,0.0,0.0,0.0,0.0,1.0,4,5.790896429717854,2.3182794904430546,0,0,0.008805555555555556
two_table_joins,Q095,206,177.8963,176.9154,178.4016,3,OK,,"SELECT o.O_ORDERKEY, l.L_QUANTITY FROM   ORDERS o JOIN LINEITEM l ON o.O_ORDERKEY = l.L_ORDERKEY WHERE  l.L_QUANTITY BET",11.0,6.5,1.0,0.0,0.0,1.0,2.0,1.0,0.5,0.0,1.0,594746.0,594745.0,297373.0,13.29589138401629,55.555,11.11,0.0,0.0,1.0,1.0,0.0,0.0,0.0,0.0,1.0,4,5.186806308355578,1.2638840982098867,1,1,1.0
two_table_joins,Q096,207,177.4711,175.9898,178.587,3,OK,,"SELECT o.O_ORDERKEY, l.L_QUANTITY FROM   ORDERS o JOIN LINEITEM l ON o.O_ORDERKEY = l.L_ORDERKEY WHERE  l.L_QUANTITY BET",11.0,6.5,1.0,0.0,0.0,1.0,2.0,1.0,0.5,0.0,1.0,594746.0,594745.0,297373.0,13.29589138401629,55.555,11.11,0.0,0.0,1.0,1.0,0.0,0.0,0.0,0.0,1.0,4,5.184426683349798,1.2608632174014671,1,1,1.0
two_table_joins,Q097,208,232.9736,228.607,241.0772,3,OK,,"SELECT o.O_ORDERKEY, l.L_QUANTITY FROM   ORDERS o JOIN LINEITEM l ON o.O_ORDERKEY = l.L_ORDERKEY WHERE  l.L_QUANTITY BET",11.0,6.5,1.0,0.0,0.0,1.0,2.0,1.0,0.5,0.0,1.0,594746.0,594745.0,297373.0,13.29589138401629,55.555,11.11,0.0,0.0,1.0,1.0,0.0,0.0,0.0,0.0,1.0,4,5.4552082884801685,1.655186917000021,1,1,1.0
two_table_joins,Q098,209,329.4559,315.9407,352.3925,3,OK,,"SELECT o.O_ORDERKEY, l.L_DISCOUNT FROM   ORDERS o JOIN LINEITEM l ON o.O_ORDERKEY = l.L_ORDERKEY WHERE  l.L_QUANTITY > 1",11.0,6.5,1.0,0.0,0.0,1.0,2.0,1.0,0.5,0.0,1.0,594746.0,594745.0,297373.0,13.29589138401629,55.555,11.11,0.0,0.0,1.0,1.0,0.0,0.0,0.0,0.0,1.0,4,5.800473216197987,2.340656174813229,1,1,0.9985714285714287
two_table_joins,Q099,210,221.1862,220.1989,222.2187,3,OK,,"SELECT o.O_ORDERKEY, l.L_DISCOUNT FROM   ORDERS o JOIN LINEITEM l ON o.O_ORDERKEY = l.L_ORDERKEY WHERE  l.L_QUANTITY > 2",11.0,6.5,1.0,0.0,0.0,1.0,2.0,1.0,0.5,0.0,1.0,594746.0,594745.0,297373.0,13.29589138401629,55.555,11.11,0.0,0.0,1.0,1.0,0.0,0.0,0.0,0.0,1.0,4,5.403515769066238,1.5714420194431904,1,1,1.0
two_table_joins,Q100,211,170.5129,169.5333,172.1048,3,OK,,"SELECT o.O_ORDERKEY, l.L_DISCOUNT FROM   ORDERS o JOIN LINEITEM l ON o.O_ORDERKEY = l.L_ORDERKEY WHERE  l.L_QUANTITY > 3",11.0,6.5,1.0,0.0,0.0,1.0,2.0,1.0,0.5,0.0,1.0,594746.0,594745.0,297373.0,13.29589138401629,55.555,11.11,0.0,0.0,1.0,1.0,0.0,0.0,0.0,0.0,1.0,4,5.144658482436105,1.2114279096847578,1,1,1.0
two_table_joins,Q101,212,68.9951,64.7369,77.0972,3,OK,,"SELECT p.P_PARTKEY, ps.PS_SUPPLYCOST FROM   PART p JOIN PARTSUPP ps ON p.P_PARTKEY = ps.PS_PARTKEY WHERE  p.P_SIZE > 5",9.0,6.0,0.0,0.0,1.0,1.0,2.0,2.0,1.0,0.0,2.0,9962.0,9959.0,4981.0,9.206633510044856,100.0,100.0,0.0,0.0,1.0,1.0,0.0,0.0,0.0,0.0,1.0,4,4.248425239599245,0.49018338067964845,0,0,0.0
two_table_joins,Q102,213,49.8564,49.6909,50.1388,3,OK,,"SELECT p.P_PARTKEY, ps.PS_SUPPLYCOST FROM   PART p JOIN PARTSUPP ps ON p.P_PARTKEY = ps.PS_PARTKEY WHERE  p.P_SIZE > 15",9.0,6.0,0.0,0.0,1.0,1.0,2.0,2.0,1.0,0.0,2.0,9962.0,9959.0,4981.0,9.206633510044856,100.0,100.0,0.0,0.0,1.0,1.0,0.0,0.0,0.0,0.0,1.0,4,3.9290059749484647,0.3542103526267347,0,0,0.0
two_table_joins,Q103,214,42.9128,42.5176,43.1331,3,OK,,"SELECT p.P_PARTKEY, ps.PS_SUPPLYCOST FROM   PART p JOIN PARTSUPP ps ON p.P_PARTKEY = ps.PS_PARTKEY WHERE  p.P_SIZE > 20",9.0,6.0,0.0,0.0,1.0,1.0,2.0,2.0,1.0,0.0,2.0,9962.0,9959.0,4981.0,9.206633510044856,100.0,100.0,0.0,0.0,1.0,1.0,0.0,0.0,0.0,0.0,1.0,4,3.7822058493363286,0.304878772237878,0,0,0.0
two_table_joins,Q104,215,35.6515,35.4875,35.7835,3,OK,,"SELECT p.P_PARTKEY, ps.PS_SUPPLYCOST FROM   PART p JOIN PARTSUPP ps ON p.P_PARTKEY = ps.PS_PARTKEY WHERE  p.P_SIZE > 25",9.0,6.0,0.0,0.0,1.0,1.0,2.0,2.0,1.0,0.0,2.0,9947.0,9944.0,4973.5,9.205126804923296,100.0,100.0,0.0,0.0,1.0,1.0,0.0,0.0,0.0,0.0,1.0,4,3.601454355189552,0.2532900567765028,0,0,0.0
two_table_joins,Q105,216,64.5294,64.3733,64.7775,3,OK,,"SELECT p.P_PARTKEY, ps.PS_SUPPLYCOST FROM   PART p JOIN PARTSUPP ps ON p.P_PARTKEY = ps.PS_PARTKEY WHERE  ps.PS_SUPPLYCO",10.0,6.5,0.0,1.0,0.0,1.0,2.0,2.0,1.0,0.0,1.5,19922.0,19919.0,9961.0,9.899630122208823,66.66499999999999,33.33,0.0,0.0,1.0,1.0,0.0,0.0,0.0,0.0,1.0,4,4.182498896897783,0.4584563171185969,0,0,0.0
two_table_joins,Q106,217,50.4665,50.2501,50.7354,3,OK,,"SELECT p.P_PARTKEY, ps.PS_SUPPLYCOST FROM   PART p JOIN PARTSUPP ps ON p.P_PARTKEY = ps.PS_PARTKEY WHERE  ps.PS_SUPPLYCO",10.0,6.5,0.0,1.0,0.0,1.0,2.0,2.0,1.0,0.0,1.5,19922.0,19919.0,9961.0,9.899630122208823,66.66499999999999,33.33,0.0,0.0,1.0,1.0,0.0,0.0,0.0,0.0,1.0,4,3.9409311105753537,0.358544876100904,0,0,0.0
two_table_joins,Q107,218,37.5313,36.9721,37.8112,3,OK,,"SELECT p.P_PARTKEY, ps.PS_SUPPLYCOST FROM   PART p JOIN PARTSUPP ps ON p.P_PARTKEY = ps.PS_PARTKEY WHERE  ps.PS_SUPPLYCO",10.0,6.5,0.0,1.0,0.0,1.0,2.0,2.0,1.0,0.0,1.5,19922.0,19919.0,9961.0,9.899630122208823,66.66499999999999,33.33,0.0,0.0,1.0,1.0,0.0,0.0,0.0,0.0,1.0,4,3.6514708980117887,0.2666453054680998,0,0,0.0
two_table_joins,Q108,219,34.8292,33.7692,35.8318,3,OK,,"SELECT p.P_PARTKEY, ps.PS_SUPPLYCOST FROM   PART p JOIN PARTSUPP ps ON p.P_PARTKEY = ps.PS_PARTKEY WHERE  ps.PS_SUPPLYCO",10.0,6.5,0.0,1.0,0.0,1.0,2.0,2.0,1.0,0.0,1.5,19922.0,19919.0,9961.0,9.899630122208823,66.66499999999999,33.33,0.0,0.0,1.0,1.0,0.0,0.0,0.0,0.0,1.0,4,3.57876320340921,0.2474479347427225,0,0,0.0
two_table_joins,Q109,220,45.7172,45.2905,45.9555,3,OK,,"SELECT p.P_PARTKEY, ps.PS_AVAILQTY FROM   PART p JOIN PARTSUPP ps ON p.P_PARTKEY = ps.PS_PARTKEY WHERE  ps.PS_AVAILQTY >",10.0,6.5,0.0,1.0,0.0,1.0,2.0,2.0,1.0,0.0,1.5,19922.0,19919.0,9961.0,9.899630122208823,66.66499999999999,33.33,0.0,0.0,1.0,1.0,0.0,0.0,0.0,0.0,1.0,4,3.8441124052171576,0.32480294471937315,0,0,0.0
two_table_joins,Q110,221,44.4771,44.061,44.9831,3,OK,,"SELECT p.P_PARTKEY, ps.PS_AVAILQTY FROM   PART p JOIN PARTSUPP ps ON p.P_PARTKEY = ps.PS_PARTKEY WHERE  ps.PS_AVAILQTY >",10.0,6.5,0.0,1.0,0.0,1.0,2.0,2.0,1.0,0.0,1.5,19922.0,19919.0,9961.0,9.899630122208823,66.66499999999999,33.33,0.0,0.0,1.0,1.0,0.0,0.0,0.0,0.0,1.0,4,3.8172089025573097,0.3159925160022493,0,0,0.0
two_table_joins,Q111,222,44.432,44.2282,44.6459,3,OK,,"SELECT p.P_PARTKEY, ps.PS_AVAILQTY FROM   PART p JOIN PARTSUPP ps ON p.P_PARTKEY = ps.PS_PARTKEY WHERE  ps.PS_AVAILQTY >",10.0,6.5,0.0,1.0,0.0,1.0,2.0,2.0,1.0,0.0,1.5,19922.0,19919.0,9961.0,9.899630122208823,66.66499999999999,33.33,0.0,0.0,1.0,1.0,0.0,0.0,0.0,0.0,1.0,4,3.8162167025751317,0.3156720980237458,0,0,0.0
two_table_joins,Q112,223,43.2416,42.969,43.7063,3,OK,,"SELECT p.P_PARTKEY, ps.PS_AVAILQTY FROM   PART p JOIN PARTSUPP ps ON p.P_PARTKEY = ps.PS_PARTKEY WHERE  ps.PS_AVAILQTY >",10.0,6.5,0.0,1.0,0.0,1.0,2.0,2.0,1.0,0.0,1.5,19922.0,19919.0,9961.0,9.899630122208823,66.66499999999999,33.33,0.0,0.0,1.0,1.0,0.0,0.0,0.0,0.0,1.0,4,3.789665522925372,0.30721476849801055,0,0,0.0
two_table_joins,Q113,224,25.1927,24.4329,25.6691,3,OK,,"SELECT p.P_PARTKEY, ps.PS_SUPPLYCOST FROM   PART p JOIN PARTSUPP ps ON p.P_PARTKEY = ps.PS_PARTKEY WHERE  p.P_SIZE      ",9.0,6.0,0.0,0.0,1.0,1.0,2.0,2.0,1.0,0.0,2.0,9962.0,9959.0,4981.0,9.206633510044856,66.66499999999999,33.33,0.0,0.0,1.0,1.0,0.0,0.0,0.0,0.0,1.0,4,3.26548074598943,0.17898434605425861,0,0,0.0
two_table_joins,Q114,225,13.2606,13.2445,13.2852,3,OK,,"SELECT p.P_PARTKEY, ps.PS_SUPPLYCOST FROM   PART p JOIN PARTSUPP ps ON p.P_PARTKEY = ps.PS_PARTKEY WHERE  p.P_SIZE      ",9.0,6.0,0.0,0.0,1.0,1.0,2.0,2.0,1.0,0.0,2.0,4425.0,4422.0,2212.5,8.395251520610994,66.66499999999999,33.33,0.0,0.0,1.0,1.0,0.0,0.0,0.0,0.0,1.0,4,2.6575004898373162,0.09421141121384774,0,0,0.0
two_table_joins,Q115,226,13.5625,13.3045,13.924,3,OK,,"SELECT p.P_PARTKEY, ps.PS_SUPPLYCOST FROM   PART p JOIN PARTSUPP ps ON p.P_PARTKEY = ps.PS_PARTKEY WHERE  p.P_SIZE      ",9.0,6.0,0.0,0.0,1.0,1.0,2.0,2.0,1.0,0.0,2.0,6366.0,6363.0,3183.0,8.758883680017025,66.66499999999999,33.33,0.0,0.0,1.0,1.0,0.0,0.0,0.0,0.0,1.0,4,2.6784497313259195,0.09635629342471759,0,0,0.0
two_table_joins,Q116,227,61.2711,61.0941,61.5092,3,OK,,"SELECT s.S_SUPPKEY, ps.PS_PARTKEY FROM   SUPPLIER s JOIN PARTSUPP ps ON s.S_SUPPKEY = ps.PS_SUPPKEY WHERE  s.S_ACCTBAL >",10.0,6.0,0.0,1.0,0.0,1.0,2.0,2.0,1.0,0.0,0.5,82491.0,82490.0,41245.5,11.320456597923938,66.66499999999999,33.33,0.0,0.0,1.0,1.0,0.0,0.0,0.0,0.0,1.0,4,4.1314974337355626,0.4353073614787254,0,0,0.0
two_table_joins,Q117,228,60.9514,60.7804,61.2352,3,OK,,"SELECT s.S_SUPPKEY, ps.PS_PARTKEY FROM   SUPPLIER s JOIN PARTSUPP ps ON s.S_SUPPKEY = ps.PS_SUPPKEY WHERE  s.S_ACCTBAL >",10.0,6.0,0.0,1.0,0.0,1.0,2.0,2.0,1.0,0.0,0.5,82491.0,82490.0,41245.5,11.320456597923938,66.66499999999999,33.33,0.0,0.0,1.0,1.0,0.0,0.0,0.0,0.0,1.0,4,4.126350206689858,0.4330360171832134,0,0,0.0
two_table_joins,Q118,229,60.5528,60.3404,60.8314,3,OK,,"SELECT s.S_SUPPKEY, ps.PS_PARTKEY FROM   SUPPLIER s JOIN PARTSUPP ps ON s.S_SUPPKEY = ps.PS_SUPPKEY WHERE  s.S_ACCTBAL >",10.0,6.0,0.0,1.0,0.0,1.0,2.0,2.0,1.0,0.0,0.5,82491.0,82490.0,41245.5,11.320456597923938,66.66499999999999,33.33,0.0,0.0,1.0,1.0,0.0,0.0,0.0,0.0,1.0,4,4.119895343066106,0.43020411904060746,0,0,0.0
two_table_joins,Q119,230,62.3934,60.4228,65.8304,3,OK,,"SELECT s.S_SUPPKEY, ps.PS_PARTKEY FROM   SUPPLIER s JOIN PARTSUPP ps ON s.S_SUPPKEY = ps.PS_SUPPKEY WHERE  s.S_ACCTBAL >",10.0,6.0,0.0,1.0,0.0,1.0,2.0,2.0,1.0,0.0,0.5,82491.0,82490.0,41245.5,11.320456597923938,66.66499999999999,33.33,0.0,0.0,1.0,1.0,0.0,0.0,0.0,0.0,1.0,4,4.149359755077929,0.44328086696153174,0,0,0.0
two_table_joins,Q120,231,52.327,51.8899,53.0196,3,OK,,"SELECT s.S_SUPPKEY, ps.PS_PARTKEY FROM   SUPPLIER s JOIN PARTSUPP ps ON s.S_SUPPKEY = ps.PS_SUPPKEY WHERE  s.S_NATIONKEY",10.0,6.0,0.0,1.0,0.0,1.0,2.0,2.0,1.0,0.0,0.5,82491.0,82490.0,41245.5,11.320456597923938,55.0,10.0,0.0,0.0,1.0,1.0,0.0,0.0,0.0,0.0,1.0,4,3.9764427695143776,0.3717630057906136,0,0,0.020273809523809524
two_table_joins,Q121,232,51.329,51.2121,51.3977,3,OK,,"SELECT s.S_SUPPKEY, ps.PS_PARTKEY FROM   SUPPLIER s JOIN PARTSUPP ps ON s.S_SUPPKEY = ps.PS_SUPPKEY WHERE  s.S_NATIONKEY",10.0,6.0,0.0,1.0,0.0,1.0,2.0,2.0,1.0,0.0,0.5,82491.0,82490.0,41245.5,11.320456597923938,55.0,10.0,0.0,0.0,1.0,1.0,0.0,0.0,0.0,0.0,1.0,4,3.9575507107041075,0.36467260351685377,0,0,0.020273809523809524
two_table_joins,Q122,233,52.3765,51.7686,52.8065,3,OK,,"SELECT s.S_SUPPKEY, ps.PS_PARTKEY FROM   SUPPLIER s JOIN PARTSUPP ps ON s.S_SUPPKEY = ps.PS_SUPPKEY WHERE  s.S_NATIONKEY",10.0,6.0,0.0,1.0,0.0,1.0,2.0,2.0,1.0,0.0,0.5,82491.0,82490.0,41245.5,11.320456597923938,55.0,10.0,0.0,0.0,1.0,1.0,0.0,0.0,0.0,0.0,1.0,4,3.977370574198402,0.37211468405970294,0,0,0.020273809523809524
two_table_joins,Q123,234,63.8994,60.4753,69.8739,3,OK,,"SELECT s.S_SUPPKEY, ps.PS_SUPPLYCOST FROM   SUPPLIER s JOIN PARTSUPP ps ON s.S_SUPPKEY = ps.PS_SUPPKEY WHERE  ps.PS_SUPP",11.0,6.5,1.0,0.0,0.0,1.0,2.0,1.0,0.5,0.0,0.5,82491.0,82490.0,41245.5,11.320456597923938,66.66499999999999,33.33,0.0,0.0,1.0,1.0,0.0,0.0,0.0,0.0,1.0,4,4.172838378675014,0.4539804118756423,1,1,1.0
two_table_joins,Q124,235,33.3106,33.2744,33.3741,3,OK,,"SELECT s.S_SUPPKEY, ps.PS_SUPPLYCOST FROM   SUPPLIER s JOIN PARTSUPP ps ON s.S_SUPPKEY = ps.PS_SUPPKEY WHERE  ps.PS_SUPP",11.0,6.5,1.0,0.0,0.0,1.0,2.0,1.0,0.5,0.0,0.5,82491.0,82490.0,41245.5,11.320456597923938,66.66499999999999,33.33,0.0,0.0,1.0,1.0,0.0,0.0,0.0,0.0,1.0,4,3.5354543443303927,0.23665887172375283,1,1,1.0
two_table_joins,Q125,236,22.4437,22.3305,22.5998,3,OK,,"SELECT s.S_SUPPKEY, ps.PS_SUPPLYCOST FROM   SUPPLIER s JOIN PARTSUPP ps ON s.S_SUPPKEY = ps.PS_SUPPKEY WHERE  ps.PS_SUPP",11.0,6.5,1.0,0.0,0.0,1.0,2.0,1.0,0.5,0.0,0.5,82491.0,82490.0,41245.5,11.320456597923938,66.66499999999999,33.33,0.0,0.0,1.0,1.0,0.0,0.0,0.0,0.0,1.0,4,3.15460180208119,0.1594537690496836,1,1,1.0
two_table_joins,Q126,237,48.9888,48.9117,49.0627,3,OK,,"SELECT s.S_SUPPKEY, ps.PS_PARTKEY FROM   SUPPLIER s JOIN PARTSUPP ps ON s.S_SUPPKEY = ps.PS_SUPPKEY WHERE  s.S_ACCTBAL  ",11.0,6.5,1.0,0.0,0.0,1.0,2.0,1.0,0.5,0.0,0.5,82491.0,82490.0,41245.5,11.320456597923938,33.33,33.33,0.0,0.0,0.0,1.0,0.0,0.0,0.0,0.0,1.0,4,3.911798980336399,0.3480463916921515,1,1,1.0
two_table_joins,Q127,238,41.844,40.6169,42.9803,3,OK,,"SELECT s.S_SUPPKEY, ps.PS_PARTKEY FROM   SUPPLIER s JOIN PARTSUPP ps ON s.S_SUPPKEY = ps.PS_SUPPKEY WHERE  s.S_NATIONKEY",11.0,6.5,1.0,0.0,0.0,1.0,2.0,1.0,0.5,0.0,0.5,82491.0,82490.0,41245.5,11.320456597923938,22.22,11.11,0.0,0.0,0.0,1.0,0.0,0.0,0.0,0.0,1.0,4,3.757565611902383,0.29728536347014806,1,1,1.0
two_table_joins,Q128,239,57.904,57.708,58.0335,3,OK,,"SELECT s.S_SUPPKEY, ps.PS_AVAILQTY FROM   SUPPLIER s JOIN PARTSUPP ps ON s.S_SUPPKEY = ps.PS_SUPPKEY WHERE  ps.PS_AVAILQ",11.0,6.5,1.0,0.0,0.0,1.0,2.0,1.0,0.5,0.0,0.5,82491.0,82490.0,41245.5,11.320456597923938,66.66499999999999,33.33,0.0,0.0,1.0,1.0,0.0,0.0,0.0,0.0,1.0,4,4.0759090000664155,0.4113854241080072,1,1,1.0
two_table_joins,Q129,240,57.6677,57.5107,57.749,3,OK,,"SELECT s.S_SUPPKEY, ps.PS_AVAILQTY FROM   SUPPLIER s JOIN PARTSUPP ps ON s.S_SUPPKEY = ps.PS_SUPPKEY WHERE  ps.PS_AVAILQ",11.0,6.5,1.0,0.0,0.0,1.0,2.0,1.0,0.5,0.0,0.5,82491.0,82490.0,41245.5,11.320456597923938,66.66499999999999,33.33,0.0,0.0,1.0,1.0,0.0,0.0,0.0,0.0,1.0,4,4.071889319851287,0.4097066044113244,1,1,1.0
two_table_joins,Q130,241,200.6775,199.9943,201.2762,3,OK,,"SELECT o.O_ORDERKEY, l.L_QUANTITY FROM   ORDERS o JOIN LINEITEM l ON o.O_ORDERKEY = l.L_ORDERKEY WHERE  l.L_QUANTITY BET",11.0,6.5,1.0,0.0,0.0,1.0,2.0,1.0,0.5,0.0,1.0,594746.0,594745.0,297373.0,13.29589138401629,55.555,11.11,0.0,0.0,1.0,1.0,0.0,0.0,0.0,0.0,1.0,4,5.306669886928182,1.4257356736397246,1,1,1.0
two_table_joins,Q131,242,248.1464,246.0694,251.6138,3,OK,,"SELECT o.O_ORDERKEY, l.L_DISCOUNT FROM   ORDERS o JOIN LINEITEM l ON o.O_ORDERKEY = l.L_ORDERKEY WHERE  l.L_DISCOUNT BET",11.0,6.5,1.0,0.0,0.0,1.0,2.0,1.0,0.5,0.0,1.0,594746.0,594745.0,297373.0,13.29589138401629,55.555,11.11,0.0,0.0,1.0,1.0,0.0,0.0,0.0,0.0,1.0,4,5.518040675495992,1.7629837663179606,1,1,1.0
two_table_joins,Q132,243,36.7563,36.0717,38.0494,3,OK,,"SELECT p.P_PARTKEY, ps.PS_SUPPLYCOST FROM   PART p JOIN PARTSUPP ps ON p.P_PARTKEY = ps.PS_PARTKEY WHERE  ps.PS_SUPPLYCO",10.0,6.5,0.0,1.0,0.0,1.0,2.0,2.0,1.0,0.0,1.5,19922.0,19919.0,9961.0,9.899630122208823,55.555,11.11,0.0,0.0,1.0,1.0,0.0,0.0,0.0,0.0,1.0,4,3.6311523491880964,0.2611392315581159,0,0,0.0025
two_table_joins,Q133,244,10.5693,10.4715,10.6489,3,OK,,"SELECT s.S_SUPPKEY, ps.PS_AVAILQTY FROM   SUPPLIER s JOIN PARTSUPP ps ON s.S_SUPPKEY = ps.PS_SUPPKEY WHERE  ps.PS_AVAILQ",11.0,6.5,1.0,0.0,0.0,1.0,2.0,1.0,0.5,0.0,0.5,82491.0,82490.0,41245.5,11.320456597923938,55.555,11.11,0.0,0.0,1.0,1.0,0.0,0.0,0.0,0.0,1.0,4,2.4483550380788515,0.0750907702926354,1,1,0.9975
two_table_joins,Q134,245,286.3086,268.7572,312.464,3,OK,,"SELECT o.O_ORDERKEY, c.C_NAME FROM   ORDERS   o JOIN   CUSTOMER c ON o.O_CUSTKEY = c.C_CUSTKEY WHERE  o.O_TOTALPRICE > 2",11.0,7.0,1.0,0.0,0.0,1.0,2.0,1.0,0.5,0.0,1.5,14906.0,14892.0,7453.0,9.60958618027043,41.665,33.33,1.0,1.0,0.0,1.0,0.0,0.0,0.0,0.0,1.0,4,5.6605568994042725,2.034111371179362,1,1,1.0
two_table_joins,Q135,246,415.2287,400.0825,442.0577,3,OK,,"SELECT o.O_ORDERKEY, l.L_QUANTITY FROM   ORDERS  o JOIN   LINEITEM l ON o.O_ORDERKEY = l.L_ORDERKEY WHERE  l.L_QUANTITY ",11.0,6.5,1.0,0.0,0.0,1.0,2.0,1.0,0.5,0.0,1.0,594746.0,594745.0,297373.0,13.29589138401629,55.555,11.11,1.0,0.0,1.0,1.0,0.0,0.0,0.0,0.0,1.0,4,6.0312348688141935,2.9500385958019564,1,1,0.9985714285714287
two_table_joins,Q136,247,80.5983,79.9432,81.7457,3,OK,,"SELECT c.C_CUSTKEY, c.C_NAME, COUNT(o.O_ORDERKEY)   AS order_count FROM   CUSTOMER c JOIN   ORDERS   o ON c.C_CUSTKEY = ",10.0,6.0,0.0,1.0,0.0,1.0,2.0,2.0,1.0,0.0,1.0,148466.0,148465.0,74233.0,11.908117990307652,100.0,100.0,0.0,1.0,1.0,0.0,0.0,0.0,0.0,0.0,1.0,4,4.401808428419711,0.5726196087987772,0,0,0.005083333333333333
two_table_joins,Q137,248,203.0698,196.7083,213.5335,3,OK,,"SELECT c.C_CUSTKEY, c.C_NAME, SUM(o.O_TOTALPRICE)   AS total_revenue FROM   CUSTOMER c JOIN   ORDERS   o ON c.C_CUSTKEY ",11.0,6.5,1.0,0.0,0.0,1.0,2.0,1.0,0.5,0.0,1.0,148466.0,148465.0,74233.0,11.908117990307652,100.0,100.0,0.0,1.0,0.0,0.0,0.0,0.0,0.0,0.0,1.0,4,5.318462092184651,1.4427320357234075,1,1,1.0
two_table_joins,Q138,249,213.812,209.4575,219.9758,3,OK,,"SELECT c.C_CUSTKEY, c.C_NAME, AVG(o.O_TOTALPRICE)   AS avg_order_value FROM   CUSTOMER c JOIN   ORDERS   o ON c.C_CUSTKE",11.0,6.5,1.0,0.0,0.0,1.0,2.0,1.0,0.5,0.0,1.0,148466.0,148465.0,74233.0,11.908117990307652,100.0,100.0,0.0,1.0,0.0,0.0,0.0,0.0,0.0,0.0,1.0,4,5.369763226996055,1.5190511933438318,1,1,1.0
two_table_joins,Q139,250,135.3852,133.6495,137.8019,3,OK,,"SELECT c.C_NATIONKEY, MAX(o.O_TOTALPRICE)   AS max_order_price FROM   ORDERS   o JOIN   CUSTOMER c ON o.O_CUSTKEY = c.C_",11.0,6.5,1.0,0.0,0.0,1.0,2.0,1.0,0.5,0.0,1.5,148466.0,148465.0,74233.0,11.908117990307652,100.0,100.0,0.0,1.0,0.0,0.0,0.0,0.0,0.0,0.0,1.0,4,4.9154832351235065,0.9618592484102544,1,1,1.0
two_table_joins,Q140,251,135.6572,133.6853,137.7004,3,OK,,"SELECT c.C_NATIONKEY, MIN(o.O_TOTALPRICE)   AS min_order_price FROM   ORDERS   o JOIN   CUSTOMER c ON o.O_CUSTKEY = c.C_",11.0,6.5,1.0,0.0,0.0,1.0,2.0,1.0,0.5,0.0,1.5,148466.0,148465.0,74233.0,11.908117990307652,100.0,100.0,0.0,1.0,0.0,0.0,0.0,0.0,0.0,0.0,1.0,4,4.917475600338402,0.9637917027373712,1,1,1.0
two_table_joins,Q141,252,144.5134,139.6213,153.3277,3,OK,,"SELECT c.C_NATIONKEY, COUNT(o.O_ORDERKEY)   AS order_count, SUM(o.O_TOTALPRICE)   AS total_revenue FROM   ORDERS   o JOI",11.0,7.0,1.0,0.0,0.0,1.0,2.0,1.0,0.5,0.0,1.5,14906.0,14892.0,7453.0,9.60958618027043,66.66499999999999,33.33,0.0,1.0,0.0,1.0,0.0,0.0,0.0,0.0,1.0,4,4.980268178590882,1.0267115630749184,1,1,1.0
two_table_joins,Q142,253,283.0745,280.1589,284.9202,3,OK,,"SELECT o.O_ORDERKEY, SUM(l.L_QUANTITY)     AS total_qty FROM   ORDERS  o JOIN   LINEITEM l ON o.O_ORDERKEY = l.L_ORDERKE",10.0,6.5,0.0,1.0,0.0,1.0,2.0,2.0,1.0,0.0,2.5,148469.0,148465.0,74234.5,11.908138196614042,100.0,100.0,0.0,0.0,1.0,0.0,0.0,0.0,0.0,0.0,1.0,4,5.649236527703958,2.011134347137712,0,0,0.012416666666666666
two_table_joins,Q143,254,291.2006,291.1111,291.3637,3,OK,,"SELECT o.O_ORDERKEY, AVG(l.L_DISCOUNT)     AS avg_discount FROM   ORDERS  o JOIN   LINEITEM l ON o.O_ORDERKEY = l.L_ORDE",10.0,6.5,0.0,1.0,0.0,1.0,2.0,2.0,1.0,0.0,2.5,148469.0,148465.0,74234.5,11.908138196614042,100.0,100.0,0.0,0.0,1.0,0.0,0.0,0.0,0.0,0.0,1.0,4,5.677440552702581,2.0688671306214794,0,0,0.012416666666666666
two_table_joins,Q144,255,511.0702,498.0908,529.0786,3,OK,,"SELECT o.O_ORDERKEY, COUNT(l.L_LINENUMBER) AS line_count FROM   ORDERS  o JOIN   LINEITEM l ON o.O_ORDERKEY = l.L_ORDERK",9.0,6.0,0.0,0.0,1.0,1.0,2.0,2.0,1.0,0.0,2.5,74236.0,74232.0,37118.0,11.215017957160839,100.0,100.0,0.0,1.0,1.0,1.0,0.0,0.0,0.0,0.0,1.0,4,6.238461725015877,3.6309552185680443,1,1,0.5447500000000001
two_table_joins,Q145,256,330.1861,329.5269,330.556,3,OK,,"SELECT o.O_ORDERKEY, MAX(l.L_QUANTITY)     AS max_qty, MIN(l.L_DISCOUNT)     AS min_discount FROM   ORDERS  o JOIN   LIN",10.0,6.5,0.0,1.0,0.0,1.0,2.0,2.0,1.0,0.0,2.5,148469.0,148465.0,74234.5,11.908138196614042,100.0,100.0,0.0,0.0,1.0,0.0,0.0,0.0,0.0,0.0,1.0,4,5.802680453031365,2.345843962128158,0,0,0.012416666666666666
two_table_joins,Q146,257,434.1844,416.7382,460.0995,3,OK,,"SELECT YEAR(l.L_SHIPDATE)    AS ship_year, SUM(l.L_EXTENDEDPRICE) AS total_extended FROM   ORDERS  o JOIN   LINEITEM l O",10.0,6.5,0.0,1.0,0.0,1.0,2.0,2.0,1.0,0.0,1.5,148469.0,148465.0,74234.5,11.908138196614042,100.0,100.0,0.0,1.0,1.0,0.0,0.0,0.0,0.0,0.0,1.0,4,6.075769849311029,3.084711479950964,0,0,0.009333333333333334
two_table_joins,Q147,258,39.275,38.2295,41.1529,3,OK,,"SELECT p.P_SIZE, AVG(ps.PS_SUPPLYCOST) AS avg_supply_cost FROM   PART     p JOIN   PARTSUPP ps ON p.P_PARTKEY = ps.PS_PA",10.0,6.5,0.0,1.0,0.0,1.0,2.0,2.0,1.0,0.0,2.0,19922.0,19919.0,9961.0,9.899630122208823,100.0,100.0,0.0,0.0,1.0,0.0,0.0,0.0,0.0,0.0,1.0,4,3.6957309290630382,0.2790336165349886,0,0,0.0
two_table_joins,Q148,259,34.5845,34.1792,35.0118,3,OK,,"SELECT p.P_PARTKEY, SUM(ps.PS_AVAILQTY)   AS total_availqty FROM   PART     p JOIN   PARTSUPP ps ON p.P_PARTKEY = ps.PS_",10.0,6.5,0.0,1.0,0.0,1.0,2.0,2.0,1.0,0.0,2.0,19922.0,19919.0,9961.0,9.899630122208823,100.0,100.0,0.0,0.0,1.0,0.0,0.0,0.0,0.0,0.0,1.0,4,3.571910149788392,0.24570943630946693,0,0,0.0
two_table_joins,Q149,260,56.2278,55.4102,56.755,3,OK,,"SELECT p.P_TYPE, MAX(ps.PS_SUPPLYCOST) AS max_cost, MIN(ps.PS_SUPPLYCOST) AS min_cost FROM   PART     p JOIN   PARTSUPP ",11.0,7.0,1.0,0.0,0.0,1.0,2.0,1.0,0.5,0.0,1.5,19922.0,19919.0,9961.0,9.899630122208823,100.0,100.0,0.0,1.0,0.0,0.0,0.0,0.0,0.0,0.0,1.0,4,4.047039794305222,0.39947667431714917,1,1,1.0
two_table_joins,Q150,261,71.8134,71.5777,72.2424,3,OK,,"SELECT s.S_SUPPKEY, s.S_NAME, COUNT(ps.PS_PARTKEY)  AS parts_supplied FROM   SUPPLIER s JOIN   PARTSUPP ps ON s.S_SUPPKE",10.0,6.0,0.0,1.0,0.0,1.0,2.0,2.0,1.0,0.0,0.5,82491.0,82490.0,41245.5,11.320456597923938,100.0,100.0,0.0,1.0,1.0,0.0,0.0,0.0,0.0,0.0,1.0,4,4.287900004198651,0.5102063072609485,0,0,0.004083333333333333
two_table_joins,Q151,262,68.0375,67.8476,68.1378,3,OK,,"SELECT s.S_NATIONKEY, AVG(ps.PS_SUPPLYCOST) AS avg_supply_cost FROM   SUPPLIER s JOIN   PARTSUPP ps ON s.S_SUPPKEY = ps.",11.0,6.5,1.0,0.0,0.0,1.0,2.0,1.0,0.5,0.0,0.5,82491.0,82490.0,41245.5,11.320456597923938,100.0,100.0,0.0,1.0,0.0,0.0,0.0,0.0,0.0,0.0,1.0,4,4.234649835227306,0.4833800047103574,1,1,1.0
two_table_joins,Q152,263,69.9895,69.5468,70.7032,3,OK,,"SELECT s.S_SUPPKEY, SUM(ps.PS_AVAILQTY)   AS total_availqty FROM   SUPPLIER s JOIN   PARTSUPP ps ON s.S_SUPPKEY = ps.PS_",11.0,6.5,1.0,0.0,0.0,1.0,2.0,1.0,0.5,0.0,0.5,82491.0,82490.0,41245.5,11.320456597923938,100.0,100.0,0.0,1.0,1.0,0.0,0.0,0.0,0.0,0.0,1.0,4,4.262531978780963,0.49724820635202005,1,1,1.0
two_table_joins,Q153,264,67.3277,66.1784,68.0352,3,OK,,"SELECT s.S_NATIONKEY, MAX(ps.PS_SUPPLYCOST) AS max_supply_cost FROM   SUPPLIER s JOIN   PARTSUPP ps ON s.S_SUPPKEY = ps.",11.0,6.5,1.0,0.0,0.0,1.0,2.0,1.0,0.5,0.0,0.5,82491.0,82490.0,41245.5,11.320456597923938,66.66499999999999,33.33,0.0,1.0,0.0,1.0,0.0,0.0,0.0,0.0,1.0,4,4.224315248047625,0.47833715146996186,1,1,1.0
two_table_joins,Q154,265,99.0531,91.4225,105.2696,3,OK,,"SELECT c.C_CUSTKEY, COUNT(o.O_ORDERKEY)   AS order_count FROM   CUSTOMER c JOIN   ORDERS   o ON c.C_CUSTKEY = o.O_CUSTKE",11.0,6.5,1.0,0.0,0.0,1.0,2.0,1.0,0.5,0.0,2.0,148466.0,148465.0,74233.0,11.908117990307652,75.0,50.0,0.0,1.0,1.0,1.0,0.0,0.0,0.0,0.0,1.0,4,4.6057010450574785,0.7037337930490613,1,1,0.99
two_table_joins,Q155,266,502.9534,475.9065,518.2962,3,OK,,"SELECT o.O_ORDERKEY, COUNT(l.L_LINENUMBER) AS line_count, AVG(l.L_QUANTITY)     AS avg_qty FROM   ORDERS  o JOIN   LINEI",10.0,6.5,0.0,1.0,0.0,1.0,2.0,2.0,1.0,0.0,2.5,148469.0,148465.0,74234.5,11.908138196614042,66.66499999999999,33.33,0.0,0.0,1.0,1.0,0.0,0.0,0.0,0.0,1.0,4,6.222483803479189,3.5732885079711965,1,0,0.34
two_table_joins,Q156,267,80.4726,75.1966,88.8957,3,OK,,"SELECT c.C_CUSTKEY, c.C_NAME, COUNT(o.O_ORDERKEY)   AS order_count FROM   CUSTOMER c JOIN   ORDERS   o ON c.C_CUSTKEY = ",10.0,6.0,0.0,1.0,0.0,1.0,2.0,2.0,1.0,0.0,1.0,148466.0,148465.0,74233.0,11.908117990307652,100.0,100.0,0.0,1.0,1.0,0.0,0.0,0.0,0.0,0.0,1.0,4,4.400266767401146,0.5717265591336352,0,0,0.005083333333333333
two_table_joins,Q157,268,223.729,213.1119,238.324,3,OK,,"SELECT c.C_CUSTKEY, c.C_NAME, SUM(o.O_TOTALPRICE)   AS total_revenue FROM   CUSTOMER c JOIN   ORDERS   o ON c.C_CUSTKEY ",11.0,6.5,1.0,0.0,0.0,1.0,2.0,1.0,0.5,0.0,1.0,148466.0,148465.0,74233.0,11.908117990307652,100.0,100.0,0.0,1.0,0.0,0.0,0.0,0.0,0.0,0.0,1.0,4,5.414895231833816,1.589507625557135,1,1,1.0
two_table_joins,Q158,269,151.6781,150.0425,153.2151,3,OK,,"SELECT c.C_NATIONKEY, AVG(o.O_TOTALPRICE)   AS avg_order_value FROM   ORDERS   o JOIN   CUSTOMER c ON o.O_CUSTKEY = c.C_",11.0,6.5,1.0,0.0,0.0,1.0,2.0,1.0,0.5,0.0,1.5,148466.0,148465.0,74233.0,11.908117990307652,100.0,100.0,0.0,1.0,0.0,0.0,0.0,0.0,0.0,0.0,1.0,4,5.028331783471591,1.0776139730657075,1,1,1.0
two_table_joins,Q159,270,241.464,240.8002,242.0285,3,OK,,"SELECT o.O_ORDERKEY, COUNT(l.L_LINENUMBER) AS line_count FROM   ORDERS  o JOIN   LINEITEM l ON o.O_ORDERKEY = l.L_ORDERK",10.0,6.5,0.0,1.0,0.0,1.0,2.0,2.0,1.0,0.0,2.5,148469.0,148465.0,74234.5,11.908138196614042,100.0,100.0,0.0,0.0,1.0,0.0,0.0,0.0,0.0,0.0,1.0,4,5.490853245748963,1.7155079104520559,0,0,0.012416666666666666
two_table_joins,Q160,271,296.1674,295.4408,297.0782,3,OK,,"SELECT o.O_ORDERKEY, SUM(l.L_QUANTITY)     AS total_qty FROM   ORDERS  o JOIN   LINEITEM l ON o.O_ORDERKEY = l.L_ORDERKE",10.0,6.5,0.0,1.0,0.0,1.0,2.0,2.0,1.0,0.0,2.5,148469.0,148465.0,74234.5,11.908138196614042,100.0,100.0,0.0,0.0,1.0,0.0,0.0,0.0,0.0,0.0,1.0,4,5.694295616383022,2.104154315003554,0,0,0.012416666666666666
two_table_joins,Q161,272,32.1228,30.9599,34.1902,3,OK,,"SELECT p.P_PARTKEY, COUNT(ps.PS_SUPPKEY)  AS supplier_count FROM   PART     p JOIN   PARTSUPP ps ON p.P_PARTKEY = ps.PS_",10.0,6.5,0.0,1.0,0.0,1.0,2.0,2.0,1.0,0.0,2.0,19922.0,19919.0,9961.0,9.899630122208823,100.0,100.0,0.0,0.0,1.0,0.0,0.0,0.0,0.0,0.0,1.0,4,3.5002218670064664,0.22822001418790916,0,0,0.0
two_table_joins,Q162,273,37.2139,35.3403,39.4464,3,OK,,"SELECT p.P_SIZE, AVG(ps.PS_SUPPLYCOST) AS avg_cost FROM   PART     p JOIN   PARTSUPP ps ON p.P_PARTKEY = ps.PS_PARTKEY G",10.0,6.5,0.0,1.0,0.0,1.0,2.0,2.0,1.0,0.0,2.0,19922.0,19919.0,9961.0,9.899630122208823,100.0,100.0,0.0,0.0,1.0,0.0,0.0,0.0,0.0,0.0,1.0,4,3.643199323771865,0.2643903017790303,0,0,0.0
two_table_joins,Q163,274,74.9026,74.6722,75.266,3,OK,,"SELECT s.S_SUPPKEY, SUM(ps.PS_AVAILQTY)   AS total_qty FROM   SUPPLIER s JOIN   PARTSUPP ps ON s.S_SUPPKEY = ps.PS_SUPPK",11.0,6.5,1.0,0.0,0.0,1.0,2.0,1.0,0.5,0.0,0.5,82491.0,82490.0,41245.5,11.320456597923938,100.0,100.0,0.0,1.0,1.0,0.0,0.0,0.0,0.0,0.0,1.0,4,4.329450939414348,0.532153873096719,1,1,1.0
two_table_joins,Q164,275,26.4533,25.0818,27.8215,3,OK,,"SELECT DISTINCT c.C_CUSTKEY, c.C_NAME FROM   CUSTOMER c JOIN   ORDERS   o ON c.C_CUSTKEY = o.O_CUSTKEY",11.0,7.0,1.0,0.0,0.0,1.0,2.0,1.0,0.5,0.0,1.0,14906.0,14892.0,7453.0,9.60958618027043,100.0,100.0,0.0,1.0,1.0,0.0,0.0,0.0,0.0,0.0,1.0,4,3.3124863793091004,0.18794041930706593,1,1,1.0
two_table_joins,Q165,276,114.0565,113.3425,115.4783,3,OK,,SELECT DISTINCT c.C_NATIONKEY FROM   ORDERS   o JOIN   CUSTOMER c ON o.O_CUSTKEY = c.C_CUSTKEY WHERE  o.O_TOTALPRICE > 5,11.0,6.5,1.0,0.0,0.0,1.0,2.0,1.0,0.5,0.0,2.0,148466.0,148465.0,74233.0,11.908117990307652,75.0,50.0,0.0,1.0,0.0,1.0,0.0,0.0,0.0,0.0,1.0,4,4.745423312060611,0.8103271211794508,1,1,0.995
two_table_joins,Q166,277,383.6931,354.3187,424.1864,3,OK,,SELECT DISTINCT l.L_SHIPDATE FROM   ORDERS  o JOIN   LINEITEM l ON o.O_ORDERKEY = l.L_ORDERKEY WHERE  o.O_TOTALPRICE > 3,9.0,6.0,0.0,0.0,1.0,1.0,2.0,2.0,1.0,0.0,2.0,74236.0,74232.0,37118.0,11.215017957160839,100.0,100.0,0.0,1.0,1.0,1.0,0.0,0.0,0.0,0.0,1.0,4,5.952445873543328,2.725990409484941,0,0,0.00975
two_table_joins,Q167,278,29.6861,28.176,31.8806,3,OK,,SELECT DISTINCT p.P_TYPE FROM   PART     p JOIN   PARTSUPP ps ON p.P_PARTKEY = ps.PS_PARTKEY WHERE  ps.PS_SUPPLYCOST > 6,11.0,7.0,1.0,0.0,0.0,1.0,2.0,1.0,0.5,0.0,1.5,19922.0,19919.0,9961.0,9.899630122208823,66.66499999999999,33.33,0.0,1.0,0.0,1.0,0.0,0.0,0.0,0.0,1.0,4,3.423809783332799,0.21090820735377022,1,1,1.0
two_table_joins,Q168,279,58.1737,57.6936,58.8425,3,OK,,SELECT DISTINCT s.S_NATIONKEY FROM   SUPPLIER s JOIN   PARTSUPP ps ON s.S_SUPPKEY = ps.PS_SUPPKEY WHERE  ps.PS_AVAILQTY ,11.0,6.5,1.0,0.0,0.0,1.0,2.0,1.0,0.5,0.0,0.5,82491.0,82490.0,41245.5,11.320456597923938,66.66499999999999,33.33,0.0,1.0,0.0,1.0,0.0,0.0,0.0,0.0,1.0,4,4.080477186421934,0.4133015378286815,1,1,1.0
two_table_joins,Q169,280,392.3399,364.1026,413.5466,3,OK,,SELECT DISTINCT o.O_ORDERKEY FROM   ORDERS  o JOIN   LINEITEM l ON o.O_ORDERKEY = l.L_ORDERKEY WHERE  l.L_DISCOUNT > 0.0,10.0,6.5,0.0,1.0,0.0,1.0,2.0,2.0,1.0,0.0,2.5,148469.0,148465.0,74234.5,11.908138196614042,66.66499999999999,33.33,0.0,1.0,1.0,1.0,0.0,0.0,0.0,0.0,1.0,4,5.974674123567496,2.787422564175068,0,0,0.0016666666666666666
two_table_joins,Q170,281,0.4976,0.4025,0.6479,3,OK,,"SELECT o.O_ORDERKEY, c.C_NAME, o.O_TOTALPRICE FROM   ORDERS   o JOIN   CUSTOMER c ON o.O_CUSTKEY = c.C_CUSTKEY ORDER BY ",10.0,6.0,0.0,1.0,0.0,1.0,2.0,2.0,1.0,0.0,1.0,11.0,10.0,5.5,2.4849066497880004,100.0,100.0,0.0,0.0,0.0,0.0,0.0,0.0,0.0,0.0,1.0,4,0.40386382674119053,0.0035352546807844772,0,0,0.0
two_table_joins,Q171,282,82.0154,81.0114,82.9928,3,OK,,"SELECT c.C_NAME, c.C_ACCTBAL, COUNT(o.O_ORDERKEY) AS order_count FROM   CUSTOMER c JOIN   ORDERS   o ON c.C_CUSTKEY = o.",11.0,7.0,1.0,0.0,0.0,1.0,2.0,1.0,0.5,0.0,1.0,14906.0,14892.0,7453.0,9.60958618027043,100.0,100.0,1.0,1.0,1.0,0.0,0.0,0.0,0.0,0.0,1.0,4,4.419026132754453,0.5826875537508264,1,1,1.0
two_table_joins,Q172,283,1.1243,0.5686,1.7803,3,OK,,"SELECT o.O_ORDERKEY, c.C_NAME, o.O_ORDERDATE FROM   ORDERS   o JOIN   CUSTOMER c ON o.O_CUSTKEY = c.C_CUSTKEY ORDER BY o",10.0,6.0,0.0,1.0,0.0,1.0,2.0,2.0,1.0,0.0,1.0,51.0,50.0,25.5,3.9512437185814275,100.0,100.0,0.0,0.0,0.0,0.0,0.0,0.0,0.0,0.0,1.0,4,0.753442336343701,0.007987714705799814,0,0,0.0
two_table_joins,Q173,284,282.629,282.1477,283.453,3,OK,,"SELECT o.O_ORDERKEY, SUM(l.L_QUANTITY)    AS total_qty FROM   ORDERS  o JOIN   LINEITEM l ON o.O_ORDERKEY = l.L_ORDERKEY",10.0,6.5,0.0,1.0,0.0,1.0,2.0,2.0,1.0,0.0,2.5,148469.0,148465.0,74234.5,11.908138196614042,100.0,100.0,1.0,1.0,1.0,0.0,0.0,0.0,0.0,0.0,1.0,4,5.64766704612969,2.0079692427159084,0,0,0.014095238095238096
two_table_joins,Q174,285,211.9087,211.0336,212.648,3,OK,,"SELECT o.O_ORDERKEY, l.L_LINENUMBER, l.L_EXTENDEDPRICE FROM   ORDERS  o JOIN   LINEITEM l ON o.O_ORDERKEY = l.L_ORDERKEY",11.0,6.5,1.0,0.0,0.0,1.0,2.0,1.0,0.5,0.0,1.0,594746.0,594745.0,297373.0,13.29589138401629,66.66499999999999,33.33,1.0,0.0,1.0,1.0,0.0,0.0,0.0,0.0,1.0,4,5.360863435320032,1.505528986282061,1,1,1.0
two_table_joins,Q175,286,66.8524,65.5582,69.2547,3,OK,,"SELECT p.P_PARTKEY, p.P_NAME, SUM(ps.PS_AVAILQTY)  AS total_qty FROM   PART     p JOIN   PARTSUPP ps ON p.P_PARTKEY = ps",11.0,7.0,1.0,0.0,0.0,1.0,2.0,1.0,0.5,0.0,1.5,19922.0,19919.0,9961.0,9.899630122208823,100.0,100.0,1.0,1.0,0.0,0.0,0.0,0.0,0.0,0.0,1.0,4,4.217334757799735,0.47496032962555507,1,1,1.0
two_table_joins,Q176,287,77.0469,76.8391,77.3486,3,OK,,"SELECT s.S_SUPPKEY, s.S_NAME, AVG(ps.PS_SUPPLYCOST) AS avg_cost FROM   SUPPLIER s JOIN   PARTSUPP ps ON s.S_SUPPKEY = ps",11.0,6.5,1.0,0.0,0.0,1.0,2.0,1.0,0.5,0.0,0.5,82491.0,82490.0,41245.5,11.320456597923938,100.0,100.0,1.0,1.0,0.0,0.0,0.0,0.0,0.0,0.0,1.0,4,4.357309928043251,0.5473882915292072,1,1,1.0
two_table_joins,Q177,288,28.9893,28.0608,29.9705,3,OK,,"SELECT s.S_NAME, ps.PS_PARTKEY, ps.PS_SUPPLYCOST FROM   SUPPLIER s JOIN   PARTSUPP ps ON s.S_SUPPKEY = ps.PS_SUPPKEY ORD",11.0,6.5,1.0,0.0,0.0,1.0,2.0,1.0,0.5,0.0,0.5,82491.0,82490.0,41245.5,11.320456597923938,100.0,100.0,1.0,0.0,0.0,0.0,0.0,0.0,0.0,0.0,1.0,4,3.4008406513748053,0.20595771406283248,1,1,1.0
two_table_joins,Q178,289,37.5124,27.0118,57.0972,3,OK,,"SELECT c.C_CUSTKEY, c.C_NAME FROM   CUSTOMER c WHERE  EXISTS ( SELECT 1 FROM   ORDERS o WHERE  o.O_CUSTKEY = c.C_CUSTKEY",11.0,7.666666666666667,1.0,1.0,0.0,1.0,3.0,2.0,0.6666666666666666,0.0,1.0,163358.0,148465.0,54452.666666666664,12.003705511930198,100.0,100.0,0.0,0.0,1.0,0.0,0.0,0.0,0.0,0.0,2.0,4,3.6509802673598566,0.26651102831081114,1,1,0.99125
two_table_joins,Q179,290,42.0522,40.0234,44.1808,3,OK,,"SELECT c.C_CUSTKEY, c.C_NAME FROM   CUSTOMER c WHERE  EXISTS ( SELECT 1 FROM   ORDERS o WHERE  o.O_CUSTKEY    = c.C_CUST",11.0,8.0,1.0,0.0,0.0,1.0,3.0,1.0,0.3333333333333333,0.0,1.3333333333333333,163358.0,148465.0,54452.666666666664,12.003705511930198,83.33333333333333,50.0,0.0,0.0,0.0,1.0,0.0,0.0,0.0,0.0,2.0,4,3.7624133329361835,0.2987645435837721,1,1,1.0
two_table_joins,Q180,291,32.1876,30.3503,34.3815,3,OK,,"SELECT c.C_CUSTKEY, c.C_NAME FROM   CUSTOMER c WHERE  NOT EXISTS ( SELECT 1 FROM   ORDERS o WHERE  o.O_CUSTKEY  = c.C_CU",11.0,8.0,1.0,0.0,0.0,1.0,3.0,1.0,0.3333333333333333,0.0,1.0,163358.0,148465.0,54452.666666666664,12.003705511930198,100.0,100.0,0.0,0.0,0.0,1.0,0.0,0.0,0.0,0.0,2.0,4,3.5021763121802922,0.2286803930128988,1,1,1.0
two_table_joins,Q181,292,25.8105,23.4393,29.9611,3,OK,,"SELECT o.O_ORDERKEY, o.O_TOTALPRICE FROM   ORDERS o WHERE  o.O_CUSTKEY IN ( SELECT c.C_CUSTKEY FROM   CUSTOMER c WHERE  ",9.0,6.0,0.0,0.0,1.0,1.0,2.0,2.0,1.0,0.0,1.5,1860.0,1846.0,930.0,7.528869256642251,100.0,100.0,0.0,0.0,1.0,1.0,0.0,0.0,0.0,0.0,1.0,4,3.2887936018315167,0.18337357503695287,0,0,0.008273809523809524
two_table_joins,Q182,293,189.0106,184.3286,197.9949,3,OK,,"SELECT o.O_ORDERKEY, o.O_TOTALPRICE FROM   ORDERS o WHERE  EXISTS ( SELECT 1 FROM   LINEITEM l WHERE  l.L_ORDERKEY = o.O",11.0,7.666666666666667,1.0,1.0,0.0,1.0,3.0,2.0,0.6666666666666666,0.0,1.0,743211.0,594745.0,247737.0,13.518736612745386,77.77666666666666,33.33,0.0,0.0,1.0,1.0,0.0,0.0,0.0,0.0,2.0,4,5.247079860077996,1.3428468817682526,1,1,0.99125
two_table_joins,Q183,294,258.0507,248.9311,268.8793,3,OK,,"SELECT o.O_ORDERKEY, o.O_TOTALPRICE FROM   ORDERS o WHERE  NOT EXISTS ( SELECT 1 FROM   LINEITEM l WHERE  l.L_ORDERKEY =",10.0,6.5,0.0,1.0,0.0,1.0,2.0,2.0,1.0,0.0,0.5,148469.0,148465.0,74234.5,11.908138196614042,100.0,100.0,0.0,0.0,1.0,1.0,0.0,0.0,0.0,0.0,1.0,4,5.557023795438193,1.8333499699652551,0,0,0.0026666666666666666
two_table_joins,Q184,295,50.668,37.9574,73.9643,3,OK,,"SELECT p.P_PARTKEY, p.P_NAME FROM   PART p WHERE  p.P_PARTKEY IN ( SELECT ps.PS_PARTKEY FROM   PARTSUPP ps JOIN   SUPPLI",10.0,4.666666666666667,0.0,1.0,0.0,1.0,3.0,3.0,1.0,0.0,1.3333333333333333,82492.0,82490.0,27497.333333333332,11.320468720238088,52.85,25.22,0.0,0.0,1.0,1.0,0.0,0.0,0.0,0.0,1.0,4,3.944838634369769,0.3599764553174998,0,0,0.04086904761904761
two_table_joins,Q185,296,17.2585,17.0109,17.7434,3,OK,,"SELECT s.S_SUPPKEY, s.S_NAME FROM   SUPPLIER s WHERE  EXISTS ( SELECT 1 FROM   PARTSUPP ps JOIN   PART     p  ON ps.PS_P",11.0,6.25,1.0,0.0,1.0,1.0,4.0,3.0,0.75,0.0,1.5,8956.0,7952.0,2239.0,9.100190628475195,100.0,100.0,0.0,0.0,1.0,1.0,0.0,0.0,0.0,0.0,2.0,4,2.904630725023698,0.12261493751671805,1,1,0.9790000000000001
two_table_joins,Q186,297,80.4698,78.7182,83.6769,3,OK,,"SELECT c.C_NATIONKEY, COUNT(o.O_ORDERKEY)   AS order_count, SUM(o.O_TOTALPRICE)   AS total_revenue, AVG(o.O_TOTALPRICE) ",11.0,6.5,1.0,0.0,0.0,1.0,2.0,1.0,0.5,0.0,2.0,148466.0,148465.0,74233.0,11.908117990307652,75.0,50.0,1.0,1.0,0.0,1.0,0.0,0.0,0.0,0.0,1.0,4,4.400232399428166,0.5717066662214444,1,1,0.995
two_table_joins,Q187,298,140.3632,139.3066,141.6894,3,OK,,"SELECT c.C_NATIONKEY, YEAR(o.O_ORDERDATE)   AS order_year, COUNT(o.O_ORDERKEY)   AS order_count FROM   ORDERS   o JOIN  ",11.0,6.5,1.0,0.0,0.0,1.0,2.0,1.0,0.5,0.0,1.0,148466.0,148465.0,74233.0,11.908117990307652,100.0,100.0,1.0,1.0,0.0,0.0,0.0,0.0,0.0,0.0,1.0,4,4.951332464993479,0.9972260044410928,1,1,1.0
two_table_joins,Q189,300,277.7502,268.8014,293.6829,3,OK,,"SELECT o.O_ORDERKEY, o.O_TOTALPRICE, COUNT(l.L_LINENUMBER) AS line_count FROM   ORDERS  o JOIN   LINEITEM l ON o.O_ORDER",10.0,7.333333333333333,0.0,1.0,1.0,1.0,3.0,3.0,1.0,0.0,1.0,222701.0,148465.0,74233.66666666667,12.313589833896646,100.0,100.0,1.0,1.0,1.0,1.0,0.0,1.0,0.0,0.0,2.0,4,5.63031604026286,1.973307264145548,0,0,0.103625
two_table_joins,Q190,301,55.9348,43.9057,76.518,3,OK,,"SELECT p.P_BRAND, MAX(ps.PS_SUPPLYCOST) - MIN(ps.PS_SUPPLYCOST) AS cost_spread, COUNT(ps.PS_SUPPKEY)                    ",11.0,7.0,1.0,0.0,0.0,1.0,2.0,1.0,0.5,0.0,1.5,19922.0,19919.0,9961.0,9.899630122208823,100.0,100.0,1.0,1.0,0.0,0.0,0.0,0.0,0.0,0.0,1.0,4,4.04190675347867,0.3973950231486004,1,1,1.0
two_table_joins,Q191,302,137.8354,134.5782,139.5743,3,OK,,"SELECT s.S_SUPPKEY, s.S_NAME, COUNT(DISTINCT p.P_SIZE) AS distinct_sizes FROM   SUPPLIER s JOIN   PARTSUPP ps ON s.S_SUP",10.0,5.0,0.0,1.0,0.0,1.0,3.0,3.0,1.0,0.0,1.3333333333333333,19923.0,19919.0,6641.0,9.899680314193175,100.0,100.0,1.0,1.0,1.0,0.0,0.0,0.0,0.0,0.0,1.0,4,4.933289058782375,0.9792669674995995,0,0,0.03269444444444444
two_table_joins,Q192,303,42.9303,42.3177,43.9555,3,OK,,"SELECT c.C_NATIONKEY, AVG(c.C_ACCTBAL)      AS avg_balance, COUNT(DISTINCT c.C_CUSTKEY) AS customer_count FROM   CUSTOME",11.0,7.0,1.0,0.0,0.0,1.0,2.0,1.0,0.5,0.0,1.5,14906.0,14892.0,7453.0,9.60958618027043,100.0,100.0,1.0,1.0,1.0,0.0,0.0,0.0,0.0,0.0,1.0,4,3.7826042870105803,0.30500310293907124,1,1,1.0
two_table_joins,Q193,304,231.9994,230.1464,233.4834,3,OK,,"SELECT YEAR(l.L_SHIPDATE)    AS ship_year, COUNT(l.L_LINENUMBER) AS discounted_lines, AVG(o.O_TOTALPRICE)   AS avg_order",10.0,6.5,0.0,1.0,0.0,1.0,2.0,2.0,1.0,0.0,1.5,148469.0,148465.0,74234.5,11.908138196614042,66.66499999999999,33.33,1.0,1.0,1.0,1.0,0.0,0.0,0.0,0.0,1.0,4,5.451035878455089,1.648265604479884,0,0,0.009928571428571427
two_table_joins,Q194,305,129.5623,123.4738,138.1309,3,OK,,"SELECT p.P_PARTKEY, p.P_NAME, SUM(ps.PS_AVAILQTY * ps.PS_SUPPLYCOST) AS stock_value FROM   PART     p JOIN   PARTSUPP ps",11.0,7.0,1.0,0.0,0.0,1.0,2.0,1.0,0.5,0.0,1.5,19922.0,19919.0,9961.0,9.899630122208823,100.0,100.0,1.0,1.0,0.0,0.0,0.0,0.0,0.0,0.0,1.0,4,4.871850507482198,0.9204898061258092,1,1,1.0
two_table_joins,Q195,306,218.1593,189.0195,234.9335,3,OK,,"SELECT c.C_CUSTKEY, c.C_NAME, COUNT(DISTINCT o.O_ORDERSTATUS) AS status_count FROM   CUSTOMER c JOIN   ORDERS   o ON c.C",11.0,6.5,1.0,0.0,0.0,1.0,2.0,1.0,0.5,0.0,1.0,148466.0,148465.0,74233.0,11.908117990307652,100.0,100.0,1.0,1.0,0.0,0.0,0.0,0.0,0.0,0.0,1.0,4,5.389798862651608,1.5499370709036675,1,1,1.0
two_table_joins,Q196,307,361.0664,342.5812,372.2156,3,OK,,"SELECT o.O_ORDERKEY, o.O_TOTALPRICE FROM   ORDERS o WHERE  EXISTS ( SELECT 1 FROM LINEITEM l WHERE l.L_ORDERKEY = o.O_OR",11.0,7.2,1.0,1.0,0.0,1.0,5.0,3.0,0.6,0.0,1.0,1337957.0,594745.0,267591.4,14.106655129043101,73.332,33.33,0.0,0.0,1.0,1.0,0.0,0.0,0.0,0.0,2.0,4,5.891827620419751,2.565236496531351,1,1,0.9873214285714286
two_table_joins,Q197,308,1.137,0.9929,1.3344,3,OK,,"SELECT p.P_PARTKEY, p.P_NAME FROM   PART p WHERE  p.P_PARTKEY NOT IN ( SELECT ps.PS_PARTKEY FROM   PARTSUPP ps JOIN   SU",11.0,5.333333333333333,1.0,0.0,0.0,1.0,3.0,2.0,0.6666666666666666,0.0,1.0,19923.0,19919.0,6641.0,9.899680314193175,100.0,100.0,0.0,0.0,1.0,1.0,0.0,0.0,0.0,0.0,1.0,4,0.7594029763370106,0.008077943271808581,1,1,1.0
two_table_joins,Q198,309,375.3616,355.7745,389.8047,3,OK,,"SELECT o.O_ORDERKEY, o.O_ORDERDATE, o.O_TOTALPRICE, c.C_ACCTBAL FROM   ORDERS   o JOIN   CUSTOMER c ON o.O_CUSTKEY = c.C",11.0,7.0,1.0,0.0,0.0,1.0,2.0,1.0,0.5,0.0,1.5,14906.0,14892.0,7453.0,9.60958618027043,41.665,33.33,1.0,1.0,0.0,1.0,0.0,0.0,0.0,0.0,1.0,4,5.930550383378333,2.66679833879974,1,1,1.0
two_table_joins,Q199,310,456.8896,454.8869,458.0727,3,OK,,"SELECT YEAR(l.L_SHIPDATE)    AS ship_year, MONTH(l.L_SHIPDATE)   AS ship_month, COUNT(l.L_LINENUMBER) AS total_lines, SU",10.0,6.5,0.0,1.0,0.0,1.0,2.0,2.0,1.0,0.0,1.5,148469.0,148465.0,74234.5,11.908138196614042,100.0,100.0,1.0,1.0,1.0,0.0,0.0,0.0,0.0,0.0,1.0,4,6.126628107022503,3.2460231049070485,0,0,0.014095238095238096
two_table_joins,Q200,311,98.0953,96.7795,100.1947,3,OK,,"SELECT s.S_SUPPKEY, s.S_NAME, s.S_NATIONKEY, AVG(ps.PS_SUPPLYCOST) AS avg_cost, SUM(ps.PS_AVAILQTY)   AS total_stock FRO",11.0,6.5,1.0,0.0,0.0,1.0,2.0,1.0,0.5,0.0,0.5,82491.0,82490.0,41245.5,11.320456597923938,66.66499999999999,33.33,1.0,1.0,0.0,1.0,0.0,0.0,0.0,0.0,1.0,4,4.59608201336968,0.6969289961574708,1,1,1.0
three_table_joins,Q001,312,105.5616,102.6244,111.1466,3,OK,,"SELECT o.O_ORDERKEY, c.C_NAME, n.N_NAME        AS nation FROM   ORDERS   o JOIN   CUSTOMER c ON o.O_CUSTKEY    = c.C_CUS",11.0,5.666666666666667,1.0,0.0,0.0,1.0,3.0,2.0,0.6666666666666666,0.0,1.3333333333333333,634.0,595.0,211.33333333333334,6.453624998892692,100.0,100.0,0.0,0.0,1.0,0.0,0.0,0.0,0.0,0.0,1.0,3,4.6687232216943695,0.7499741569756806,1,1,1.0
three_table_joins,Q002,313,9.911,8.6465,11.9202,3,OK,,"SELECT o.O_ORDERKEY, c.C_NAME, o.O_TOTALPRICE FROM   ORDERS   o JOIN   CUSTOMER c ON o.O_CUSTKEY    = c.C_CUSTKEY JOIN  ",11.0,5.666666666666667,1.0,0.0,0.0,1.0,3.0,2.0,0.6666666666666666,0.0,1.3333333333333333,634.0,595.0,211.33333333333334,6.453624998892692,70.0,10.0,0.0,0.0,0.0,1.0,0.0,0.0,0.0,0.0,1.0,3,2.3897714546729616,0.07041380454432265,1,1,1.0
three_table_joins,Q003,314,149.619,145.4573,153.1566,3,OK,,"SELECT o.O_ORDERKEY, c.C_NAME, n.N_NAME        AS nation FROM   ORDERS   o JOIN   CUSTOMER c ON o.O_CUSTKEY    = c.C_CUS",11.0,5.0,1.0,0.0,0.0,1.0,3.0,2.0,0.6666666666666666,0.0,1.6666666666666667,148467.0,148465.0,49489.0,11.90812472578848,83.33333333333333,50.0,0.0,0.0,0.0,1.0,0.0,0.0,0.0,0.0,1.0,3,5.014753469426627,1.0629848675327425,1,1,0.995
three_table_joins,Q004,315,62.1022,47.7402,80.4842,3,OK,,"SELECT o.O_ORDERKEY, c.C_NAME, n.N_NAME        AS nation FROM   ORDERS   o JOIN   CUSTOMER c ON o.O_CUSTKEY    = c.C_CUS",11.0,5.333333333333333,1.0,0.0,0.0,1.0,3.0,2.0,0.6666666666666666,0.0,1.3333333333333333,14907.0,14892.0,4969.0,9.60965326059915,77.77666666666666,33.33,0.0,0.0,1.0,1.0,0.0,0.0,0.0,0.0,1.0,3,4.144755634232573,0.44121200409367717,1,1,1.0
three_table_joins,Q005,316,95.6718,92.3284,99.9601,3,OK,,"SELECT o.O_ORDERKEY, c.C_NAME, n.N_NAME        AS nation FROM   ORDERS   o JOIN   CUSTOMER c ON o.O_CUSTKEY    = c.C_CUS",11.0,5.0,1.0,0.0,0.0,1.0,3.0,2.0,0.6666666666666666,0.0,1.6666666666666667,148467.0,148465.0,49489.0,11.90812472578848,83.33333333333333,50.0,0.0,0.0,0.0,1.0,0.0,0.0,0.0,0.0,1.0,3,4.571321736350748,0.6797109701950892,1,1,0.995
three_table_joins,Q006,317,8.4146,7.3691,10.4569,3,OK,,"SELECT o.O_ORDERKEY, c.C_NAME, o.O_TOTALPRICE FROM   ORDERS   o JOIN   CUSTOMER c ON o.O_CUSTKEY    = c.C_CUSTKEY JOIN  ",11.0,5.666666666666667,1.0,0.0,0.0,1.0,3.0,2.0,0.6666666666666666,0.0,1.6666666666666667,634.0,595.0,211.33333333333334,6.453624998892692,53.333333333333336,10.0,0.0,0.0,0.0,1.0,0.0,0.0,0.0,0.0,1.0,3,2.2422616758109406,0.05978246390058091,1,1,1.0
three_table_joins,Q007,318,5.1518,4.7254,5.9947,3,OK,,"SELECT o.O_ORDERKEY, c.C_NAME, c.C_ACCTBAL FROM   ORDERS   o JOIN   CUSTOMER c ON o.O_CUSTKEY    = c.C_CUSTKEY JOIN   NA",11.0,5.666666666666667,1.0,0.0,0.0,1.0,3.0,2.0,0.6666666666666666,0.0,1.6666666666666667,634.0,595.0,211.33333333333334,6.453624998892692,31.11,10.0,0.0,0.0,0.0,1.0,0.0,0.0,0.0,0.0,1.0,3,1.8167447219219635,0.03660153750897401,1,1,1.0
three_table_joins,Q008,319,0.227,0.1987,0.2739,3,OK,,"SELECT o.O_ORDERKEY, c.C_NAME, n.N_NAME        AS nation, o.O_TOTALPRICE FROM   ORDERS   o JOIN   CUSTOMER c ON o.O_CUST",10.0,4.666666666666667,0.0,1.0,0.0,1.0,3.0,3.0,1.0,0.0,1.3333333333333333,22.0,20.0,7.333333333333333,3.1354942159291497,100.0,100.0,0.0,0.0,0.0,0.0,0.0,0.0,0.0,0.0,1.0,3,0.2045721657287744,0.001612746809763015,0,0,0.0075
three_table_joins,Q009,320,167.6639,164.2588,173.9801,3,OK,,"SELECT n.N_NAME        AS nation, COUNT(o.O_ORDERKEY)  AS order_count, SUM(o.O_TOTALPRICE)  AS total_revenue FROM   ORDE",11.0,5.666666666666667,1.0,0.0,0.0,1.0,3.0,2.0,0.6666666666666666,0.0,1.3333333333333333,634.0,595.0,211.33333333333334,6.453624998892692,100.0,100.0,1.0,1.0,1.0,0.0,0.0,0.0,0.0,0.0,1.0,3,5.127907977322767,1.1911868715305076,1,1,0.9983333333333334
three_table_joins,Q010,321,41.3463,41.0049,41.8647,3,OK,,"SELECT n.N_NAME        AS nation, COUNT(o.O_ORDERKEY)  AS order_count FROM   ORDERS   o JOIN   CUSTOMER c ON o.O_CUSTKEY",11.0,5.666666666666667,1.0,0.0,0.0,1.0,3.0,2.0,0.6666666666666666,0.0,1.3333333333333333,634.0,595.0,211.33333333333334,6.453624998892692,100.0,100.0,1.0,1.0,1.0,0.0,0.0,0.0,0.0,0.0,1.0,3,3.745881050103053,0.2937493983282139,1,1,1.0
three_table_joins,Q011,322,123.468,118.91,131.844,3,OK,,"SELECT o.O_ORDERKEY, c.C_NAME, n.N_NAME        AS nation, r.R_NAME        AS region FROM   ORDERS   o JOIN   CUSTOMER c ",11.0,7.0,1.0,0.0,0.0,1.0,4.0,2.0,0.5,0.0,1.25,639.0,595.0,159.75,6.461468176353717,77.5,10.0,0.0,0.0,1.0,1.0,0.0,0.0,0.0,0.0,1.0,3,4.824048654754926,0.8771921722811452,1,1,1.0
three_table_joins,Q012,323,21.3159,20.4342,22.4885,3,OK,,"SELECT o.O_ORDERKEY, c.C_NAME, n.N_NAME        AS nation FROM   ORDERS   o JOIN   CUSTOMER c ON o.O_CUSTKEY    = c.C_CUS",11.0,7.0,1.0,0.0,0.0,1.0,4.0,2.0,0.5,0.0,1.25,639.0,595.0,159.75,6.461468176353717,57.5,10.0,0.0,0.0,1.0,1.0,0.0,0.0,0.0,0.0,1.0,3,3.105299428883441,0.15144118820364516,1,1,1.0
three_table_joins,Q013,324,41.1365,40.0355,42.0251,3,OK,,"SELECT o.O_ORDERKEY, c.C_NAME, o.O_TOTALPRICE FROM   ORDERS   o JOIN   CUSTOMER c ON o.O_CUSTKEY    = c.C_CUSTKEY JOIN  ",11.0,7.0,1.0,0.0,0.0,1.0,4.0,2.0,0.5,0.0,1.5,639.0,595.0,159.75,6.461468176353717,45.0,10.0,0.0,0.0,0.0,1.0,0.0,0.0,0.0,0.0,1.0,3,3.7409143484482574,0.292258850836195,1,1,1.0
three_table_joins,Q014,325,166.3491,164.1152,168.3321,3,OK,,"SELECT r.R_NAME        AS region, SUM(o.O_TOTALPRICE)  AS total_revenue, COUNT(o.O_ORDERKEY)  AS order_count FROM   ORDE",11.0,7.0,1.0,0.0,0.0,1.0,4.0,2.0,0.5,0.0,1.25,639.0,595.0,159.75,6.461468176353717,77.5,10.0,1.0,1.0,1.0,1.0,0.0,0.0,0.0,0.0,1.0,3,5.120082049692471,1.181845728334576,1,1,1.0
three_table_joins,Q015,326,33.2718,33.1523,33.4725,3,OK,,"SELECT r.R_NAME        AS region, n.N_NAME        AS nation, SUM(o.O_TOTALPRICE)  AS total_revenue FROM   ORDERS   o JOI",11.0,7.0,1.0,0.0,0.0,1.0,4.0,2.0,0.5,0.0,1.25,639.0,595.0,159.75,6.461468176353717,57.5,10.0,1.0,1.0,1.0,1.0,0.0,0.0,0.0,0.0,1.0,3,3.5343228585807105,0.2363832127976788,1,1,1.0
three_table_joins,Q016,327,167.5013,163.9303,174.3635,3,OK,,"SELECT r.R_NAME        AS region, AVG(o.O_TOTALPRICE)  AS avg_order_value FROM   ORDERS   o JOIN   CUSTOMER c ON o.O_CUS",11.0,7.0,1.0,0.0,0.0,1.0,4.0,2.0,0.5,0.0,1.25,639.0,595.0,159.75,6.461468176353717,77.5,10.0,0.0,1.0,1.0,1.0,0.0,0.0,0.0,0.0,1.0,3,5.126943464896186,1.1900316617011353,1,1,1.0
three_table_joins,Q017,328,261.9743,247.9184,274.7628,3,OK,,"SELECT r.R_NAME        AS region, c.C_NAME, SUM(o.O_TOTALPRICE)  AS total_spent FROM   ORDERS   o JOIN   CUSTOMER c ON o",11.0,7.0,1.0,0.0,0.0,1.0,4.0,2.0,0.5,0.0,1.25,639.0,595.0,159.75,6.461468176353717,77.5,10.0,1.0,1.0,0.0,1.0,0.0,0.0,0.0,0.0,1.0,3,5.57205630877181,1.8612256236339166,1,1,1.0
three_table_joins,Q018,329,185.0667,176.6243,194.6535,3,OK,,"SELECT r.R_NAME        AS region, SUM(o.O_TOTALPRICE)  AS revenue FROM   ORDERS   o JOIN   CUSTOMER c ON o.O_CUSTKEY    ",11.0,7.0,1.0,0.0,0.0,1.0,4.0,2.0,0.5,0.0,1.5,639.0,595.0,159.75,6.461468176353717,65.0,10.0,0.0,1.0,1.0,1.0,0.0,0.0,0.0,0.0,1.0,3,5.226105211581355,1.314827004486207,1,1,1.0
three_table_joins,Q019,330,184.7217,180.6217,191.9113,3,OK,,"SELECT r.R_NAME        AS region, SUM(o.O_TOTALPRICE)  AS total_revenue FROM   ORDERS   o JOIN   CUSTOMER c ON o.O_CUSTK",11.0,7.0,1.0,0.0,0.0,1.0,4.0,2.0,0.5,0.0,1.25,639.0,595.0,159.75,6.461468176353717,77.5,10.0,0.0,1.0,1.0,1.0,0.0,0.0,0.0,0.0,1.0,3,5.224249316674333,1.312375913519827,1,1,1.0
three_table_joins,Q020,331,1.2819,1.0785,1.516,3,OK,,"SELECT DISTINCT r.R_NAME   AS region, n.N_NAME             AS nation FROM   CUSTOMER c JOIN   NATION   n ON c.C_NATIONKE",11.0,8.333333333333334,1.0,0.0,0.0,1.0,3.0,1.0,0.3333333333333333,0.0,1.0,625.0,595.0,208.33333333333334,6.439350371100098,47.776666666666664,10.0,1.0,1.0,0.0,1.0,0.0,0.0,0.0,0.0,1.0,3,0.8250084292702413,0.009107401477688145,1,1,1.0
three_table_joins,Q021,332,1192.4896,893.4874,1737.4415,3,OK,,"SELECT o.O_ORDERKEY, p.P_NAME, l.L_QUANTITY FROM   ORDERS  o JOIN   LINEITEM l ON o.O_ORDERKEY = l.L_ORDERKEY JOIN   PAR",10.0,5.0,0.0,1.0,0.0,1.0,3.0,3.0,1.0,0.0,1.3333333333333333,148470.0,148465.0,49490.0,11.908144931958773,100.0,100.0,0.0,0.0,1.0,0.0,0.0,0.0,0.0,0.0,1.0,3,7.084636731874141,8.47217532191883,1,1,0.9975714285714287
three_table_joins,Q022,333,972.5228,950.798,1004.2931,3,OK,,"SELECT o.O_ORDERKEY, p.P_NAME, l.L_QUANTITY FROM   ORDERS  o JOIN   LINEITEM l ON o.O_ORDERKEY = l.L_ORDERKEY JOIN   PAR",11.0,5.333333333333333,1.0,0.0,0.0,1.0,3.0,2.0,0.6666666666666666,0.0,1.6666666666666667,19949.0,19919.0,6649.666666666667,9.90098442231801,83.33333333333333,50.0,0.0,0.0,1.0,1.0,0.0,0.0,0.0,0.0,1.0,3,6.880921245185145,6.9093966657347785,1,1,1.0
three_table_joins,Q023,334,274.3104,261.2987,295.3876,3,OK,,"SELECT o.O_ORDERKEY, p.P_TYPE, l.L_EXTENDEDPRICE FROM   ORDERS  o JOIN   LINEITEM l ON o.O_ORDERKEY = l.L_ORDERKEY JOIN ",11.0,5.333333333333333,1.0,0.0,0.0,1.0,3.0,2.0,0.6666666666666666,0.0,1.3333333333333333,19949.0,19919.0,6649.666666666667,9.90098442231801,70.37,11.11,0.0,0.0,1.0,1.0,0.0,0.0,0.0,0.0,1.0,3,5.617899188405607,1.948868821519016,1,1,1.0
three_table_joins,Q024,335,851.8021,829.4918,865.5435,3,OK,,"SELECT o.O_ORDERKEY, p.P_NAME, l.L_QUANTITY FROM   ORDERS  o JOIN   LINEITEM l ON o.O_ORDERKEY = l.L_ORDERKEY JOIN   PAR",11.0,5.333333333333333,1.0,0.0,0.0,1.0,3.0,2.0,0.6666666666666666,0.0,1.6666666666666667,19949.0,19919.0,6649.666666666667,9.90098442231801,61.10999999999999,33.33,0.0,0.0,1.0,1.0,0.0,0.0,0.0,0.0,1.0,3,6.748527515885096,6.051722992618664,1,1,1.0
three_table_joins,Q025,336,1067.2192,1042.465,1110.805,3,OK,,"SELECT o.O_ORDERKEY, p.P_RETAILPRICE, l.L_SHIPDATE FROM   ORDERS  o JOIN   LINEITEM l ON o.O_ORDERKEY = l.L_ORDERKEY JOI",11.0,5.333333333333333,1.0,0.0,0.0,1.0,3.0,2.0,0.6666666666666666,0.0,1.6666666666666667,19949.0,19919.0,6649.666666666667,9.90098442231801,61.10999999999999,33.33,0.0,0.0,1.0,1.0,0.0,0.0,0.0,0.0,1.0,3,6.973748241906279,7.582177797875935,1,1,1.0
three_table_joins,Q026,337,914.9671,909.455,924.1294,3,OK,,"SELECT p.P_BRAND, SUM(l.L_EXTENDEDPRICE * (1 - l.L_DISCOUNT)) AS revenue FROM   ORDERS  o JOIN   LINEITEM l ON o.O_ORDER",10.0,5.0,0.0,1.0,0.0,1.0,3.0,3.0,1.0,0.0,1.3333333333333333,148470.0,148465.0,49490.0,11.908144931958773,100.0,100.0,1.0,1.0,1.0,0.0,0.0,0.0,0.0,0.0,1.0,3,6.819980446998531,6.5004857778110905,1,1,0.992773830744419
three_table_joins,Q027,338,965.7787,961.7737,973.6754,3,OK,,"SELECT p.P_TYPE, AVG(l.L_QUANTITY)    AS avg_quantity, COUNT(l.L_LINENUMBER) AS line_count FROM   ORDERS  o JOIN   LINEI",10.0,5.0,0.0,1.0,0.0,1.0,3.0,3.0,1.0,0.0,1.3333333333333333,148470.0,148465.0,49490.0,11.908144931958773,100.0,100.0,0.0,1.0,1.0,0.0,0.0,0.0,0.0,0.0,1.0,3,6.873969617142693,6.861482455339524,1,1,0.9975210084033614
three_table_joins,Q028,339,1176.1407,1143.9957,1233.8741,3,OK,,"SELECT p.P_PARTKEY, p.P_NAME, SUM(l.L_QUANTITY)    AS total_qty FROM   ORDERS  o JOIN   LINEITEM l ON o.O_ORDERKEY = l.L",10.0,5.0,0.0,1.0,0.0,1.0,3.0,3.0,1.0,0.0,1.3333333333333333,148470.0,148465.0,49490.0,11.908144931958773,100.0,100.0,1.0,1.0,1.0,0.0,0.0,0.0,0.0,0.0,1.0,3,7.070843641322253,8.356022739019556,1,1,0.992773830744419
three_table_joins,Q029,340,1006.3193,970.5415,1071.2138,3,OK,,"SELECT o.O_ORDERKEY, o.O_TOTALPRICE, MAX(p.P_RETAILPRICE) AS max_part_price FROM   ORDERS  o JOIN   LINEITEM l ON o.O_OR",11.0,5.333333333333333,1.0,0.0,0.0,1.0,3.0,2.0,0.6666666666666666,0.0,1.6666666666666667,19949.0,19919.0,6649.666666666667,9.90098442231801,100.0,100.0,1.0,1.0,1.0,0.0,0.0,0.0,0.0,0.0,1.0,3,6.915047922896126,7.149507668184804,1,1,1.0
three_table_joins,Q030,341,306.5638,293.3832,330.1808,3,OK,,SELECT DISTINCT p.P_BRAND FROM   ORDERS  o JOIN   LINEITEM l ON o.O_ORDERKEY = l.L_ORDERKEY JOIN   PART    p  ON l.L_PAR,9.0,4.666666666666667,0.0,0.0,1.0,1.0,3.0,3.0,1.0,0.0,1.6666666666666667,72871.0,72866.0,24290.333333333332,11.196459756424646,100.0,100.0,1.0,1.0,1.0,1.0,0.0,0.0,0.0,0.0,1.0,3,5.728682545400439,2.1780166979684012,0,0,0.03358333333333333
three_table_joins,Q031,342,809.3805,792.4354,826.2351,3,OK,,"SELECT o.O_ORDERKEY, s.S_NAME, l.L_QUANTITY FROM   ORDERS   o JOIN   LINEITEM l ON o.O_ORDERKEY = l.L_ORDERKEY JOIN   SU",10.0,5.0,0.0,1.0,0.0,1.0,3.0,3.0,1.0,0.0,1.0,148470.0,148465.0,49490.0,11.908144931958773,100.0,100.0,0.0,0.0,1.0,0.0,0.0,0.0,0.0,0.0,1.0,3,6.697503890453464,5.750334005547991,1,1,0.9982857142857142
three_table_joins,Q032,343,706.6201,697.051,715.3534,3,OK,,"SELECT o.O_ORDERKEY, s.S_NAME, l.L_EXTENDEDPRICE FROM   ORDERS   o JOIN   LINEITEM l ON o.O_ORDERKEY = l.L_ORDERKEY JOIN",10.0,5.0,0.0,1.0,0.0,1.0,3.0,3.0,1.0,0.0,1.0,148470.0,148465.0,49490.0,11.908144931958773,70.0,10.0,0.0,0.0,1.0,1.0,0.0,0.0,0.0,0.0,1.0,3,6.5619073677612185,5.020261286297016,1,1,0.9824761904761907
three_table_joins,Q033,344,787.9228,757.005,813.7943,3,OK,,"SELECT o.O_ORDERKEY, s.S_NAME, l.L_QUANTITY FROM   ORDERS   o JOIN   LINEITEM l ON o.O_ORDERKEY = l.L_ORDERKEY JOIN   SU",10.0,5.0,0.0,1.0,0.0,1.0,3.0,3.0,1.0,0.0,1.0,148470.0,148465.0,49490.0,11.908144931958773,77.77666666666666,33.33,0.0,0.0,1.0,1.0,0.0,0.0,0.0,0.0,1.0,3,6.670668470684812,5.597885383434107,1,1,0.984619047619048
three_table_joins,Q034,345,523.5198,515.1954,535.336,3,OK,,"SELECT o.O_ORDERKEY, s.S_NAME, l.L_DISCOUNT FROM   ORDERS   o JOIN   LINEITEM l ON o.O_ORDERKEY = l.L_ORDERKEY JOIN   SU",9.0,4.666666666666667,0.0,0.0,1.0,1.0,3.0,3.0,1.0,0.0,1.3333333333333333,74237.0,74232.0,24745.666666666668,11.21503142744203,77.77666666666666,33.33,0.0,0.0,1.0,1.0,0.0,0.0,0.0,0.0,1.0,3,6.262483177362152,3.7194047898580256,1,1,0.8446190476190476
three_table_joins,Q035,346,937.7717,905.7547,969.4732,3,OK,,"SELECT s.S_SUPPKEY, s.S_NAME, SUM(l.L_EXTENDEDPRICE * (1 - l.L_DISCOUNT)) AS revenue FROM   ORDERS   o JOIN   LINEITEM l",10.0,5.0,0.0,1.0,0.0,1.0,3.0,3.0,1.0,0.0,1.0,148470.0,148465.0,49490.0,11.908144931958773,100.0,100.0,1.0,1.0,1.0,0.0,0.0,0.0,0.0,0.0,1.0,3,6.8445723186567164,6.662503601149953,1,1,0.9956627196333078
three_table_joins,Q036,347,919.3478,899.203,955.1058,3,OK,,"SELECT s.S_SUPPKEY, s.S_NAME, SUM(l.L_EXTENDEDPRICE * (1 - l.L_DISCOUNT)) AS revenue FROM   ORDERS   o JOIN   LINEITEM l",10.0,5.0,0.0,1.0,0.0,1.0,3.0,3.0,1.0,0.0,1.0,148470.0,148465.0,49490.0,11.908144931958773,100.0,100.0,1.0,1.0,1.0,0.0,0.0,0.0,0.0,0.0,1.0,3,6.824751642080916,6.5316089493949185,1,1,0.9956627196333078
three_table_joins,Q037,348,831.1227,822.9848,837.8335,3,OK,,"SELECT s.S_NATIONKEY, AVG(l.L_DISCOUNT)    AS avg_discount FROM   ORDERS   o JOIN   LINEITEM l ON o.O_ORDERKEY = l.L_ORD",10.0,5.0,0.0,1.0,0.0,1.0,3.0,3.0,1.0,0.0,1.0,148470.0,148465.0,49490.0,11.908144931958773,100.0,100.0,1.0,1.0,1.0,0.0,0.0,0.0,0.0,0.0,1.0,3,6.723979905909236,5.904803889632703,1,1,0.9956627196333078
three_table_joins,Q038,349,923.3246,888.5658,942.487,3,OK,,"SELECT s.S_SUPPKEY, s.S_NAME, SUM(l.L_QUANTITY)    AS total_qty FROM   ORDERS   o JOIN   LINEITEM l ON o.O_ORDERKEY = l.",10.0,5.0,0.0,1.0,0.0,1.0,3.0,3.0,1.0,0.0,1.0,148470.0,148465.0,49490.0,11.908144931958773,100.0,100.0,0.0,1.0,1.0,0.0,0.0,0.0,0.0,0.0,1.0,3,6.829063308652041,6.559862568395207,1,1,0.9975210084033614
three_table_joins,Q039,350,566.1936,555.8662,586.4329,3,OK,,"SELECT o.O_ORDERKEY, s.S_NAME, l.L_SHIPDATE FROM   ORDERS   o JOIN   LINEITEM l ON o.O_ORDERKEY = l.L_ORDERKEY JOIN   SU",10.0,5.0,0.0,1.0,0.0,1.0,3.0,3.0,1.0,0.0,1.3333333333333333,148470.0,148465.0,49490.0,11.908144931958773,61.10999999999999,33.33,0.0,0.0,1.0,1.0,0.0,0.0,0.0,0.0,1.0,3,6.340700691656374,4.022585559948179,1,1,0.980154761904762
three_table_joins,Q040,351,474.517,458.6345,490.3566,3,OK,,"SELECT DISTINCT s.S_SUPPKEY, s.S_NAME FROM   ORDERS   o JOIN   LINEITEM l ON o.O_ORDERKEY = l.L_ORDERKEY JOIN   SUPPLIER",9.0,4.666666666666667,0.0,0.0,1.0,1.0,3.0,3.0,1.0,0.0,1.3333333333333333,74237.0,74232.0,24745.666666666668,11.21503142744203,100.0,100.0,1.0,1.0,1.0,1.0,0.0,0.0,0.0,0.0,1.0,3,6.164402633186532,3.3712589336049192,0,0,0.069
three_table_joins,Q041,352,1781.858,1397.2623,2539.72,3,OK,,"SELECT l.L_ORDERKEY, p.P_NAME, ps.PS_SUPPLYCOST FROM   LINEITEM l JOIN   PART     p  ON l.L_PARTKEY  = p.P_PARTKEY JOIN ",11.0,5.333333333333333,1.0,0.0,0.0,1.0,3.0,2.0,0.6666666666666666,0.0,1.3333333333333333,19949.0,19919.0,6649.666666666667,9.90098442231801,100.0,100.0,0.0,0.0,0.0,0.0,0.0,0.0,0.0,0.0,1.0,3,7.485972973637221,12.659408832381967,1,1,1.0
three_table_joins,Q042,353,1381.4888,1367.6293,1400.1268,3,OK,,"SELECT l.L_ORDERKEY, p.P_NAME, ps.PS_SUPPLYCOST, l.L_EXTENDEDPRICE FROM   LINEITEM l JOIN   PART     p  ON l.L_PARTKEY  ",11.0,5.333333333333333,1.0,0.0,0.0,1.0,3.0,2.0,0.6666666666666666,0.0,1.3333333333333333,19949.0,19919.0,6649.666666666667,9.90098442231801,77.77666666666666,33.33,0.0,0.0,0.0,1.0,0.0,0.0,0.0,0.0,1.0,3,7.231640632097852,9.814941211116018,1,1,1.0
three_table_joins,Q043,354,1138.9737,1109.8108,1177.0579,3,OK,,"SELECT l.L_ORDERKEY, p.P_NAME, ps.PS_SUPPLYCOST FROM   LINEITEM l JOIN   PART     p  ON l.L_PARTKEY  = p.P_PARTKEY JOIN ",11.0,5.666666666666667,1.0,0.0,0.0,1.0,3.0,2.0,0.6666666666666666,0.0,1.6666666666666667,19951.0,19919.0,6650.333333333333,9.901084667919818,31.11,10.0,0.0,0.0,0.0,1.0,0.0,0.0,0.0,0.0,1.0,3,7.038760470946982,8.091965643519725,1,1,1.0
three_table_joins,Q044,355,1437.5361,1401.0341,1458.0816,3,OK,,"SELECT p.P_PARTKEY, p.P_NAME, SUM(l.L_EXTENDEDPRICE - ps.PS_SUPPLYCOST) AS total_margin FROM   LINEITEM l JOIN   PART   ",11.0,5.333333333333333,1.0,0.0,0.0,1.0,3.0,2.0,0.6666666666666666,0.0,1.3333333333333333,19949.0,19919.0,6649.666666666667,9.90098442231801,100.0,100.0,1.0,1.0,0.0,0.0,0.0,0.0,0.0,0.0,1.0,3,7.271381278262393,10.213135503058004,1,1,1.0
three_table_joins,Q045,356,1335.2218,1264.0513,1414.8035,3,OK,,"SELECT p.P_BRAND, AVG(l.L_EXTENDEDPRICE - ps.PS_SUPPLYCOST) AS avg_margin FROM   LINEITEM l JOIN   PART     p  ON l.L_PA",11.0,5.333333333333333,1.0,0.0,0.0,1.0,3.0,2.0,0.6666666666666666,0.0,1.3333333333333333,19949.0,19919.0,6649.666666666667,9.90098442231801,100.0,100.0,1.0,1.0,0.0,0.0,0.0,0.0,0.0,0.0,1.0,3,7.197601358281206,9.486232150995729,1,1,1.0
three_table_joins,Q046,357,1577.6532,1539.2554,1625.038,3,OK,,"SELECT p.P_PARTKEY, p.P_SIZE, ps.PS_SUPPLYCOST FROM   PART     p JOIN   PARTSUPP ps ON p.P_PARTKEY = ps.PS_PARTKEY JOIN ",10.0,5.333333333333333,0.0,1.0,0.0,1.0,3.0,3.0,1.0,0.0,1.3333333333333333,19951.0,19919.0,6650.333333333333,9.901084667919818,47.776666666666664,10.0,1.0,1.0,1.0,1.0,0.0,0.0,0.0,0.0,1.0,3,7.364327357453942,11.208613062609745,1,1,0.9262586580086578
three_table_joins,Q047,358,1518.4703,1372.1869,1715.3459,3,OK,,"SELECT p.P_TYPE, COUNT(l.L_LINENUMBER) AS line_count, AVG(ps.PS_SUPPLYCOST) AS avg_supply_cost FROM   LINEITEM l JOIN   ",11.0,5.333333333333333,1.0,0.0,0.0,1.0,3.0,2.0,0.6666666666666666,0.0,1.3333333333333333,19949.0,19919.0,6649.666666666667,9.90098442231801,100.0,100.0,1.0,1.0,0.0,0.0,0.0,0.0,0.0,0.0,1.0,3,7.326117066262566,10.788141550858539,1,1,1.0
three_table_joins,Q048,359,1423.4868,1374.3019,1476.4425,3,OK,,"SELECT p.P_BRAND, AVG(l.L_EXTENDEDPRICE - ps.PS_SUPPLYCOST) AS avg_margin FROM   LINEITEM l JOIN   PART     p  ON l.L_PA",11.0,5.333333333333333,1.0,0.0,0.0,1.0,3.0,2.0,0.6666666666666666,0.0,1.3333333333333333,19949.0,19919.0,6649.666666666667,9.90098442231801,100.0,100.0,0.0,1.0,0.0,0.0,0.0,0.0,0.0,0.0,1.0,3,7.261566887485763,10.113320684756665,1,1,1.0
three_table_joins,Q049,360,606.8983,603.4155,613.1051,3,OK,,"SELECT l.L_ORDERKEY, p.P_NAME, l.L_EXTENDEDPRICE - ps.PS_SUPPLYCOST AS margin FROM   LINEITEM l JOIN   PART     p  ON l.",11.0,5.0,1.0,0.0,0.0,1.0,3.0,2.0,0.6666666666666666,0.0,1.6666666666666667,594747.0,594745.0,198249.0,13.295893065402089,83.33333333333333,50.0,1.0,1.0,0.0,1.0,0.0,0.0,0.0,0.0,1.0,3,6.410007598238182,4.311776639540076,1,1,1.0
three_table_joins,Q050,361,1227.7108,1217.1504,1246.9195,3,OK,,"SELECT DISTINCT p.P_TYPE, p.P_BRAND FROM   LINEITEM l JOIN   PART     p  ON l.L_PARTKEY  = p.P_PARTKEY JOIN   PARTSUPP p",11.0,5.666666666666667,1.0,0.0,0.0,1.0,3.0,2.0,0.6666666666666666,0.0,1.3333333333333333,19951.0,19919.0,6650.333333333333,9.901084667919818,47.776666666666664,10.0,1.0,1.0,0.0,1.0,0.0,0.0,0.0,0.0,1.0,3,7.113720768612709,8.722408264368278,1,1,1.0
three_table_joins,Q051,362,1587.1771,1580.8457,1593.4886,3,OK,,"SELECT l.L_ORDERKEY, p.P_NAME, s.S_NAME, ps.PS_SUPPLYCOST FROM   LINEITEM l JOIN   PART     p  ON l.L_PARTKEY  = p.P_PAR",11.0,4.5,1.0,0.0,0.0,1.0,4.0,3.0,0.75,0.0,1.25,19950.0,19919.0,4987.5,9.901034546375062,100.0,100.0,0.0,0.0,0.0,0.0,0.0,0.0,0.0,0.0,1.0,3,7.370342159518221,11.276276672043675,1,1,1.0
three_table_joins,Q052,363,145.1459,143.8073,147.4068,3,OK,,"SELECT l.L_ORDERKEY, p.P_NAME, s.S_NAME FROM   LINEITEM l JOIN   PART     p  ON l.L_PARTKEY  = p.P_PARTKEY JOIN   SUPPLI",11.0,4.75,1.0,0.0,0.0,1.0,4.0,3.0,0.75,0.0,1.5,19952.0,19919.0,4988.0,9.90113478695253,42.5,10.0,0.0,0.0,1.0,1.0,0.0,0.0,0.0,0.0,1.0,3,4.984605437793927,1.0312052298466152,1,1,1.0
three_table_joins,Q053,364,2667.3832,2335.8315,3305.5842,3,OK,,"SELECT s.S_NAME, p.P_TYPE, SUM(l.L_EXTENDEDPRICE * (1 - l.L_DISCOUNT)) AS revenue FROM   LINEITEM l JOIN   PART     p  O",11.0,4.5,1.0,0.0,0.0,1.0,4.0,3.0,0.75,0.0,1.25,19950.0,19919.0,4987.5,9.901034546375062,100.0,100.0,1.0,1.0,1.0,0.0,0.0,0.0,0.0,0.0,1.0,3,7.889228024907881,18.9507213489668,1,1,1.0
three_table_joins,Q054,365,1645.3431,1627.7531,1665.9764,3,OK,,"SELECT s.S_SUPPKEY, s.S_NAME, SUM(l.L_EXTENDEDPRICE - ps.PS_SUPPLYCOST) AS total_margin FROM   LINEITEM l JOIN   PART   ",10.0,4.25,0.0,1.0,0.0,1.0,4.0,4.0,1.0,0.0,1.25,19950.0,19919.0,4987.5,9.901034546375062,100.0,100.0,1.0,1.0,1.0,0.0,0.0,0.0,0.0,0.0,1.0,3,7.406311804229893,11.68952350436383,1,1,0.9813896103896105
three_table_joins,Q055,366,636.8693,631.6343,644.7057,3,OK,,"SELECT l.L_ORDERKEY, p.P_NAME, s.S_NAME, l.L_QUANTITY FROM   LINEITEM l JOIN   PART     p  ON l.L_PARTKEY  = p.P_PARTKEY",11.0,4.25,1.0,0.0,0.0,1.0,4.0,3.0,0.75,0.0,1.25,594748.0,594745.0,148687.0,13.29589474678506,61.11,11.11,0.0,0.0,0.0,1.0,0.0,0.0,0.0,0.0,1.0,3,6.458133403424163,4.524708950709271,1,1,1.0
three_table_joins,Q056,367,1546.806,1540.9679,1555.4701,3,OK,,"SELECT p.P_BRAND, s.S_NATIONKEY, AVG(ps.PS_SUPPLYCOST) AS avg_cost FROM   LINEITEM l JOIN   PART     p  ON l.L_PARTKEY  ",11.0,4.5,1.0,0.0,0.0,1.0,4.0,3.0,0.75,0.0,1.25,19950.0,19919.0,4987.5,9.901034546375062,100.0,100.0,1.0,1.0,0.0,0.0,0.0,0.0,0.0,0.0,1.0,3,7.344593723298673,10.989455690847095,1,1,1.0
three_table_joins,Q057,368,2669.2331,2664.419,2676.5279,3,OK,,"SELECT s.S_SUPPKEY, s.S_NAME, AVG(l.L_EXTENDEDPRICE - ps.PS_SUPPLYCOST) AS avg_margin FROM   LINEITEM l JOIN   PART     ",10.0,4.5,0.0,1.0,0.0,1.0,4.0,4.0,1.0,0.0,1.25,19952.0,19919.0,4988.0,9.90113478695253,77.5,10.0,0.0,1.0,1.0,1.0,0.0,0.0,0.0,0.0,1.0,3,7.8899210509543645,18.963864169774638,1,1,0.9388690476190475
three_table_joins,Q058,369,3023.5807,2727.1792,3592.3395,3,OK,,"SELECT p.P_NAME, s.S_NAME, SUM(l.L_EXTENDEDPRICE * (1 - l.L_DISCOUNT)) AS revenue FROM   LINEITEM l JOIN   PART     p  O",11.0,4.5,1.0,0.0,0.0,1.0,4.0,3.0,0.75,0.0,1.25,19950.0,19919.0,4987.5,9.901034546375062,100.0,100.0,1.0,1.0,1.0,0.0,0.0,0.0,0.0,0.0,1.0,3,8.014527749287222,21.481366202581604,1,1,1.0
three_table_joins,Q059,370,666.6976,505.6152,983.5861,3,OK,,"SELECT DISTINCT p.P_BRAND, s.S_NATIONKEY FROM   LINEITEM l JOIN   PART     p  ON l.L_PARTKEY  = p.P_PARTKEY JOIN   SUPPL",11.0,4.25,1.0,0.0,0.0,1.0,4.0,3.0,0.75,0.0,1.5,594748.0,594745.0,148687.0,13.29589474678506,87.5,50.0,1.0,1.0,1.0,1.0,0.0,0.0,0.0,0.0,1.0,3,6.503835376428728,4.73662743381788,1,1,1.0
three_table_joins,Q060,371,1466.207,1450.7991,1492.904,3,OK,,"SELECT p.P_BRAND, s.S_NATIONKEY, COUNT(DISTINCT l.L_ORDERKEY) AS order_count FROM   LINEITEM l JOIN   PART     p  ON l.L",11.0,4.25,1.0,0.0,0.0,1.0,4.0,3.0,0.75,0.0,1.5,594748.0,594745.0,148687.0,13.29589474678506,87.5,50.0,1.0,1.0,1.0,1.0,0.0,0.0,0.0,0.0,1.0,3,7.291115872483186,10.41683110882027,1,1,1.0
three_table_joins,Q061,372,626.8967,624.241,631.9542,3,OK,,"SELECT o.O_ORDERKEY, c.C_NAME, l.L_QUANTITY FROM   ORDERS   o JOIN   CUSTOMER c ON o.O_CUSTKEY  = c.C_CUSTKEY JOIN   LIN",10.0,5.0,0.0,1.0,0.0,1.0,3.0,3.0,1.0,0.0,1.3333333333333333,148470.0,148465.0,49490.0,11.908144931958773,100.0,100.0,0.0,0.0,1.0,0.0,0.0,0.0,0.0,0.0,1.0,3,6.442375662492302,4.453857502096748,1,1,0.9975714285714287
three_table_joins,Q062,373,178.3299,176.854,179.3872,3,OK,,"SELECT o.O_ORDERKEY, c.C_NAME, l.L_QUANTITY FROM   ORDERS   o JOIN   CUSTOMER c ON o.O_CUSTKEY  = c.C_CUSTKEY JOIN   LIN",11.0,5.666666666666667,1.0,0.0,0.0,1.0,3.0,2.0,0.6666666666666666,0.0,1.3333333333333333,14910.0,14892.0,4970.0,9.609854474590907,55.55333333333332,33.33,0.0,0.0,1.0,1.0,0.0,0.0,0.0,0.0,1.0,3,5.189227126328995,1.266964657754879,1,1,1.0
three_table_joins,Q063,374,19.3552,16.6062,23.0786,3,OK,,"SELECT o.O_ORDERKEY, c.C_NAME, l.L_DISCOUNT FROM   ORDERS   o JOIN   CUSTOMER c ON o.O_CUSTKEY  = c.C_CUSTKEY JOIN   LIN",3.0,3.0,0.0,0.0,0.0,1.0,3.0,3.0,1.0,0.0,2.0,648.0,630.0,216.0,6.47543271670409,61.10999999999999,33.33,0.0,0.0,0.0,1.0,0.0,0.0,0.0,0.0,1.0,3,3.013336407502348,0.13751117644196084,0,0,0.017619047619047618
three_table_joins,Q064,375,610.9824,602.3538,624.0159,3,OK,,"SELECT c.C_CUSTKEY, c.C_NAME, SUM(l.L_EXTENDEDPRICE * (1 - l.L_DISCOUNT)) AS total_spend FROM   ORDERS   o JOIN   CUSTOM",10.0,5.0,0.0,1.0,0.0,1.0,3.0,3.0,1.0,0.0,1.3333333333333333,148470.0,148465.0,49490.0,11.908144931958773,100.0,100.0,1.0,1.0,1.0,0.0,0.0,0.0,0.0,0.0,1.0,3,6.4167035239288674,4.3407925833539664,1,1,0.987773830744419
three_table_joins,Q065,376,578.5345,573.4485,587.6853,3,OK,,"SELECT c.C_CUSTKEY, c.C_NAME, SUM(l.L_EXTENDEDPRICE * (1 - l.L_DISCOUNT)) AS total_spend FROM   ORDERS   o JOIN   CUSTOM",10.0,5.0,0.0,1.0,0.0,1.0,3.0,3.0,1.0,0.0,1.3333333333333333,148470.0,148465.0,49490.0,11.908144931958773,100.0,100.0,1.0,1.0,1.0,0.0,0.0,0.0,0.0,0.0,1.0,3,6.362225195088827,4.110262859968462,1,1,0.987773830744419
three_table_joins,Q066,377,403.8871,400.71,410.1389,3,OK,,"SELECT c.C_NATIONKEY, AVG(l.L_QUANTITY)    AS avg_quantity FROM   ORDERS   o JOIN   CUSTOMER c ON o.O_CUSTKEY  = c.C_CUS",10.0,5.0,0.0,1.0,0.0,1.0,3.0,3.0,1.0,0.0,1.6666666666666667,148470.0,148465.0,49490.0,11.908144931958773,100.0,100.0,1.0,1.0,1.0,0.0,0.0,0.0,0.0,0.0,1.0,3,6.0036082628121346,2.869460934050378,0,0,0.05438167388167388
three_table_joins,Q067,378,489.4487,482.8363,495.0621,3,OK,,"SELECT c.C_CUSTKEY, c.C_NAME, COUNT(l.L_LINENUMBER) AS total_lines FROM   ORDERS   o JOIN   CUSTOMER c ON o.O_CUSTKEY  =",10.0,5.0,0.0,1.0,0.0,1.0,3.0,3.0,1.0,0.0,1.3333333333333333,148470.0,148465.0,49490.0,11.908144931958773,100.0,100.0,1.0,1.0,1.0,0.0,0.0,0.0,0.0,0.0,1.0,3,6.195320686379836,3.477342861090991,0,0,0.197773830744419
three_table_joins,Q068,379,516.7747,514.7727,519.6182,3,OK,,"SELECT c.C_NATIONKEY, YEAR(o.O_ORDERDATE)  AS order_year, SUM(l.L_EXTENDEDPRICE * (1 - l.L_DISCOUNT)) AS revenue FROM   ",11.0,5.333333333333333,1.0,0.0,0.0,1.0,3.0,2.0,0.6666666666666666,0.0,1.3333333333333333,148470.0,148465.0,49490.0,11.908144931958773,100.0,100.0,1.0,1.0,0.0,0.0,0.0,0.0,0.0,0.0,1.0,3,6.249540205559796,3.6714834748512746,1,1,1.0
three_table_joins,Q069,380,102.4444,101.2063,104.4844,3,OK,,"SELECT o.O_ORDERKEY, c.C_NAME, l.L_DISCOUNT, l.L_EXTENDEDPRICE FROM   ORDERS   o JOIN   CUSTOMER c ON o.O_CUSTKEY  = c.C",11.0,5.666666666666667,1.0,0.0,0.0,1.0,3.0,2.0,0.6666666666666666,0.0,1.3333333333333333,14910.0,14892.0,4970.0,9.609854474590907,55.55333333333332,33.33,1.0,1.0,1.0,1.0,0.0,0.0,0.0,0.0,1.0,3,4.6390342702952125,0.727827662018001,1,1,1.0
three_table_joins,Q070,381,330.3648,326.4054,332.3818,3,OK,,SELECT DISTINCT c.C_NATIONKEY FROM   ORDERS   o JOIN   CUSTOMER c ON o.O_CUSTKEY  = c.C_CUSTKEY JOIN   LINEITEM l ON o.O,10.0,5.0,0.0,1.0,0.0,1.0,3.0,3.0,1.0,0.0,1.6666666666666667,148470.0,148465.0,49490.0,11.908144931958773,77.77666666666666,33.33,1.0,1.0,1.0,1.0,0.0,0.0,0.0,0.0,1.0,3,5.80321988329803,2.3471135562026277,0,0,0.04626262626262626
three_table_joins,Q071,382,3.2612,1.4552,5.1095,3,OK,,"SELECT s.S_SUPPKEY, s.S_NAME, n.N_NAME        AS nation, r.R_NAME        AS region FROM   SUPPLIER s JOIN   NATION   n O",11.0,5.0,1.0,0.0,0.0,1.0,3.0,2.0,0.6666666666666666,0.0,0.6666666666666666,1002.0,1000.0,334.0,6.910750787961936,100.0,100.0,0.0,0.0,0.0,0.0,0.0,0.0,0.0,0.0,1.0,3,1.4495508107549055,0.023169559013212094,1,1,1.0
three_table_joins,Q072,383,0.7349,0.4928,0.9177,3,OK,,"SELECT s.S_SUPPKEY, s.S_NAME, n.N_NAME        AS nation FROM   SUPPLIER s JOIN   NATION   n ON s.S_NATIONKEY = n.N_NATIO",11.0,11.0,1.0,0.0,0.0,0.0,3.0,0.0,0.0,1.0,0.6666666666666666,1030.0,1000.0,343.3333333333333,6.93828448401696,13.333333333333334,10.0,0.0,0.0,0.0,1.0,0.0,0.0,0.0,0.0,1.0,3,0.5509497748501452,0.005221178988964052,1,1,1.0
three_table_joins,Q073,384,0.819,0.525,1.3552,3,OK,,"SELECT s.S_SUPPKEY, s.S_NAME, s.S_ACCTBAL FROM   SUPPLIER s JOIN   NATION   n ON s.S_NATIONKEY = n.N_NATIONKEY JOIN   RE",11.0,8.0,1.0,0.0,0.0,1.0,3.0,1.0,0.3333333333333333,0.0,0.6666666666666666,1026.0,1000.0,342.0,6.934397209928558,37.776666666666664,3.33,0.0,0.0,1.0,1.0,0.0,0.0,0.0,0.0,1.0,3,0.5982868995359851,0.00581867681584101,1,1,0.9975
three_table_joins,Q074,385,1.2348,1.1426,1.382,3,OK,,"SELECT r.R_NAME        AS region, COUNT(s.S_SUPPKEY) AS supplier_count FROM   SUPPLIER s JOIN   NATION   n ON s.S_NATION",11.0,5.0,1.0,0.0,0.0,1.0,3.0,2.0,0.6666666666666666,0.0,0.6666666666666666,1002.0,1000.0,334.0,6.910750787961936,100.0,100.0,1.0,1.0,0.0,0.0,0.0,0.0,0.0,0.0,1.0,3,0.8041517386028566,0.008772774276191062,1,1,1.0
three_table_joins,Q075,386,1.3592,1.2972,1.4692,3,OK,,"SELECT n.N_NAME        AS nation, AVG(s.S_ACCTBAL) AS avg_balance, COUNT(s.S_SUPPKEY) AS supplier_count FROM   SUPPLIER ",11.0,5.0,1.0,0.0,0.0,1.0,3.0,2.0,0.6666666666666666,0.0,0.6666666666666666,1002.0,1000.0,334.0,6.910750787961936,100.0,100.0,1.0,1.0,1.0,0.0,0.0,0.0,0.0,0.0,1.0,3,0.8583225785189295,0.009656587946387182,1,1,1.0
three_table_joins,Q076,387,1.6304,1.1885,2.2441,3,OK,,"SELECT r.R_NAME        AS region, MAX(s.S_ACCTBAL) AS max_balance FROM   SUPPLIER s JOIN   NATION   n ON s.S_NATIONKEY =",11.0,8.0,1.0,0.0,0.0,1.0,3.0,1.0,0.3333333333333333,0.0,0.6666666666666666,1006.0,1000.0,335.3333333333333,6.914730892718563,70.0,10.0,0.0,1.0,0.0,1.0,0.0,0.0,0.0,0.0,1.0,3,0.9671359258797237,0.011583358584306695,1,1,1.0
three_table_joins,Q077,388,0.4747,0.4608,0.4957,3,OK,,"SELECT s.S_NAME, n.N_NAME        AS nation, r.R_NAME        AS region, s.S_ACCTBAL FROM   SUPPLIER s JOIN   NATION   n O",11.0,5.0,1.0,0.0,0.0,1.0,3.0,2.0,0.6666666666666666,0.0,0.6666666666666666,1002.0,1000.0,334.0,6.910750787961936,100.0,100.0,1.0,0.0,0.0,0.0,0.0,0.0,0.0,0.0,1.0,3,0.3884545792747581,0.003372559077508825,1,1,1.0
three_table_joins,Q078,389,1.4356,1.3045,1.6863,3,OK,,"SELECT n.N_NAME        AS nation, COUNT(s.S_SUPPKEY) AS supplier_count FROM   SUPPLIER s JOIN   NATION   n ON s.S_NATION",11.0,5.0,1.0,0.0,0.0,1.0,3.0,2.0,0.6666666666666666,0.0,0.6666666666666666,1002.0,1000.0,334.0,6.910750787961936,100.0,100.0,1.0,1.0,1.0,0.0,0.0,0.0,0.0,0.0,1.0,3,0.890193132752282,0.010199380264739138,1,1,1.0
three_table_joins,Q079,390,0.4657,0.4369,0.4997,3,OK,,SELECT DISTINCT r.R_NAME   AS region FROM   SUPPLIER s JOIN   NATION   n ON s.S_NATIONKEY = n.N_NATIONKEY JOIN   REGION ,11.0,5.0,1.0,0.0,0.0,1.0,3.0,2.0,0.6666666666666666,0.0,0.6666666666666666,1002.0,1000.0,334.0,6.910750787961936,77.77666666666666,33.33,0.0,1.0,0.0,1.0,0.0,0.0,0.0,0.0,1.0,3,0.3823329440511179,0.0033086175740380448,1,1,1.0
three_table_joins,Q080,391,1.3738,0.7759,2.4966,3,OK,,"SELECT s.S_NAME, n.N_NAME        AS nation, s.S_ACCTBAL FROM   SUPPLIER s JOIN   NATION   n ON s.S_NATIONKEY = n.N_NATIO",11.0,11.0,1.0,0.0,0.0,0.0,3.0,0.0,0.0,1.0,0.6666666666666666,1030.0,1000.0,343.3333333333333,6.93828448401696,10.37,1.11,1.0,1.0,0.0,1.0,0.0,0.0,0.0,0.0,1.0,3,0.8644920466402677,0.00976031527423978,1,1,1.0
three_table_joins,Q081,392,13.7629,13.2108,14.0748,3,OK,,"SELECT c.C_CUSTKEY, c.C_NAME, n.N_NAME        AS nation, r.R_NAME        AS region FROM   CUSTOMER c JOIN   NATION   n O",11.0,8.333333333333334,1.0,0.0,0.0,1.0,3.0,1.0,0.3333333333333333,0.0,1.0,625.0,595.0,208.33333333333334,6.439350371100098,70.0,10.0,0.0,0.0,0.0,1.0,0.0,0.0,0.0,0.0,1.0,3,2.692117276838025,0.09778005756866696,1,1,1.0
three_table_joins,Q082,393,2.9093,2.7982,2.9773,3,OK,,"SELECT c.C_CUSTKEY, c.C_NAME, n.N_NAME        AS nation FROM   CUSTOMER c JOIN   NATION   n ON c.C_NATIONKEY = n.N_NATIO",11.0,8.333333333333334,1.0,0.0,0.0,1.0,3.0,1.0,0.3333333333333333,0.0,1.0,625.0,595.0,208.33333333333334,6.439350371100098,43.333333333333336,10.0,0.0,0.0,0.0,1.0,0.0,0.0,0.0,0.0,1.0,3,1.363358329836833,0.020669446227504582,1,1,1.0
three_table_joins,Q083,394,2.8317,2.5954,2.9578,3,OK,,"SELECT c.C_CUSTKEY, c.C_NAME, c.C_ACCTBAL FROM   CUSTOMER c JOIN   NATION   n ON c.C_NATIONKEY = n.N_NATIONKEY JOIN   RE",11.0,8.333333333333334,1.0,0.0,0.0,1.0,3.0,1.0,0.3333333333333333,0.0,1.0,625.0,595.0,208.33333333333334,6.439350371100098,21.11,10.0,0.0,0.0,0.0,1.0,0.0,0.0,0.0,0.0,1.0,3,1.343308568943732,0.02011812837535652,1,1,1.0
three_table_joins,Q084,395,3.3808,3.3324,3.4112,3,OK,,"SELECT r.R_NAME        AS region, COUNT(c.C_CUSTKEY) AS customer_count FROM   CUSTOMER c JOIN   NATION   n ON c.C_NATION",11.0,8.333333333333334,1.0,0.0,0.0,1.0,3.0,1.0,0.3333333333333333,0.0,1.0,625.0,595.0,208.33333333333334,6.439350371100098,70.0,10.0,1.0,1.0,1.0,1.0,0.0,0.0,0.0,0.0,1.0,3,1.4772313561119927,0.024019270548223795,1,1,1.0
three_table_joins,Q085,396,13.5518,12.7803,14.0385,3,OK,,"SELECT n.N_NAME        AS nation, AVG(c.C_ACCTBAL) AS avg_balance FROM   CUSTOMER c JOIN   NATION   n ON c.C_NATIONKEY =",11.0,8.0,1.0,1.0,0.0,1.0,3.0,2.0,0.6666666666666666,0.0,1.0,625.0,595.0,208.33333333333334,6.439350371100098,70.0,10.0,1.0,1.0,1.0,1.0,0.0,0.0,0.0,0.0,1.0,3,2.677714697306091,0.09628027408170232,1,1,0.975
three_table_joins,Q086,397,11.8866,11.6119,12.3215,3,OK,,"SELECT r.R_NAME        AS region, SUM(c.C_ACCTBAL) AS total_balance, COUNT(c.C_CUSTKEY) AS customer_count FROM   CUSTOME",11.0,8.333333333333334,1.0,0.0,0.0,1.0,3.0,1.0,0.3333333333333333,0.0,1.0,625.0,595.0,208.33333333333334,6.439350371100098,70.0,10.0,0.0,1.0,0.0,1.0,0.0,0.0,0.0,0.0,1.0,3,2.556188011792951,0.08444967501730861,1,1,1.0
three_table_joins,Q087,398,12.796,12.7259,12.8812,3,OK,,"SELECT c.C_NAME, n.N_NAME        AS nation, r.R_NAME        AS region, c.C_ACCTBAL FROM   CUSTOMER c JOIN   NATION   n O",11.0,8.333333333333334,1.0,0.0,0.0,1.0,3.0,1.0,0.3333333333333333,0.0,1.0,625.0,595.0,208.33333333333334,6.439350371100098,70.0,10.0,1.0,1.0,0.0,1.0,0.0,0.0,0.0,0.0,1.0,3,2.6243786950745944,0.09091060871245613,1,1,1.0
three_table_joins,Q088,399,13.8102,13.7478,13.8477,3,OK,,"SELECT n.N_NAME        AS nation, AVG(c.C_ACCTBAL) AS avg_balance FROM   CUSTOMER c JOIN   NATION   n ON c.C_NATIONKEY =",11.0,8.0,1.0,1.0,0.0,1.0,3.0,2.0,0.6666666666666666,0.0,1.0,625.0,595.0,208.33333333333334,6.439350371100098,70.0,10.0,0.0,1.0,1.0,1.0,0.0,0.0,0.0,0.0,1.0,3,2.6953161325774504,0.0981161056924634,1,1,0.9740000000000001
three_table_joins,Q089,400,10.4966,10.2455,10.9515,3,OK,,"SELECT r.R_NAME        AS region, COUNT(c.C_CUSTKEY) AS high_balance_count FROM   CUSTOMER c JOIN   NATION   n ON c.C_NA",11.0,8.333333333333334,1.0,0.0,0.0,1.0,3.0,1.0,0.3333333333333333,0.0,1.0,625.0,595.0,208.33333333333334,6.439350371100098,47.776666666666664,10.0,1.0,1.0,0.0,1.0,0.0,0.0,0.0,0.0,1.0,3,2.442051339481571,0.07457426503682144,1,1,1.0
three_table_joins,Q090,401,0.1954,0.1712,0.2341,3,OK,,"SELECT DISTINCT r.R_NAME   AS region, n.N_NAME             AS nation FROM   CUSTOMER c JOIN   NATION   n ON c.C_NATIONKE",11.0,8.333333333333334,1.0,0.0,0.0,1.0,3.0,1.0,0.3333333333333333,0.0,1.0,625.0,595.0,208.33333333333334,6.439350371100098,68.0,4.0,1.0,1.0,1.0,1.0,0.0,0.0,0.0,0.0,1.0,3,0.17848085740801675,0.0013882410864656085,1,1,1.0
three_table_joins,Q091,402,948.5605,916.9304,970.0745,3,OK,,"SELECT o.O_ORDERKEY, c.C_NAME, p.P_NAME, l.L_QUANTITY FROM   ORDERS   o JOIN   CUSTOMER c ON o.O_CUSTKEY  = c.C_CUSTKEY ",10.0,4.25,0.0,1.0,0.0,1.0,4.0,4.0,1.0,0.0,1.5,148471.0,148465.0,37117.75,11.90815166725814,100.0,100.0,0.0,0.0,1.0,0.0,0.0,0.0,0.0,0.0,1.0,3,6.855999245968634,6.739153833666125,1,1,0.9846190476190476
three_table_joins,Q092,403,27.5728,26.7093,28.0189,3,OK,,"SELECT o.O_ORDERKEY, c.C_NAME, p.P_TYPE, l.L_QUANTITY FROM   ORDERS   o JOIN   CUSTOMER c ON o.O_CUSTKEY  = c.C_CUSTKEY ",3.0,2.75,0.0,0.0,0.0,1.0,4.0,4.0,1.0,0.0,2.0,635.0,616.0,158.75,6.455198563340122,65.2775,11.11,0.0,0.0,0.0,1.0,0.0,0.0,0.0,0.0,1.0,3,3.3524552163407604,0.19589403187768134,0,0,0.017619047619047618
three_table_joins,Q093,404,2737.5345,2733.6803,2742.6759,3,OK,,"SELECT c.C_CUSTKEY, c.C_NAME, p.P_BRAND, SUM(l.L_EXTENDEDPRICE * (1 - l.L_DISCOUNT)) AS revenue FROM   ORDERS   o JOIN  ",10.0,4.25,0.0,1.0,0.0,1.0,4.0,4.0,1.0,0.0,1.5,148471.0,148465.0,37117.75,11.90815166725814,100.0,100.0,1.0,1.0,1.0,0.0,0.0,0.0,0.0,0.0,1.0,3,7.915178202282087,19.449119081458992,1,1,0.9973181818181817
three_table_joins,Q094,405,1097.3062,1090.9615,1104.2937,3,OK,,"SELECT c.C_NATIONKEY, p.P_TYPE, SUM(l.L_EXTENDEDPRICE * (1 - l.L_DISCOUNT)) AS revenue FROM   ORDERS   o JOIN   CUSTOMER",10.0,4.25,0.0,1.0,0.0,1.0,4.0,4.0,1.0,0.0,1.5,148471.0,148465.0,37117.75,11.90815166725814,100.0,100.0,1.0,1.0,1.0,0.0,0.0,0.0,0.0,0.0,1.0,3,7.00152445386623,7.795934243978754,1,1,0.9973181818181817
three_table_joins,Q095,406,908.1303,901.3158,921.6423,3,OK,,"SELECT c.C_NATIONKEY, p.P_BRAND, SUM(l.L_QUANTITY)    AS total_qty FROM   ORDERS   o JOIN   CUSTOMER c ON o.O_CUSTKEY  =",10.0,4.25,0.0,1.0,0.0,1.0,4.0,4.0,1.0,0.0,1.5,148471.0,148465.0,37117.75,11.90815166725814,100.0,100.0,1.0,1.0,1.0,0.0,0.0,0.0,0.0,0.0,1.0,3,6.812488428239095,6.4519129699300874,1,1,0.9973181818181817
three_table_joins,Q096,407,1038.7483,1030.8929,1044.7459,3,OK,,"SELECT c.C_NATIONKEY, p.P_BRAND, SUM(l.L_EXTENDEDPRICE * (1 - l.L_DISCOUNT)) AS revenue FROM   ORDERS   o JOIN   CUSTOME",10.0,4.25,0.0,1.0,0.0,1.0,4.0,4.0,1.0,0.0,1.5,148471.0,148465.0,37117.75,11.90815166725814,100.0,100.0,0.0,1.0,1.0,0.0,0.0,0.0,0.0,0.0,1.0,3,6.946733943613269,7.379903114413019,1,1,0.993
three_table_joins,Q097,408,286.0227,283.9723,287.2126,3,OK,,"SELECT o.O_ORDERKEY, c.C_NAME, p.P_NAME, l.L_DISCOUNT FROM   ORDERS   o JOIN   CUSTOMER c ON o.O_CUSTKEY  = c.C_CUSTKEY ",11.0,4.75,1.0,0.0,0.0,1.0,4.0,3.0,0.75,0.0,1.75,14911.0,14892.0,3727.75,9.609921536925372,54.144999999999996,33.33,1.0,1.0,1.0,1.0,0.0,0.0,0.0,0.0,1.0,3,5.659561306708505,2.03208016275244,1,1,0.9921428571428572
three_table_joins,Q098,409,890.1964,880.61,904.8552,3,OK,,"SELECT DISTINCT c.C_NATIONKEY, p.P_TYPE FROM   ORDERS   o JOIN   CUSTOMER c ON o.O_CUSTKEY  = c.C_CUSTKEY JOIN   LINEITE",10.0,4.25,0.0,1.0,0.0,1.0,4.0,4.0,1.0,0.0,1.5,148471.0,148465.0,37117.75,11.90815166725814,100.0,100.0,1.0,1.0,1.0,0.0,0.0,0.0,0.0,0.0,1.0,3,6.792564829667554,6.324499577808463,1,1,0.9973181818181817
three_table_joins,Q099,410,959.3729,955.0026,964.9962,3,OK,,"SELECT YEAR(o.O_ORDERDATE) AS order_year, p.P_BRAND, SUM(l.L_EXTENDEDPRICE * (1 - l.L_DISCOUNT)) AS revenue FROM   ORDER",11.0,4.5,1.0,0.0,0.0,1.0,4.0,3.0,0.75,0.0,1.5,148471.0,148465.0,37117.75,11.90815166725814,100.0,100.0,1.0,1.0,1.0,0.0,0.0,0.0,0.0,0.0,1.0,3,6.867321646539566,6.815971735013622,1,1,1.0
three_table_joins,Q100,411,1661.223,1645.0656,1671.4048,3,OK,,"SELECT o.O_ORDERKEY, c.C_NAME, SUM(l.L_EXTENDEDPRICE * (1 - l.L_DISCOUNT)) AS net_revenue FROM   ORDERS   o JOIN   CUSTO",10.0,4.25,0.0,1.0,0.0,1.0,4.0,4.0,1.0,0.0,1.5,148471.0,148465.0,37117.75,11.90815166725814,100.0,100.0,1.0,1.0,1.0,0.0,0.0,0.0,0.0,0.0,1.0,3,7.4159111421065775,11.802344024471124,1,1,0.9973181818181817
three_table_joins,Q101,412,4129.4717,4086.2048,4175.6263,3,OK,,"SELECT r.R_NAME        AS region, n.N_NAME        AS nation, c.C_NAME, o.O_ORDERKEY, COUNT(l.L_LINENUMBER) AS line_count",11.0,6.2,1.0,0.0,0.0,1.0,5.0,3.0,0.6,0.0,1.4,643.0,595.0,128.6,6.467698726104354,82.0,10.0,0.0,1.0,1.0,1.0,0.0,0.0,0.0,0.0,1.0,3,8.326146892508323,29.338292115337687,1,1,1.0
three_table_joins,Q102,413,309.6086,263.7363,339.9189,3,OK,,"SELECT r.R_NAME        AS region, SUM(l.L_EXTENDEDPRICE * (1 - l.L_DISCOUNT)) AS revenue FROM   ORDERS   o JOIN   CUSTOM",11.0,6.2,1.0,0.0,0.0,1.0,5.0,3.0,0.6,0.0,1.6,643.0,595.0,128.6,6.467698726104354,72.0,10.0,1.0,1.0,1.0,1.0,0.0,0.0,0.0,0.0,1.0,3,5.73853359867641,2.199648819053716,1,1,1.0
three_table_joins,Q103,414,1796.0095,1603.7417,2175.9419,3,OK,,"SELECT n.N_NAME        AS supplier_nation, p.P_BRAND, SUM(l.L_EXTENDEDPRICE * (1 - l.L_DISCOUNT)) AS revenue FROM   ORDE",10.0,3.8,0.0,1.0,0.0,1.0,5.0,5.0,1.0,0.0,1.2,148472.0,148465.0,29694.4,11.908158402512143,100.0,100.0,1.0,1.0,1.0,0.0,0.0,0.0,0.0,0.0,1.0,3,7.493879173358344,12.759949741978271,1,1,0.9910681818181817
three_table_joins,Q104,415,609.0675,606.0683,613.7003,3,OK,,"SELECT o.O_ORDERKEY, p.P_NAME, s.S_NAME, n.N_NAME        AS supplier_nation, l.L_EXTENDEDPRICE FROM   ORDERS   o JOIN   ",11.0,4.0,1.0,0.0,0.0,1.0,5.0,4.0,0.8,0.0,1.6,19951.0,19919.0,3990.2,9.901084667919818,64.0,20.0,0.0,0.0,1.0,1.0,0.0,0.0,0.0,0.0,1.0,3,6.413569606783168,4.327187962798834,1,1,1.0
three_table_joins,Q105,416,3768.3178,3762.6211,3773.1038,3,OK,,"SELECT o.O_ORDERKEY, c.C_NAME, p.P_NAME, l.L_EXTENDEDPRICE - ps.PS_SUPPLYCOST AS margin FROM   ORDERS   o JOIN   CUSTOME",11.0,4.2,1.0,0.0,0.0,1.0,5.0,4.0,0.8,0.0,1.6,19953.0,19919.0,3990.6,9.901184903473453,82.0,10.0,1.0,1.0,0.0,1.0,0.0,0.0,0.0,0.0,1.0,3,8.23464930916058,26.772433965300365,1,1,1.0
three_table_joins,Q106,417,4113.5015,4101.1441,4127.2633,3,OK,,"SELECT c.C_CUSTKEY, c.C_NAME, SUM(l.L_EXTENDEDPRICE - ps.PS_SUPPLYCOST) AS total_margin FROM   ORDERS   o JOIN   CUSTOME",10.0,4.0,0.0,1.0,0.0,1.0,5.0,5.0,1.0,0.0,1.6,19953.0,19919.0,3990.6,9.901184903473453,82.0,10.0,1.0,1.0,1.0,1.0,0.0,0.0,0.0,0.0,1.0,3,8.322272963610047,29.224830048812237,1,1,0.9924967532467532
three_table_joins,Q107,418,770.5702,763.7952,780.8579,3,OK,,"SELECT n.N_NAME        AS nation, p.P_TYPE, SUM(l.L_EXTENDEDPRICE * (1 - l.L_DISCOUNT)) AS revenue FROM   ORDERS   o JOI",11.0,4.0,1.0,0.0,0.0,1.0,5.0,4.0,0.8,0.0,1.8,148472.0,148465.0,29694.4,11.908158402512143,90.0,50.0,0.0,1.0,0.0,1.0,0.0,0.0,0.0,0.0,1.0,3,6.648427659238587,5.474601901975544,1,1,0.997
three_table_joins,Q108,419,434.6726,427.6678,441.5629,3,OK,,"SELECT cn.N_NAME       AS cust_nation, sn.N_NAME       AS supp_nation, SUM(l.L_EXTENDEDPRICE * (1 - l.L_DISCOUNT)) AS re",11.0,3.6666666666666665,1.0,0.0,0.0,1.0,6.0,5.0,0.8333333333333334,0.0,1.5,148473.0,148465.0,24745.5,11.908165137720784,91.66666666666667,50.0,1.0,1.0,0.0,1.0,0.0,0.0,0.0,0.0,1.0,3,6.076891043838126,3.088179951283679,1,1,1.0
three_table_joins,Q109,420,730.3493,726.4446,735.556,3,OK,,"SELECT cn.N_NAME       AS nation, COUNT(DISTINCT o.O_ORDERKEY) AS order_count, SUM(l.L_EXTENDEDPRICE * (1 - l.L_DISCOUNT",10.0,3.5,0.0,1.0,0.0,1.0,6.0,6.0,1.0,0.0,1.3333333333333333,148473.0,148465.0,24745.5,11.908165137720784,85.0,10.0,1.0,1.0,1.0,1.0,0.0,0.0,0.0,0.0,1.0,3,6.5948911841985725,5.188848033425776,1,1,0.9365000000000001
three_table_joins,Q110,421,1469.8846,1454.48,1498.9657,3,OK,,"SELECT n.N_NAME        AS nation, SUM(l.L_EXTENDEDPRICE * (1 - l.L_DISCOUNT)) AS revenue FROM   ORDERS   o JOIN   CUSTOM",9.0,3.6,0.0,0.0,1.0,1.0,5.0,5.0,1.0,0.0,1.8,9991.0,9959.0,1998.2,9.209540051805414,100.0,100.0,1.0,1.0,1.0,1.0,0.0,0.0,0.0,0.0,1.0,3,7.293619267490082,10.44295902806073,1,1,0.8676785714285715
three_table_joins,Q111,422,2.2422,2.0897,2.4798,3,OK,,"SELECT o.O_ORDERKEY, c.C_NAME, cn.N_NAME       AS cust_nation, p.P_NAME, s.S_NAME, l.L_EXTENDEDPRICE FROM   ORDERS    o ",10.0,3.5,0.0,1.0,0.0,1.0,6.0,6.0,1.0,0.0,1.5,148473.0,148465.0,24745.5,11.908165137720784,100.0,100.0,0.0,0.0,1.0,0.0,0.0,0.0,0.0,0.0,1.0,3,1.1762521117253357,0.01592995989802041,0,0,0.16320238095238096
three_table_joins,Q112,423,1359.0998,1339.3402,1384.6274,3,OK,,"SELECT cn.N_NAME       AS cust_nation, p.P_BRAND, s.S_NAME, SUM(l.L_EXTENDEDPRICE * (1 - l.L_DISCOUNT)) AS revenue FROM ",11.0,3.6666666666666665,1.0,0.0,0.0,1.0,6.0,5.0,0.8333333333333334,0.0,1.6666666666666667,148473.0,148465.0,24745.5,11.908165137720784,91.66666666666667,50.0,1.0,1.0,0.0,1.0,0.0,0.0,0.0,0.0,1.0,3,7.215313358390686,9.655876064315207,1,1,0.997
three_table_joins,Q113,424,1192.1153,1092.9107,1365.7942,3,OK,,"SELECT r.R_NAME        AS region, p.P_TYPE, SUM(l.L_EXTENDEDPRICE * (1 - l.L_DISCOUNT)) AS revenue FROM   ORDERS    o JO",11.0,5.5,1.0,0.0,0.0,1.0,6.0,4.0,0.6666666666666666,0.0,1.5,644.0,595.0,107.33333333333333,6.4692503167957724,85.0,10.0,1.0,1.0,1.0,1.0,0.0,0.0,0.0,0.0,1.0,3,7.084323064536016,8.469516065835593,1,1,1.0
three_table_joins,Q114,425,905.6079,898.8655,913.3837,3,OK,,"SELECT r.R_NAME        AS customer_region, SUM(l.L_EXTENDEDPRICE * (1 - l.L_DISCOUNT)) AS revenue, AVG(s.S_ACCTBAL)     ",11.0,5.5,1.0,0.0,0.0,1.0,6.0,4.0,0.6666666666666666,0.0,1.3333333333333333,644.0,595.0,107.33333333333333,6.4692503167957724,85.0,10.0,1.0,1.0,1.0,1.0,0.0,0.0,0.0,0.0,1.0,3,6.809710052344804,6.4339922978906765,1,1,1.0
three_table_joins,Q115,426,4081.7712,4069.7185,4099.718,3,OK,,"SELECT cn.N_NAME       AS cust_nation, p.P_BRAND, SUM(l.L_EXTENDEDPRICE - ps.PS_SUPPLYCOST) AS total_margin FROM   ORDER",11.0,3.8333333333333335,1.0,0.0,0.0,1.0,6.0,5.0,0.8333333333333334,0.0,1.6666666666666667,19954.0,19919.0,3325.6666666666665,9.901235017482835,85.0,10.0,1.0,1.0,0.0,1.0,0.0,0.0,0.0,0.0,1.0,3,8.314531252521903,28.9993985946368,1,1,1.0
three_table_joins,Q116,427,918.7668,910.814,925.5845,3,OK,,"SELECT r.R_NAME        AS region, p.P_BRAND, SUM(l.L_QUANTITY) AS total_qty FROM   ORDERS    o JOIN   CUSTOMER  c  ON o.",11.0,5.5,1.0,0.0,0.0,1.0,6.0,4.0,0.6666666666666666,0.0,1.5,644.0,595.0,107.33333333333333,6.4692503167957724,85.0,10.0,1.0,1.0,1.0,1.0,0.0,0.0,0.0,0.0,1.0,3,6.824120159651172,6.527481170115305,1,1,1.0
three_table_joins,Q117,428,1375.8359,1363.7353,1395.6076,3,OK,,"SELECT cn.N_NAME       AS cust_nation, SUM(l.L_EXTENDEDPRICE * (1 - l.L_DISCOUNT)) AS revenue FROM   ORDERS    o JOIN   ",10.0,3.5,0.0,1.0,0.0,1.0,6.0,6.0,1.0,0.0,1.5,148473.0,148465.0,24745.5,11.908165137720784,100.0,100.0,1.0,1.0,1.0,0.0,0.0,0.0,0.0,0.0,1.0,3,7.227543319513805,9.77477955278602,1,1,0.9400833333333334
three_table_joins,Q118,429,1129.1146,1126.9494,1130.8199,3,OK,,"SELECT r.R_NAME        AS region, p.P_BRAND, COUNT(DISTINCT c.C_CUSTKEY) AS cust_count FROM   ORDERS    o JOIN   CUSTOME",11.0,5.5,1.0,0.0,0.0,1.0,6.0,4.0,0.6666666666666666,0.0,1.5,644.0,595.0,107.33333333333333,6.4692503167957724,85.0,10.0,1.0,1.0,1.0,1.0,0.0,0.0,0.0,0.0,1.0,3,7.030074322493342,8.021920568312083,1,1,1.0
three_table_joins,Q119,430,1194.7223,1192.3318,1196.4692,3,OK,,"SELECT cn.N_NAME       AS cust_nation, sn.N_NAME       AS supp_nation, AVG(o.O_TOTALPRICE) AS avg_order_value FROM   ORD",11.0,3.6666666666666665,1.0,0.0,0.0,1.0,6.0,5.0,0.8333333333333334,0.0,1.3333333333333333,148473.0,148465.0,24745.5,11.908165137720784,100.0,100.0,1.0,1.0,0.0,0.0,0.0,0.0,0.0,0.0,1.0,3,7.086505716914706,8.48803778800763,1,1,1.0
three_table_joins,Q120,431,481.2677,479.9774,482.875,3,OK,,"SELECT r.R_NAME                 AS region, YEAR(o.O_ORDERDATE)      AS yr, MONTH(o.O_ORDERDATE)     AS mo, SUM(l.L_EXTEN",11.0,5.5,1.0,0.0,0.0,1.0,6.0,4.0,0.6666666666666666,0.0,1.6666666666666667,644.0,595.0,107.33333333333333,6.4692503167957724,76.66666666666667,10.0,1.0,1.0,1.0,1.0,0.0,0.0,0.0,0.0,1.0,3,6.1784993540672,3.419220034436052,1,1,1.0
three_table_joins,Q121,432,187.8288,184.336,193.7948,3,OK,,"SELECT c.C_MKTSEGMENT, c.C_NATIONKEY, COUNT(o.O_ORDERKEY)   AS order_count, SUM(o.O_TOTALPRICE)   AS total_revenue FROM ",10.0,5.333333333333333,0.0,1.0,0.0,1.0,3.0,3.0,1.0,0.0,1.3333333333333333,634.0,595.0,211.33333333333334,6.453624998892692,100.0,100.0,1.0,1.0,1.0,0.0,0.0,0.0,0.0,0.0,1.0,3,5.240840784450877,1.3344506519013895,0,0,0.03045238095238095
three_table_joins,Q122,433,1400.8288,1395.813,1409.1784,3,OK,,"SELECT p.P_BRAND, n.N_NAME        AS supplier_nation, MAX(l.L_EXTENDEDPRICE) AS max_price, MIN(l.L_EXTENDEDPRICE) AS min",11.0,4.5,1.0,0.0,0.0,1.0,4.0,3.0,0.75,0.0,1.0,19950.0,19919.0,4987.5,9.901034546375062,100.0,100.0,1.0,1.0,0.0,0.0,0.0,0.0,0.0,0.0,1.0,3,7.245532948868733,9.952344397463229,1,1,1.0
three_table_joins,Q123,434,462.3394,458.8353,467.1196,3,OK,,"SELECT c.C_MKTSEGMENT, SUM(l.L_EXTENDEDPRICE * (1 - l.L_DISCOUNT)) AS net_revenue FROM   ORDERS   o JOIN   CUSTOMER c ON",10.0,5.0,0.0,1.0,0.0,1.0,3.0,3.0,1.0,0.0,1.3333333333333333,148470.0,148465.0,49490.0,11.908144931958773,100.0,100.0,1.0,1.0,1.0,0.0,0.0,0.0,0.0,0.0,1.0,3,6.138459830896088,3.2847418166420552,0,0,0.06944049741108564
three_table_joins,Q124,435,1548.779,1542.8296,1559.692,3,OK,,"SELECT p.P_SIZE, r.R_NAME        AS supplier_region, AVG(l.L_DISCOUNT) AS avg_discount FROM   LINEITEM l JOIN   PART    ",10.0,3.8,0.0,1.0,0.0,1.0,5.0,5.0,1.0,0.0,1.0,19951.0,19919.0,3990.2,9.901084667919818,100.0,100.0,1.0,1.0,1.0,0.0,0.0,0.0,0.0,0.0,1.0,3,7.3458676191025445,11.003473089330189,1,1,0.9890681818181818
three_table_joins,Q125,436,132.9095,131.041,136.4173,3,OK,,"SELECT r.R_NAME        AS region, SUM(ps.PS_AVAILQTY * ps.PS_SUPPLYCOST) AS stock_value FROM   SUPPLIER s JOIN   PARTSUP",11.0,4.25,1.0,0.0,0.0,1.0,4.0,3.0,0.75,0.0,0.75,82493.0,82490.0,20623.25,11.320480842405289,100.0,100.0,1.0,1.0,0.0,0.0,0.0,0.0,0.0,0.0,1.0,3,4.89716419864941,0.9442703617277421,1,1,1.0
three_table_joins,Q126,437,1092.6474,1086.4237,1103.2518,3,OK,,"SELECT l.L_SHIPMODE, p.P_TYPE, SUM(l.L_EXTENDEDPRICE * (1 - l.L_DISCOUNT)) AS revenue FROM   ORDERS  o JOIN   LINEITEM l",10.0,5.0,0.0,1.0,0.0,1.0,3.0,3.0,1.0,0.0,1.3333333333333333,148470.0,148465.0,49490.0,11.908144931958773,100.0,100.0,1.0,1.0,1.0,0.0,0.0,0.0,0.0,0.0,1.0,3,6.997273627557507,7.762835279937679,1,1,0.992773830744419
three_table_joins,Q127,438,144.0094,141.4911,148.5012,3,OK,,"SELECT c.C_MKTSEGMENT, YEAR(o.O_ORDERDATE) AS order_year, COUNT(o.O_ORDERKEY)  AS order_count FROM   CUSTOMER c JOIN   O",11.0,6.5,1.0,0.0,0.0,1.0,2.0,1.0,0.5,0.0,1.0,148466.0,148465.0,74233.0,11.908117990307652,100.0,100.0,1.0,1.0,0.0,0.0,0.0,0.0,0.0,0.0,1.0,3,4.976798567905564,1.023130838880555,1,1,1.0
three_table_joins,Q128,439,1424.5029,1410.9459,1433.4815,3,OK,,"SELECT p.P_CONTAINER, n.N_NAME        AS nation, SUM(l.L_QUANTITY) AS total_qty FROM   LINEITEM l JOIN   PART     p  ON ",11.0,4.5,1.0,0.0,0.0,1.0,4.0,3.0,0.75,0.0,1.0,19950.0,19919.0,4987.5,9.901034546375062,100.0,100.0,1.0,1.0,0.0,0.0,0.0,0.0,0.0,0.0,1.0,3,7.262279942724561,10.120539680498517,1,1,1.0
three_table_joins,Q129,440,185.8725,184.3329,188.6195,3,OK,,"SELECT c.C_MKTSEGMENT, n.N_NAME        AS nation, MAX(o.O_TOTALPRICE) AS max_order FROM   CUSTOMER c JOIN   ORDERS   o O",11.0,5.666666666666667,1.0,0.0,0.0,1.0,3.0,2.0,0.6666666666666666,0.0,1.3333333333333333,634.0,595.0,211.33333333333334,6.453624998892692,100.0,100.0,0.0,1.0,0.0,0.0,0.0,0.0,0.0,0.0,1.0,3,5.2304265661290446,1.3205519004302908,1,1,0.9983333333333334
three_table_joins,Q130,441,161.3258,159.3266,165.2031,3,OK,,"SELECT p.P_CONTAINER, r.R_NAME        AS region, AVG(ps.PS_SUPPLYCOST) AS avg_cost FROM   PART     p JOIN   PARTSUPP ps ",11.0,4.0,1.0,0.0,0.0,1.0,5.0,4.0,0.8,0.0,1.2,19925.0,19919.0,3985.0,9.899780690604802,100.0,100.0,1.0,1.0,0.0,0.0,0.0,0.0,0.0,0.0,1.0,3,5.08960542676682,1.1461571334029348,1,1,1.0
three_table_joins,Q131,442,575.2911,568.7032,586.2642,3,OK,,"SELECT c.C_MKTSEGMENT, YEAR(o.O_ORDERDATE)   AS yr, MONTH(o.O_ORDERDATE)  AS mo, SUM(l.L_EXTENDEDPRICE * (1 - l.L_DISCOU",11.0,5.333333333333333,1.0,0.0,0.0,1.0,3.0,2.0,0.6666666666666666,0.0,1.3333333333333333,148470.0,148465.0,49490.0,11.908144931958773,100.0,100.0,1.0,1.0,0.0,0.0,0.0,0.0,0.0,0.0,1.0,3,6.356612914977891,4.087219763039893,1,1,1.0
three_table_joins,Q132,443,891.017,885.9846,899.219,3,OK,,"SELECT p.P_BRAND, YEAR(l.L_SHIPDATE)    AS ship_year, MAX(l.L_QUANTITY) - MIN(l.L_QUANTITY) AS qty_spread FROM   LINEITE",10.0,5.0,0.0,1.0,0.0,1.0,3.0,3.0,1.0,0.0,1.3333333333333333,148470.0,148465.0,49490.0,11.908144931958773,100.0,100.0,1.0,1.0,1.0,0.0,0.0,0.0,0.0,0.0,1.0,3,6.7934851906943665,6.330329622002698,1,1,0.992773830744419
three_table_joins,Q133,444,1126.4995,1121.8715,1129.3643,3,OK,,"SELECT p.P_TYPE, COUNT(DISTINCT c.C_CUSTKEY) AS customer_count FROM   ORDERS   o JOIN   CUSTOMER c ON o.O_CUSTKEY  = c.C",10.0,4.25,0.0,1.0,0.0,1.0,4.0,4.0,1.0,0.0,1.5,148471.0,148465.0,37117.75,11.90815166725814,100.0,100.0,1.0,1.0,1.0,0.0,0.0,0.0,0.0,0.0,1.0,3,7.027757627917755,8.003341298786923,1,1,0.9973181818181817
three_table_joins,Q134,445,163.7456,161.7535,166.7235,3,OK,,"SELECT p.P_BRAND, r.R_NAME        AS region, SUM(ps.PS_AVAILQTY * ps.PS_SUPPLYCOST) AS stock_value FROM   PART     p JOI",11.0,4.0,1.0,0.0,0.0,1.0,5.0,4.0,0.8,0.0,1.2,19925.0,19919.0,3985.0,9.899780690604802,100.0,100.0,1.0,1.0,0.0,0.0,0.0,0.0,0.0,0.0,1.0,3,5.104402465893957,1.1633488723027787,1,1,1.0
three_table_joins,Q135,446,663.7659,656.0652,668.3232,3,OK,,"SELECT r.R_NAME        AS region, o.O_ORDERSTATUS  AS status, SUM(l.L_EXTENDEDPRICE * (1 - l.L_DISCOUNT)) AS revenue FRO",11.0,6.2,1.0,0.0,0.0,1.0,5.0,3.0,0.6,0.0,1.4,643.0,595.0,128.6,6.467698726104354,82.0,10.0,1.0,1.0,1.0,1.0,0.0,0.0,0.0,0.0,1.0,3,6.499434948603533,4.715798844292848,1,1,1.0
three_table_joins,Q136,447,173.1515,172.53,174.0817,3,OK,,"SELECT n.N_NAME        AS nation, SUM(o.O_TOTALPRICE)   AS total_revenue FROM   ORDERS   o JOIN   CUSTOMER c ON o.O_CUST",11.0,5.666666666666667,1.0,0.0,0.0,1.0,3.0,2.0,0.6666666666666666,0.0,1.3333333333333333,634.0,595.0,211.33333333333334,6.453624998892692,100.0,100.0,1.0,1.0,1.0,0.0,0.0,0.0,0.0,0.0,1.0,3,5.159925610039344,1.2301741375800912,1,1,0.9983333333333334
three_table_joins,Q137,448,102.9317,100.4295,105.4567,3,OK,,"SELECT s.S_SUPPKEY, s.S_NAME, COUNT(ps.PS_PARTKEY) AS part_count FROM   SUPPLIER s JOIN   PARTSUPP ps ON s.S_SUPPKEY   =",10.0,4.666666666666667,0.0,1.0,0.0,1.0,3.0,3.0,1.0,0.0,0.6666666666666666,82492.0,82490.0,27497.333333333332,11.320468720238088,100.0,100.0,1.0,1.0,1.0,0.0,0.0,0.0,0.0,0.0,1.0,3,4.643733952630029,0.731289739200369,0,0,0.04448484848484848
three_table_joins,Q138,449,882.6465,877.3725,885.869,3,OK,,"SELECT p.P_BRAND, AVG(l.L_EXTENDEDPRICE) AS avg_line_revenue FROM   LINEITEM l JOIN   PART     p  ON l.L_PARTKEY  = p.P_",10.0,5.0,0.0,1.0,0.0,1.0,3.0,3.0,1.0,0.0,1.3333333333333333,148470.0,148465.0,49490.0,11.908144931958773,100.0,100.0,1.0,1.0,1.0,0.0,0.0,0.0,0.0,0.0,1.0,3,6.784057095783736,6.270860471469123,1,1,0.992773830744419
three_table_joins,Q139,450,3.4248,3.3627,3.5363,3,OK,,"SELECT r.R_NAME        AS region, COUNT(c.C_CUSTKEY) AS customer_count FROM   CUSTOMER c JOIN   NATION   n ON c.C_NATION",11.0,8.333333333333334,1.0,0.0,0.0,1.0,3.0,1.0,0.3333333333333333,0.0,1.0,625.0,595.0,208.33333333333334,6.439350371100098,70.0,10.0,0.0,1.0,1.0,1.0,0.0,0.0,0.0,0.0,1.0,3,1.487225079698331,0.024331873454080943,1,1,1.0
three_table_joins,Q140,451,758.9896,750.7553,766.0543,3,OK,,"SELECT p.P_TYPE, COUNT(l.L_LINENUMBER) AS line_count FROM   LINEITEM l JOIN   PART     p ON l.L_PARTKEY  = p.P_PARTKEY J",11.0,5.333333333333333,1.0,0.0,0.0,1.0,3.0,2.0,0.6666666666666666,0.0,1.3333333333333333,19949.0,19919.0,6649.666666666667,9.90098442231801,100.0,100.0,1.0,1.0,1.0,0.0,0.0,0.0,0.0,0.0,1.0,3,6.6333047489762205,5.392326238076242,1,1,1.0
three_table_joins,Q141,452,89.9639,89.9029,90.0223,3,OK,,"SELECT c.C_MKTSEGMENT, n.N_NAME        AS nation, AVG(c.C_ACCTBAL) AS avg_balance FROM   CUSTOMER c JOIN   NATION   n ON",11.0,5.666666666666667,1.0,0.0,0.0,1.0,3.0,2.0,0.6666666666666666,0.0,1.3333333333333333,634.0,595.0,211.33333333333334,6.453624998892692,100.0,100.0,1.0,1.0,1.0,0.0,0.0,0.0,0.0,0.0,1.0,3,4.5104627245125775,0.6391585582327706,1,1,1.0
three_table_joins,Q142,453,113.0179,111.3328,116.0041,3,OK,,"SELECT n.N_NAME        AS nation, SUM(ps.PS_AVAILQTY) AS total_stock FROM   SUPPLIER s JOIN   PARTSUPP ps ON s.S_SUPPKEY",11.0,5.0,1.0,0.0,0.0,1.0,3.0,2.0,0.6666666666666666,0.0,0.6666666666666666,82492.0,82490.0,27497.333333333332,11.320468720238088,100.0,100.0,1.0,1.0,0.0,0.0,0.0,0.0,0.0,0.0,1.0,3,4.736355453612391,0.8029482716789227,1,1,1.0
three_table_joins,Q143,454,101.1826,100.4227,102.143,3,OK,,"SELECT p.P_CONTAINER, AVG(ps.PS_SUPPLYCOST) AS avg_cost, COUNT(DISTINCT p.P_PARTKEY) AS part_count FROM   PART     p JOI",11.0,5.333333333333333,1.0,0.0,0.0,1.0,3.0,2.0,0.6666666666666666,0.0,1.3333333333333333,19923.0,19919.0,6641.0,9.899680314193175,100.0,100.0,1.0,1.0,1.0,0.0,0.0,0.0,0.0,0.0,1.0,3,4.6267614088715465,0.7188630632313976,1,1,1.0
three_table_joins,Q144,455,573.6893,568.2647,581.2292,3,OK,,"SELECT l.L_SHIPMODE, AVG(l.L_QUANTITY)    AS avg_qty, COUNT(l.L_LINENUMBER) AS line_count FROM   LINEITEM l JOIN   ORDER",10.0,5.0,0.0,1.0,0.0,1.0,3.0,3.0,1.0,0.0,1.6666666666666667,148470.0,148465.0,49490.0,11.908144931958773,83.33333333333333,50.0,1.0,1.0,1.0,1.0,0.0,0.0,0.0,0.0,1.0,3,6.353829546930766,4.075839596344394,1,1,0.905929292929293
three_table_joins,Q145,456,5.826,5.7124,6.0031,3,OK,,"SELECT n.N_NAME        AS nation, COUNT(c.C_CUSTKEY) AS customer_count FROM   CUSTOMER c JOIN   NATION   n ON c.C_NATION",11.0,9.0,1.0,1.0,0.0,1.0,5.0,3.0,0.6,0.0,0.8,30409.0,14892.0,6081.8,10.32252678067141,82.0,10.0,1.0,1.0,1.0,1.0,0.0,1.0,1.0,0.0,3.0,3,1.9207388504845153,0.041391466580085134,1,1,0.9883333333333333
three_table_joins,Q146,457,190.2527,184.9593,195.2613,3,OK,,"SELECT o.O_ORDERKEY, c.C_NAME, n.N_NAME        AS nation, r.R_NAME        AS region, o.O_TOTALPRICE FROM   ORDERS   o JO",11.0,7.0,1.0,0.0,0.0,1.0,4.0,2.0,0.5,0.0,1.25,639.0,595.0,159.75,6.461468176353717,77.5,10.0,1.0,1.0,0.0,1.0,0.0,0.0,0.0,0.0,1.0,3,5.253595590254051,1.35167151970837,1,1,1.0
three_table_joins,Q147,458,36.2411,34.1862,40.0686,3,OK,,"SELECT s.S_NAME, p.P_NAME, ps.PS_AVAILQTY * ps.PS_SUPPLYCOST AS stock_value FROM   SUPPLIER s JOIN   PARTSUPP ps ON s.S_",11.0,5.0,1.0,0.0,0.0,1.0,3.0,2.0,0.6666666666666666,0.0,1.3333333333333333,82492.0,82490.0,27497.333333333332,11.320468720238088,100.0,100.0,1.0,0.0,0.0,0.0,0.0,0.0,0.0,0.0,1.0,3,3.6174129901036665,0.2574789357149886,1,1,1.0
three_table_joins,Q148,459,470.1239,466.2869,472.148,3,OK,,"SELECT n.N_NAME        AS nation, SUM(l.L_EXTENDEDPRICE * (1 - l.L_DISCOUNT)) AS net_revenue FROM   ORDERS   o JOIN   CU",11.0,5.0,1.0,0.0,0.0,1.0,4.0,3.0,0.75,0.0,1.5,638.0,595.0,159.5,6.459904454377535,100.0,100.0,1.0,1.0,1.0,0.0,0.0,0.0,0.0,0.0,1.0,3,6.155121116747747,3.340047664838532,1,1,1.0
three_table_joins,Q149,460,91.9468,91.6776,92.3904,3,OK,,"SELECT c.C_CUSTKEY, c.C_NAME, n.N_NAME        AS nation, COUNT(o.O_ORDERKEY) AS order_count FROM   CUSTOMER c JOIN   NAT",11.0,5.666666666666667,1.0,0.0,0.0,1.0,3.0,2.0,0.6666666666666666,0.0,1.3333333333333333,634.0,595.0,211.33333333333334,6.453624998892692,100.0,100.0,1.0,1.0,1.0,0.0,0.0,0.0,0.0,0.0,1.0,3,4.532027286463476,0.6532462923696828,1,1,1.0
three_table_joins,Q150,461,184.8222,184.0896,186.0123,3,OK,,"SELECT p.P_BRAND, SUM(l.L_EXTENDEDPRICE * (1 - l.L_DISCOUNT)) AS revenue FROM   ORDERS    o JOIN   LINEITEM  l  ON o.O_O",11.0,5.5,1.0,0.0,0.0,1.0,6.0,4.0,0.6666666666666666,0.0,1.5,644.0,595.0,107.33333333333333,6.4692503167957724,71.66666666666667,10.0,1.0,1.0,1.0,1.0,0.0,0.0,0.0,0.0,1.0,3,5.224790302557568,1.313089926975251,1,1,1.0
three_table_joins,Q151,462,1.0879,0.9627,1.3315,3,OK,,"SELECT o.O_ORDERKEY, o.O_ORDERDATE, c.C_NAME, n.N_NAME        AS nation, o.O_TOTALPRICE FROM   ORDERS   o JOIN   CUSTOME",10.0,4.666666666666667,0.0,1.0,0.0,1.0,3.0,3.0,1.0,0.0,1.3333333333333333,52.0,50.0,17.333333333333332,3.970291913552122,100.0,100.0,0.0,0.0,0.0,0.0,0.0,0.0,0.0,0.0,1.0,3,0.7361587761531929,0.007729106847317992,0,0,0.0075
three_table_joins,Q152,463,108.1808,106.6932,111.129,3,OK,,"SELECT p.P_NAME, s.S_NAME, n.N_NAME        AS nation, ps.PS_SUPPLYCOST FROM   PART     p JOIN   PARTSUPP ps ON p.P_PARTK",11.0,5.6,1.0,0.0,0.0,1.0,5.0,3.0,0.6,0.0,1.2,82498.0,82490.0,16499.6,11.320541451037188,66.0,10.0,1.0,1.0,0.0,1.0,0.0,0.0,0.0,0.0,1.0,3,4.693005223676098,0.768582555407977,1,1,1.0
three_table_joins,Q153,464,1643.6195,1640.1247,1648.4035,3,OK,,"SELECT o.O_ORDERKEY, c.C_NAME, n.N_NAME        AS nation, AVG(l.L_DISCOUNT) AS avg_discount FROM   ORDERS   o JOIN   CUS",11.0,5.0,1.0,0.0,0.0,1.0,4.0,3.0,0.75,0.0,1.5,638.0,595.0,159.5,6.459904454377535,100.0,100.0,1.0,1.0,1.0,0.0,0.0,0.0,0.0,0.0,1.0,3,7.4052643294530025,11.677277995988026,1,1,1.0
three_table_joins,Q154,465,99.6753,97.6222,103.5092,3,OK,,"SELECT s.S_NAME, n.N_NAME        AS nation, AVG(ps.PS_SUPPLYCOST) AS avg_cost FROM   SUPPLIER s JOIN   NATION   n  ON s.",11.0,8.75,1.0,0.0,0.0,1.0,4.0,1.0,0.25,0.0,0.75,82521.0,82490.0,20630.25,11.320820203440203,35.0,10.0,1.0,1.0,0.0,1.0,0.0,0.0,0.0,0.0,1.0,3,4.611900486618849,0.7081542823223412,1,1,1.0
three_table_joins,Q155,466,616.3424,601.9847,627.5457,3,OK,,"SELECT n.N_NAME        AS nation, YEAR(o.O_ORDERDATE) AS order_year, SUM(l.L_EXTENDEDPRICE * (1 - l.L_DISCOUNT)) AS reve",11.0,4.5,1.0,0.0,0.0,1.0,4.0,3.0,0.75,0.0,1.5,148471.0,148465.0,37117.75,11.90815166725814,100.0,100.0,1.0,1.0,0.0,0.0,0.0,0.0,0.0,0.0,1.0,3,6.425423813255219,4.378873300976564,1,1,1.0
three_table_joins,Q156,467,6.0424,5.2163,7.2944,3,OK,,"SELECT c.C_CUSTKEY, c.C_NAME, n.N_NAME        AS nation FROM   CUSTOMER c JOIN   NATION   n ON c.C_NATIONKEY = n.N_NATIO",11.0,7.0,1.0,0.0,0.0,1.0,4.0,2.0,0.5,0.0,1.25,639.0,595.0,159.75,6.461468176353717,57.5,10.0,0.0,0.0,1.0,1.0,0.0,0.0,0.0,0.0,1.0,3,1.9519490211645594,0.04292890450798256,1,1,1.0
three_table_joins,Q157,468,29.1969,26.0858,33.7066,3,OK,,"SELECT c.C_CUSTKEY, c.C_NAME, n.N_NAME        AS nation FROM   CUSTOMER c JOIN   NATION   n ON c.C_NATIONKEY = n.N_NATIO",11.0,7.0,1.0,0.0,0.0,1.0,4.0,2.0,0.5,0.0,1.5,639.0,595.0,159.75,6.461468176353717,45.0,10.0,0.0,0.0,0.0,1.0,0.0,0.0,0.0,0.0,1.0,3,3.4077392701054317,0.20743263140955848,1,1,1.0
three_table_joins,Q158,469,18.7661,16.5444,22.2171,3,OK,,"SELECT s.S_SUPPKEY, s.S_NAME, n.N_NAME        AS nation FROM   SUPPLIER s JOIN   NATION   n ON s.S_NATIONKEY = n.N_NATIO",11.0,6.333333333333333,1.0,0.0,1.0,1.0,6.0,4.0,0.6666666666666666,0.0,1.3333333333333333,8962.0,7952.0,1493.6666666666667,9.100860271357362,71.66666666666667,10.0,0.0,0.0,1.0,1.0,0.0,0.0,0.0,0.0,2.0,3,2.9839683491337476,0.13332584980922343,1,1,0.9773333333333332
three_table_joins,Q159,470,220.9241,213.3877,233.9787,3,OK,,"SELECT o.O_ORDERKEY, c.C_NAME, n.N_NAME        AS nation FROM   ORDERS   o JOIN   CUSTOMER c ON o.O_CUSTKEY    = c.C_CUS",11.0,6.0,1.0,0.0,0.0,1.0,5.0,3.0,0.6,0.0,1.4,595380.0,594745.0,119076.0,13.296956815734514,86.666,33.33,0.0,0.0,1.0,1.0,0.0,0.0,0.0,0.0,2.0,3,5.40233543152203,1.5695799007698914,1,1,1.0
three_table_joins,Q160,471,74.7781,70.9476,79.9001,3,OK,,"SELECT p.P_PARTKEY, p.P_NAME FROM   PART p WHERE  p.P_PARTKEY IN ( SELECT ps.PS_PARTKEY FROM   PARTSUPP ps JOIN   SUPPLI",10.0,4.666666666666667,0.0,1.0,0.0,1.0,3.0,3.0,1.0,0.0,1.3333333333333333,82492.0,82490.0,27497.333333333332,11.320468720238088,52.85,25.22,1.0,1.0,1.0,1.0,0.0,0.0,0.0,0.0,1.0,3,4.3278093326976155,0.5312693489653731,0,0,0.023925324675324676
three_table_joins,Q161,472,25.5161,24.9107,26.1773,3,OK,,"SELECT c.C_CUSTKEY, c.C_NAME, n.N_NAME        AS nation, r.R_NAME        AS region FROM   CUSTOMER c JOIN   NATION   n O",11.0,7.0,1.0,0.0,0.0,1.0,4.0,2.0,0.5,0.0,1.0,639.0,595.0,159.75,6.461468176353717,77.5,10.0,0.0,0.0,1.0,1.0,0.0,0.0,0.0,0.0,1.0,3,3.2777520956799235,0.1812819774123087,1,1,1.0
three_table_joins,Q162,473,756.0734,753.8785,757.3958,3,OK,,"SELECT DISTINCT o.O_ORDERKEY, o.O_TOTALPRICE FROM   ORDERS o WHERE  o.O_ORDERKEY IN ( SELECT l.L_ORDERKEY FROM   LINEITE",11.0,6.333333333333333,1.0,1.0,0.0,1.0,6.0,4.0,0.6666666666666666,0.0,1.1666666666666667,743218.0,594745.0,123869.66666666667,13.518746031278774,71.66666666666667,10.0,1.0,1.0,1.0,1.0,0.0,0.0,0.0,0.0,2.0,3,6.629460210427853,5.37160777002941,1,1,1.0
three_table_joins,Q163,474,12.4552,12.3051,12.7261,3,OK,,"SELECT s.S_SUPPKEY, s.S_NAME, n.N_NAME        AS nation FROM   SUPPLIER s JOIN   NATION   n ON s.S_NATIONKEY = n.N_NATIO",11.0,6.5,1.0,0.0,0.0,1.0,4.0,2.0,0.5,0.0,0.5,83492.0,82490.0,20873.0,11.33251807498949,100.0,100.0,1.0,0.0,0.0,1.0,0.0,0.0,0.0,0.0,2.0,3,2.599365648431086,0.08848935711436258,1,1,1.0
three_table_joins,Q164,475,5.7513,5.6645,5.8873,3,OK,,"SELECT c.C_CUSTKEY, c.C_NAME, c.C_NATIONKEY FROM   CUSTOMER c WHERE  c.C_NATIONKEY IN ( SELECT s.S_NATIONKEY FROM   SUPP",11.0,11.0,1.0,0.0,0.0,0.0,2.0,0.0,0.0,1.0,0.0,15892.0,14892.0,7946.0,9.67363403969682,100.0,100.0,1.0,1.0,0.0,1.0,0.0,1.0,0.0,0.0,2.0,3,1.9097350789334584,0.04086075210127766,1,1,1.0
three_table_joins,Q165,476,220.8483,215.8135,228.9975,3,OK,,"SELECT DISTINCT p.P_PARTKEY, p.P_NAME, p.P_BRAND FROM   PART p WHERE  p.P_PARTKEY IN ( SELECT l.L_PARTKEY FROM   LINEITE",11.0,5.5,1.0,0.0,0.0,1.0,6.0,4.0,0.6666666666666666,0.0,1.5,644.0,595.0,107.33333333333333,6.4692503167957724,71.66666666666667,10.0,1.0,1.0,1.0,1.0,0.0,0.0,0.0,0.0,1.0,3,5.40199381496031,1.5690413712184375,1,1,1.0
three_table_joins,Q166,477,18.3567,18.1777,18.6191,3,OK,,SELECT DISTINCT n.N_NAME   AS nation FROM   CUSTOMER c JOIN   NATION   n ON c.C_NATIONKEY = n.N_NATIONKEY JOIN   ORDERS ,11.0,5.666666666666667,1.0,0.0,0.0,1.0,3.0,2.0,0.6666666666666666,0.0,1.3333333333333333,634.0,595.0,211.33333333333334,6.453624998892692,100.0,100.0,1.0,1.0,1.0,0.0,0.0,0.0,0.0,0.0,1.0,3,2.9630386127739494,0.1304172218624526,1,1,1.0
three_table_joins,Q167,478,121.7918,118.1697,128.7651,3,OK,,SELECT DISTINCT r.R_NAME   AS region FROM   ORDERS   o JOIN   CUSTOMER c ON o.O_CUSTKEY    = c.C_CUSTKEY JOIN   NATION  ,11.0,7.0,1.0,0.0,0.0,1.0,4.0,2.0,0.5,0.0,1.5,639.0,595.0,159.75,6.461468176353717,64.77,10.0,0.0,1.0,1.0,1.0,0.0,0.0,0.0,0.0,1.0,3,4.8104902382391765,0.8652834224902871,1,1,1.0
three_table_joins,Q168,479,161.2279,158.3487,166.138,3,OK,,SELECT DISTINCT p.P_BRAND FROM   LINEITEM  l JOIN   ORDERS    o  ON l.L_ORDERKEY   = o.O_ORDERKEY JOIN   CUSTOMER  c  ON,11.0,5.5,1.0,0.0,0.0,1.0,6.0,4.0,0.6666666666666666,0.0,1.5,644.0,595.0,107.33333333333333,6.4692503167957724,71.66666666666667,10.0,1.0,1.0,1.0,1.0,0.0,0.0,0.0,0.0,1.0,3,5.089002136753677,1.1454615919374027,1,1,1.0
three_table_joins,Q169,480,878.5759,873.5589,888.5062,3,OK,,"SELECT DISTINCT sn.N_NAME  AS supplier_nation, cn.N_NAME            AS customer_nation FROM   ORDERS    o JOIN   CUSTOME",11.0,3.6666666666666665,1.0,0.0,0.0,1.0,6.0,5.0,0.8333333333333334,0.0,1.5,148473.0,148465.0,24745.5,11.908165137720784,91.66666666666667,50.0,1.0,1.0,0.0,1.0,0.0,0.0,0.0,0.0,1.0,3,6.779439859487607,6.24194043991044,1,1,1.0
three_table_joins,Q170,481,165.0751,163.1525,166.7199,3,OK,,SELECT DISTINCT p.P_CONTAINER FROM   LINEITEM  l JOIN   ORDERS    o  ON l.L_ORDERKEY   = o.O_ORDERKEY JOIN   CUSTOMER  c,11.0,5.5,1.0,0.0,0.0,1.0,6.0,4.0,0.6666666666666666,0.0,1.5,644.0,595.0,107.33333333333333,6.4692503167957724,71.66666666666667,10.0,1.0,1.0,1.0,1.0,0.0,0.0,0.0,0.0,1.0,3,5.112440095688712,1.1727944532877121,1,1,1.0
three_table_joins,Q171,482,224.906,222.5675,229.3003,3,OK,,SELECT DISTINCT c.C_MKTSEGMENT FROM   ORDERS   o JOIN   CUSTOMER c ON o.O_CUSTKEY  = c.C_CUSTKEY JOIN   LINEITEM l ON o.,9.0,4.0,0.0,0.0,1.0,1.0,4.0,4.0,1.0,0.0,1.75,3976.0,3945.0,994.0,8.28828304520769,100.0,100.0,1.0,1.0,1.0,1.0,0.0,0.0,0.0,0.0,1.0,3,5.420118983546202,1.5978697532888135,0,0,0.03017857142857143
three_table_joins,Q172,483,140.8231,139.615,141.9436,3,OK,,"SELECT DISTINCT r.R_NAME  AS region, p.P_BRAND FROM   PART     p JOIN   PARTSUPP ps ON p.P_PARTKEY   = ps.PS_PARTKEY JOI",11.0,4.0,1.0,0.0,0.0,1.0,5.0,4.0,0.8,0.0,1.2,19925.0,19919.0,3985.0,9.899780690604802,86.666,33.33,1.0,1.0,0.0,1.0,0.0,0.0,0.0,0.0,1.0,3,4.954580506331072,1.0004934152684497,1,1,1.0
three_table_joins,Q173,484,94.3755,91.594,99.3843,3,OK,,SELECT DISTINCT l.L_SHIPMODE FROM   LINEITEM l JOIN   ORDERS   o ON l.L_ORDERKEY = o.O_ORDERKEY JOIN   CUSTOMER c ON o.O,10.0,5.0,0.0,1.0,0.0,1.0,3.0,3.0,1.0,0.0,1.3333333333333333,148470.0,148465.0,49490.0,11.908144931958773,77.77666666666666,33.33,1.0,1.0,1.0,1.0,0.0,0.0,0.0,0.0,1.0,3,4.557821732054838,0.6705012623118477,0,0,0.03999792038027332
three_table_joins,Q174,485,190.4936,189.0608,191.8306,3,OK,,"SELECT r.R_NAME        AS region, YEAR(o.O_ORDERDATE) AS order_year, SUM(o.O_TOTALPRICE) AS revenue FROM   ORDERS   o JO",11.0,7.0,1.0,0.0,0.0,1.0,4.0,2.0,0.5,0.0,1.5,639.0,595.0,159.75,6.461468176353717,65.0,10.0,1.0,1.0,1.0,1.0,0.0,0.0,0.0,0.0,1.0,3,5.254854387696692,1.3533830206179378,1,1,1.0
three_table_joins,Q175,486,409.0573,402.5923,417.9305,3,OK,,"SELECT MONTH(l.L_SHIPDATE)   AS ship_month, SUM(l.L_EXTENDEDPRICE * (1 - l.L_DISCOUNT)) AS revenue FROM   LINEITEM l JOI",10.0,5.0,0.0,1.0,0.0,1.0,3.0,3.0,1.0,0.0,1.6666666666666667,148470.0,148465.0,49490.0,11.908144931958773,100.0,100.0,1.0,1.0,1.0,1.0,0.0,0.0,0.0,0.0,1.0,3,6.016296906030941,2.9061931964108925,0,0,0.05192929292929293
three_table_joins,Q176,487,384.5325,383.9007,384.9917,3,OK,,"SELECT n.N_NAME        AS nation, COUNT(DISTINCT o.O_ORDERKEY) AS late_orders FROM   ORDERS   o JOIN   CUSTOMER c ON o.O",11.0,5.0,1.0,0.0,0.0,1.0,4.0,3.0,0.75,0.0,1.5,638.0,595.0,159.5,6.459904454377535,83.3325,33.33,1.0,1.0,1.0,1.0,0.0,0.0,0.0,0.0,1.0,3,5.9546254955458044,2.7319540203753157,1,1,1.0
three_table_joins,Q177,488,6.6519,6.0747,7.7307,3,OK,,"SELECT o.O_ORDERKEY, c.C_NAME, n.N_NAME        AS nation, o.O_TOTALPRICE FROM   ORDERS   o JOIN   CUSTOMER c ON o.O_CUST",9.0,4.333333333333333,0.0,0.0,1.0,1.0,3.0,3.0,1.0,0.0,1.6666666666666667,74234.0,74232.0,24744.666666666668,11.214991016054096,100.0,100.0,0.0,0.0,1.0,1.0,0.0,0.0,0.0,0.0,1.0,3,2.034953983013784,0.04725916521525375,0,0,0.033416666666666664
three_table_joins,Q178,489,881.5824,875.0517,894.1938,3,OK,,"SELECT n.N_NAME        AS supplier_nation, p.P_BRAND, SUM(l.L_QUANTITY) AS total_qty FROM   LINEITEM l JOIN   PART     p",11.0,4.5,1.0,0.0,0.0,1.0,4.0,3.0,0.75,0.0,1.0,19950.0,19919.0,4987.5,9.901034546375062,100.0,100.0,1.0,1.0,0.0,1.0,0.0,0.0,0.0,0.0,1.0,3,6.782852155553457,6.263300454375429,1,1,1.0
three_table_joins,Q179,490,227.0711,224.9851,229.5848,3,OK,,"SELECT n.N_NAME        AS nation, SUM(CASE WHEN YEAR(o.O_ORDERDATE) = 1995 THEN o.O_TOTALPRICE ELSE 0 END) AS revenue_19",11.0,5.0,1.0,0.0,0.0,1.0,3.0,2.0,0.6666666666666666,0.0,1.3333333333333333,148467.0,148465.0,49489.0,11.90812472578848,100.0,100.0,1.0,1.0,0.0,0.0,0.0,0.0,0.0,0.0,1.0,3,5.429657422447061,1.6132519476404343,1,1,1.0
three_table_joins,Q180,491,387.0564,386.0586,388.7491,3,OK,,"SELECT o.O_ORDERKEY, c.C_NAME, l.L_SHIPDATE, o.O_ORDERDATE FROM   ORDERS   o JOIN   CUSTOMER c ON o.O_CUSTKEY  = c.C_CUS",11.0,5.333333333333333,1.0,0.0,0.0,1.0,3.0,2.0,0.6666666666666666,0.0,1.3333333333333333,148470.0,148465.0,49490.0,11.908144931958773,100.0,100.0,1.0,1.0,0.0,1.0,0.0,0.0,0.0,0.0,1.0,3,5.961150689884155,2.7498853493319713,1,1,0.9966666666666666
three_table_joins,Q181,492,840.8458,831.2598,850.9569,3,OK,,"SELECT n.N_NAME        AS supplier_nation, AVG(DATEDIFF(l.L_RECEIPTDATE, l.L_SHIPDATE)) AS avg_transit_days FROM   LINEI",10.0,4.25,0.0,1.0,0.0,1.0,4.0,4.0,1.0,0.0,1.25,148471.0,148465.0,37117.75,11.90815166725814,87.5,50.0,1.0,1.0,1.0,1.0,0.0,0.0,0.0,0.0,1.0,3,6.73559686207907,5.973882737676786,1,1,0.9974848484848485
three_table_joins,Q182,493,162.1101,159.9964,163.8477,3,OK,,"SELECT r.R_NAME        AS region, MONTH(o.O_ORDERDATE) AS peak_month, COUNT(o.O_ORDERKEY)  AS order_count FROM   ORDERS ",11.0,7.0,1.0,0.0,0.0,1.0,4.0,2.0,0.5,0.0,1.25,639.0,595.0,159.75,6.461468176353717,77.5,10.0,1.0,1.0,1.0,1.0,0.0,0.0,0.0,0.0,1.0,3,5.094425432908946,1.1517292801998384,1,1,1.0
three_table_joins,Q183,494,1011.1513,1009.3869,1013.834,3,OK,,"SELECT r.R_NAME            AS region, YEAR(l.L_SHIPDATE)  AS ship_year, COUNT(CASE WHEN l.L_RECEIPTDATE > l.L_COMMITDATE",11.0,4.25,1.0,0.0,0.0,1.0,4.0,3.0,0.75,0.0,0.75,594748.0,594745.0,148687.0,13.29589474678506,100.0,100.0,1.0,1.0,0.0,0.0,0.0,0.0,0.0,0.0,1.0,3,6.919833344601367,7.183837150937117,1,1,1.0
three_table_joins,Q184,495,233.5463,231.6338,236.3862,3,OK,,"SELECT n.N_NAME        AS nation, SUM(l.L_EXTENDEDPRICE * (1 - l.L_DISCOUNT)) AS revenue FROM   ORDERS   o JOIN   CUSTOM",11.0,4.75,1.0,0.0,0.0,1.0,4.0,3.0,0.75,0.0,1.75,14911.0,14892.0,3727.75,9.609921536925372,70.8325,33.33,1.0,1.0,0.0,1.0,0.0,0.0,0.0,0.0,1.0,3,5.457653009761959,1.6592557280042117,1,1,0.995
three_table_joins,Q185,496,1026.4382,1019.6895,1033.8103,3,OK,,"SELECT s.S_SUPPKEY, s.S_NAME, n.N_NAME        AS nation, SUM(l.L_EXTENDEDPRICE * (1 - l.L_DISCOUNT)) AS revenue FROM   L",11.0,5.2,1.0,0.0,1.0,1.0,5.0,4.0,0.8,0.0,1.2,297380.0,297372.0,59476.0,12.602769423946482,52.666,10.0,1.0,1.0,1.0,1.0,0.0,0.0,0.0,0.0,1.0,3,6.934823798576146,7.292444636426836,1,1,1.0
three_table_joins,Q186,497,354.932,348.2431,366.2939,3,OK,,"SELECT p.P_BRAND, p.P_TYPE, SUM(l.L_EXTENDEDPRICE - ps.PS_SUPPLYCOST) AS total_margin FROM   LINEITEM  l JOIN   PART    ",11.0,5.0,1.0,0.0,0.0,1.0,7.0,5.0,0.7142857142857143,0.0,1.7142857142857142,645.0,595.0,92.14285714285714,6.470799503782602,68.57142857142857,10.0,1.0,1.0,1.0,1.0,0.0,0.0,0.0,0.0,1.0,3,5.874739701371106,2.5216539677656673,1,1,0.995
three_table_joins,Q187,498,234.2498,231.6588,237.8057,3,OK,,"SELECT c.C_MKTSEGMENT, YEAR(o.O_ORDERDATE) AS yr, SUM(l.L_EXTENDEDPRICE * (1 - l.L_DISCOUNT)) AS revenue, COUNT(DISTINCT",11.0,5.333333333333333,1.0,0.0,0.0,1.0,3.0,2.0,0.6666666666666666,0.0,1.6666666666666667,148470.0,148465.0,49490.0,11.908144931958773,61.10999999999999,33.33,1.0,1.0,0.0,1.0,0.0,0.0,0.0,0.0,1.0,3,5.460647928305723,1.6642538221921777,1,1,0.9916666666666666
three_table_joins,Q188,499,715.9939,710.353,721.9214,3,OK,,"SELECT n.N_NAME        AS nation, SUM(CASE WHEN YEAR(o.O_ORDERDATE) = 1995 THEN l.L_EXTENDEDPRICE*(1-l.L_DISCOUNT) ELSE ",11.0,4.5,1.0,0.0,0.0,1.0,4.0,3.0,0.75,0.0,1.5,148471.0,148465.0,37117.75,11.90815166725814,100.0,100.0,1.0,1.0,0.0,0.0,0.0,0.0,0.0,0.0,1.0,3,6.575067332892579,5.086858493545283,1,1,1.0
three_table_joins,Q189,500,161.8127,153.2623,176.5437,3,OK,,"SELECT s.S_NAME, n.N_NAME        AS nation, r.R_NAME        AS region, AVG(ps.PS_SUPPLYCOST) AS avg_cost, SUM(ps.PS_AVAI",11.0,4.25,1.0,0.0,0.0,1.0,4.0,3.0,0.75,0.0,0.75,82493.0,82490.0,20623.25,11.320480842405289,83.3325,33.33,1.0,1.0,0.0,1.0,0.0,0.0,0.0,0.0,1.0,3,5.092600460353841,1.1496163687407042,1,1,1.0
three_table_joins,Q190,501,1077.0269,1069.688,1085.8515,3,OK,,"SELECT p.P_BRAND, COUNT(DISTINCT r.R_REGIONKEY) AS region_count, SUM(l.L_QUANTITY)             AS total_qty FROM   LINEI",11.0,5.333333333333333,1.0,1.0,0.0,1.0,6.0,5.0,0.8333333333333334,0.0,1.5,644.0,595.0,107.33333333333333,6.4692503167957724,85.0,10.0,1.0,1.0,1.0,1.0,0.0,0.0,0.0,0.0,1.0,3,6.9828877047754165,7.651857696052643,1,1,0.9978571428571428
three_table_joins,Q191,502,1190.3675,1184.3672,1194.8213,3,OK,,"SELECT r.R_NAME        AS supplier_region, p.P_TYPE, AVG(l.L_EXTENDEDPRICE - ps.PS_SUPPLYCOST) AS avg_margin FROM   LINE",11.0,3.5,1.0,0.0,0.0,1.0,6.0,5.0,0.8333333333333334,0.0,1.1666666666666667,594750.0,594745.0,99125.0,13.295898109542522,88.88833333333332,33.33,1.0,1.0,0.0,1.0,0.0,0.0,0.0,0.0,1.0,3,7.082857085990886,8.457098625861569,1,1,1.0
three_table_joins,Q192,503,513.2371,510.9149,517.8505,3,OK,,"SELECT r.R_NAME        AS customer_region, l.L_SHIPMODE, SUM(l.L_EXTENDEDPRICE * (1 - l.L_DISCOUNT)) AS revenue FROM   O",11.0,6.2,1.0,0.0,0.0,1.0,5.0,3.0,0.6,0.0,1.6,643.0,595.0,128.6,6.467698726104354,72.0,10.0,1.0,1.0,1.0,1.0,0.0,0.0,0.0,0.0,1.0,3,6.242684443143078,3.6463502012203595,1,1,1.0
three_table_joins,Q193,504,488.2239,483.6622,491.991,3,OK,,"SELECT c.C_MKTSEGMENT, AVG(o.O_TOTALPRICE)   AS avg_order_value, COUNT(DISTINCT o.O_ORDERKEY) AS order_count FROM   ORDE",11.0,5.333333333333333,1.0,0.0,0.0,1.0,3.0,2.0,0.6666666666666666,0.0,1.3333333333333333,148470.0,148465.0,49490.0,11.908144931958773,77.77666666666666,33.33,1.0,1.0,0.0,1.0,0.0,0.0,0.0,0.0,1.0,3,6.192820257893554,3.468641132929768,1,1,1.0
three_table_joins,Q194,505,3422.906,3421.3154,3425.3037,3,OK,,"SELECT a.C_NAME        AS customer_a, b.C_NAME        AS customer_b, n.N_NAME        AS nation, a.C_ACCTBAL     AS balan",11.0,5.666666666666667,1.0,0.0,0.0,1.0,3.0,2.0,0.6666666666666666,0.0,1.6666666666666667,1215.0,595.0,405.0,7.103322062526113,77.77666666666666,33.33,1.0,1.0,1.0,1.0,0.0,0.0,0.0,0.0,1.0,3,8.138537283613756,24.318417319906093,1,1,1.0
three_table_joins,Q195,506,0.9325,0.826,1.105,3,OK,,"SELECT c.C_NAME, n.N_NAME        AS nation, o.O_ORDERKEY, CASE WHEN o.O_TOTALPRICE < 30000  THEN 'SMALL' WHEN o.O_TOTALP",10.0,4.666666666666667,0.0,1.0,0.0,1.0,3.0,3.0,1.0,0.0,1.3333333333333333,52.0,50.0,17.333333333333332,3.970291913552122,100.0,100.0,0.0,0.0,0.0,0.0,0.0,0.0,0.0,0.0,1.0,3,0.65881450147944,0.006625050220722518,0,0,0.0075
three_table_joins,Q196,507,196.0023,194.6528,198.6222,3,OK,,"SELECT r.R_NAME        AS region, SUM(CASE WHEN o.O_TOTALPRICE < 30000  THEN 1 ELSE 0 END) AS small_orders, SUM(CASE WHE",11.0,7.0,1.0,0.0,0.0,1.0,4.0,2.0,0.5,0.0,1.25,639.0,595.0,159.75,6.461468176353717,77.5,10.0,1.0,1.0,1.0,1.0,0.0,0.0,0.0,0.0,1.0,3,5.2832154037967385,1.392520193970103,1,1,1.0
three_table_joins,Q197,508,1641.1601,1633.2813,1653.5362,3,OK,,"SELECT s.S_SUPPKEY, s.S_NAME, n.N_NAME        AS nation, SUM(l.L_EXTENDEDPRICE * (1 - l.L_DISCOUNT)) AS revenue FROM   L",11.0,5.166666666666667,1.0,0.0,0.0,1.0,6.0,4.0,0.6666666666666666,0.0,0.6666666666666666,1248967.0,594745.0,208161.16666666666,14.037828168283108,100.0,100.0,1.0,1.0,0.0,0.0,0.0,1.0,1.0,0.0,3.0,3,7.403767788304328,11.659804914472911,1,1,1.0
three_table_joins,Q198,509,1533.6388,1336.4527,1914.3342,3,OK,,"SELECT p.P_PARTKEY, p.P_NAME, SUM(CASE WHEN YEAR(l.L_SHIPDATE) = 1995 THEN l.L_QUANTITY ELSE 0 END) AS qty_1995, SUM(CAS",10.0,5.0,0.0,1.0,0.0,1.0,3.0,3.0,1.0,0.0,1.3333333333333333,148470.0,148465.0,49490.0,11.908144931958773,100.0,100.0,1.0,1.0,1.0,0.0,0.0,0.0,0.0,0.0,1.0,3,7.3360503228854315,10.895907850347042,1,1,0.992773830744419
three_table_joins,Q199,510,68.2765,66.7112,70.6326,3,OK,,"SELECT c.C_CUSTKEY, c.C_NAME, n.N_NAME        AS nation FROM   CUSTOMER c JOIN   NATION   n ON c.C_NATIONKEY = n.N_NATIO",11.0,6.666666666666667,1.0,0.0,0.0,1.0,6.0,3.0,0.5,0.0,1.1666666666666667,297552.0,148465.0,49592.0,12.603347639361274,100.0,100.0,1.0,1.0,0.0,1.0,0.0,0.0,0.0,0.0,2.0,3,4.2381057433475355,0.4850780068580815,1,1,1.0
three_table_joins,Q200,511,2627.8761,2559.0488,2686.307,3,OK,,"SELECT cr.R_NAME       AS customer_region, sr.R_NAME       AS supplier_region, COUNT(DISTINCT o.O_ORDERKEY)             ",11.0,4.333333333333333,1.0,0.0,0.0,1.0,9.0,7.0,0.7777777777777778,0.0,1.4444444444444444,647.0,595.0,71.88888888888889,6.473890696352274,90.0,10.0,1.0,1.0,1.0,1.0,0.0,0.0,0.0,0.0,1.0,3,7.874311695433692,18.67003875210341,1,1,1.0
aggregation,Q001,512,10.4085,10.007,10.9563,3,OK,,SELECT COUNT(*) AS total_orders FROM orders,10.0,10.0,0.0,1.0,0.0,0.0,1.0,1.0,1.0,0.0,0.0,148465.0,148465.0,148465.0,11.908111254781456,100.0,100.0,0.0,0.0,1.0,0.0,0.0,0.0,0.0,0.0,1.0,0,2.434358691603488,0.07394834876395746,0,0,0.007797619047619046
aggregation,Q002,513,123.7713,123.1796,124.5784,3,OK,,SELECT SUM(l_extendedprice * (1 - l_discount)) AS total_revenue FROM lineitem,11.0,11.0,1.0,0.0,0.0,0.0,1.0,0.0,0.0,1.0,0.0,594745.0,594745.0,594745.0,13.295889702627665,100.0,100.0,0.0,0.0,0.0,0.0,0.0,0.0,0.0,0.0,1.0,0,4.826482461539926,0.8793470009481105,1,1,1.0
aggregation,Q003,514,2.1869,2.076,2.4033,3,OK,,SELECT AVG(c_acctbal) AS avg_account_balance FROM customer,11.0,11.0,1.0,0.0,0.0,0.0,1.0,0.0,0.0,1.0,0.0,14892.0,14892.0,14892.0,9.608646582885868,100.0,100.0,0.0,0.0,0.0,0.0,0.0,0.0,0.0,0.0,1.0,0,1.1590486574719403,0.015537074882249946,1,1,1.0
aggregation,Q004,515,3.9993,3.5651,4.6658,3,OK,,"SELECT MIN(p_retailprice) AS min_price, MAX(p_retailprice) AS max_price FROM part",11.0,11.0,1.0,0.0,0.0,0.0,1.0,0.0,0.0,1.0,0.0,19919.0,19919.0,19919.0,9.899479531138589,100.0,100.0,0.0,0.0,0.0,0.0,0.0,0.0,0.0,0.0,1.0,0,1.6092979026331855,0.028413472758965753,1,1,1.0
aggregation,Q005,516,81.8361,81.0433,82.8632,3,OK,,SELECT SUM(l_quantity) AS total_quantity FROM lineitem,11.0,11.0,1.0,0.0,0.0,0.0,1.0,0.0,0.0,1.0,0.0,594745.0,594745.0,594745.0,13.295889702627665,100.0,100.0,0.0,0.0,0.0,0.0,0.0,0.0,0.0,0.0,1.0,0,4.4168639567132075,0.5814136969094585,1,1,1.0
aggregation,Q006,517,5.3667,5.177,5.5742,3,OK,,SELECT COUNT(DISTINCT o_custkey) AS distinct_customers FROM orders,9.0,9.0,0.0,0.0,1.0,0.0,1.0,1.0,1.0,0.0,1.0,10032.0,10032.0,10032.0,9.213634938925614,100.0,100.0,0.0,0.0,1.0,0.0,0.0,0.0,0.0,0.0,1.0,0,1.851081281972863,0.038128318519626316,0,0,0.0022500000000000003
aggregation,Q007,518,83.1289,82.5004,84.0269,3,OK,,SELECT AVG(l_discount) AS avg_discount FROM lineitem,11.0,11.0,1.0,0.0,0.0,0.0,1.0,0.0,0.0,1.0,0.0,594745.0,594745.0,594745.0,13.295889702627665,100.0,100.0,0.0,0.0,0.0,0.0,0.0,0.0,0.0,0.0,1.0,0,4.432350146474272,0.5905985386524613,1,1,1.0
aggregation,Q008,519,0.6356,0.5476,0.803,3,OK,,SELECT COUNT(*) AS total_suppliers FROM supplier,10.0,10.0,0.0,1.0,0.0,0.0,1.0,1.0,1.0,0.0,0.0,1000.0,1000.0,1000.0,6.90875477931522,100.0,100.0,0.0,0.0,1.0,0.0,0.0,0.0,0.0,0.0,1.0,0,0.4920097095083502,0.0045156910673364425,0,0,0.0025476190476190473
aggregation,Q009,520,8.7965,8.6677,8.9398,3,OK,,SELECT SUM(ps_availqty) AS total_available_qty FROM partsupp,11.0,11.0,1.0,0.0,0.0,0.0,1.0,0.0,0.0,1.0,0.0,82490.0,82490.0,82490.0,11.320444475462835,100.0,100.0,0.0,0.0,0.0,0.0,0.0,0.0,0.0,0.0,1.0,0,2.2820251790286843,0.06249571503119102,1,1,1.0
aggregation,Q010,521,9.822,9.7329,9.9567,3,OK,,SELECT AVG(ps_supplycost) AS avg_supply_cost FROM partsupp,11.0,11.0,1.0,0.0,0.0,0.0,1.0,0.0,0.0,1.0,0.0,82490.0,82490.0,82490.0,11.320444475462835,100.0,100.0,0.0,0.0,0.0,0.0,0.0,0.0,0.0,0.0,1.0,0,2.3815810992205435,0.06978149412111159,1,1,1.0
aggregation,Q011,522,0.3208,0.1822,0.4681,3,OK,,"SELECT MIN(o_totalprice) AS min_order_price, MAX(o_totalprice) AS max_order_price FROM orders",11.0,11.0,1.0,0.0,0.0,0.0,1.0,0.0,0.0,1.0,0.0,0.0,0.0,0.0,0.0,100.0,100.0,0.0,0.0,0.0,0.0,0.0,0.0,0.0,0.0,1.0,0,0.2782376136237812,0.002279159368158481,1,1,0.97
aggregation,Q012,523,84.9213,84.3603,85.7371,3,OK,,SELECT COUNT(*) AS high_discount_items FROM lineitem WHERE l_discount > 0.05,11.0,11.0,1.0,0.0,0.0,0.0,1.0,0.0,0.0,1.0,0.0,594745.0,594745.0,594745.0,13.295889702627665,33.33,33.33,0.0,0.0,0.0,1.0,0.0,0.0,0.0,0.0,1.0,0,4.4534317609999095,0.603332844299242,1,1,1.0
aggregation,Q013,524,81.2728,81.2044,81.3364,3,OK,,SELECT SUM(l_extendedprice) AS total_gross_revenue FROM lineitem,11.0,11.0,1.0,0.0,0.0,0.0,1.0,0.0,0.0,1.0,0.0,594745.0,594745.0,594745.0,13.295889702627665,100.0,100.0,0.0,0.0,0.0,0.0,0.0,0.0,0.0,0.0,1.0,0,4.410040554879066,0.5774116692533373,1,1,1.0
aggregation,Q014,525,82.318,82.2643,82.3657,3,OK,,SELECT AVG(l_quantity) AS avg_quantity FROM lineitem,11.0,11.0,1.0,0.0,0.0,0.0,1.0,0.0,0.0,1.0,0.0,594745.0,594745.0,594745.0,13.295889702627665,100.0,100.0,0.0,0.0,0.0,0.0,0.0,0.0,0.0,0.0,1.0,0,4.42266461226406,0.5848374091897439,1,1,1.0
aggregation,Q015,526,3.4112,3.3495,3.5022,3,OK,,SELECT COUNT(*) AS total_parts FROM part WHERE p_container LIKE '%BOX%',11.0,11.0,1.0,0.0,0.0,0.0,1.0,0.0,0.0,1.0,0.0,19919.0,19919.0,19919.0,9.899479531138589,11.11,11.11,0.0,0.0,0.0,1.0,0.0,0.0,0.0,0.0,1.0,0,1.4841467612873953,0.024235250737725096,1,1,1.0
aggregation,Q016,527,112.816,112.2308,113.1408,3,OK,,SELECT SUM(l_extendedprice * l_tax) AS total_tax FROM lineitem,11.0,11.0,1.0,0.0,0.0,0.0,1.0,0.0,0.0,1.0,0.0,594745.0,594745.0,594745.0,13.295889702627665,100.0,100.0,0.0,0.0,0.0,0.0,0.0,0.0,0.0,0.0,1.0,0,4.734583109348866,0.8015138506177283,1,1,1.0
aggregation,Q017,528,2.2036,2.1202,2.3562,3,OK,,SELECT COUNT(*) AS customers_positive_balance FROM customer WHERE c_acctbal > 0,11.0,11.0,1.0,0.0,0.0,0.0,1.0,0.0,0.0,1.0,0.0,14892.0,14892.0,14892.0,9.608646582885868,33.33,33.33,0.0,0.0,0.0,1.0,0.0,0.0,0.0,0.0,1.0,0,1.16427517746739,0.015655721894245727,1,1,1.0
aggregation,Q018,529,15.996,15.3316,16.8722,3,OK,,SELECT AVG(o_totalprice) AS avg_order_total FROM orders,10.0,10.0,0.0,1.0,0.0,0.0,1.0,1.0,1.0,0.0,0.0,148465.0,148465.0,148465.0,11.908111254781456,100.0,100.0,0.0,0.0,1.0,0.0,0.0,0.0,0.0,0.0,1.0,0,2.8329780222525653,0.11364536550206691,0,0,0.007797619047619046
aggregation,Q019,530,1.5722,1.4415,1.711,3,OK,,SELECT COUNT(*) AS total_parts FROM part,10.0,10.0,0.0,1.0,0.0,0.0,1.0,1.0,1.0,0.0,0.0,19919.0,19919.0,19919.0,9.899479531138589,100.0,100.0,0.0,0.0,1.0,0.0,0.0,0.0,0.0,0.0,1.0,0,0.9447615638498493,0.01116987019519565,0,0,0.00588095238095238
aggregation,Q020,531,2.6071,2.5312,2.6514,3,OK,,"SELECT MIN(c_acctbal) AS min_balance, MAX(c_acctbal) AS max_balance FROM customer",11.0,11.0,1.0,0.0,0.0,0.0,1.0,0.0,0.0,1.0,0.0,14892.0,14892.0,14892.0,9.608646582885868,100.0,100.0,0.0,0.0,0.0,0.0,0.0,0.0,0.0,0.0,1.0,0,1.2829041254073548,0.01852243263318571,1,1,1.0
aggregation,Q021,532,32.1499,30.3315,35.5473,3,OK,,"SELECT o_orderstatus, COUNT(*) AS order_count FROM orders GROUP BY o_orderstatus",11.0,11.0,1.0,0.0,0.0,0.0,1.0,0.0,0.0,1.0,0.0,148465.0,148465.0,148465.0,11.908111254781456,100.0,100.0,0.0,1.0,0.0,0.0,0.0,0.0,0.0,0.0,1.0,0,3.5010397000360696,0.2284125491594712,1,1,1.0
aggregation,Q022,533,133.3169,132.7558,133.6601,3,OK,,SELECT SUM(l_extendedprice * (1 - l_discount)) AS shipped_revenue FROM lineitem WHERE l_shipinstruct = 'DELIVER IN PERSO,11.0,11.0,1.0,0.0,0.0,0.0,1.0,0.0,0.0,1.0,0.0,594745.0,594745.0,594745.0,13.295889702627665,10.0,10.0,0.0,0.0,0.0,1.0,0.0,0.0,0.0,0.0,1.0,0,4.9002019332891384,0.9471647804515194,1,1,1.0
aggregation,Q023,534,0.3073,0.2554,0.4017,3,OK,,SELECT COUNT(DISTINCT n_nationkey) AS total_nations FROM nation,10.0,10.0,0.0,1.0,0.0,0.0,1.0,1.0,1.0,0.0,1.0,25.0,25.0,25.0,3.258096538021482,100.0,100.0,0.0,0.0,1.0,0.0,0.0,0.0,0.0,0.0,1.0,0,0.2679639415856773,0.002183247112952311,0,0,0.001
aggregation,Q024,535,2.5296,2.0145,2.819,3,OK,,SELECT AVG(p_size) AS avg_part_size FROM part,10.0,10.0,0.0,1.0,0.0,0.0,1.0,1.0,1.0,0.0,0.0,19919.0,19919.0,19919.0,9.899479531138589,100.0,100.0,0.0,0.0,1.0,0.0,0.0,0.0,0.0,0.0,1.0,0,1.2611845500770462,0.017971825242187326,0,0,0.00588095238095238
aggregation,Q025,536,41.0609,39.6661,43.1258,3,OK,,SELECT COUNT(*) AS total_lineitems FROM lineitem,10.0,10.0,0.0,1.0,0.0,0.0,1.0,1.0,1.0,0.0,0.0,594745.0,594745.0,594745.0,13.295889702627665,100.0,100.0,0.0,0.0,1.0,0.0,0.0,0.0,0.0,0.0,1.0,0,3.7391185680484726,0.29172174220704045,0,0,0.09551785714285715
aggregation,Q026,537,25.5607,25.3789,25.7658,3,OK,,SELECT SUM(o_totalprice) AS urgent_order_total FROM orders WHERE o_orderpriority = '1-URGENT',11.0,11.0,1.0,0.0,0.0,0.0,1.0,0.0,0.0,1.0,0.0,148465.0,148465.0,148465.0,11.908111254781456,10.0,10.0,0.0,0.0,0.0,1.0,0.0,0.0,0.0,0.0,1.0,0,3.2794326796826216,0.18159884308506388,1,1,1.0
aggregation,Q027,538,1.3397,1.2318,1.5485,3,OK,,SELECT COUNT(*) AS large_parts FROM part WHERE p_size > 20,9.0,9.0,0.0,0.0,1.0,0.0,1.0,1.0,1.0,0.0,1.0,9959.0,9959.0,9959.0,9.206332350578643,100.0,100.0,0.0,0.0,1.0,1.0,0.0,0.0,0.0,0.0,1.0,0,0.850022716022425,0.00951804802220049,0,0,0.0022500000000000003
aggregation,Q028,539,0.3266,0.2807,0.4074,3,OK,,SELECT AVG(s_acctbal) AS avg_supplier_balance FROM supplier,11.0,11.0,1.0,0.0,0.0,0.0,1.0,0.0,0.0,1.0,0.0,1000.0,1000.0,1000.0,6.90875477931522,100.0,100.0,0.0,0.0,0.0,0.0,0.0,0.0,0.0,0.0,1.0,0,0.2826192781093186,0.0023203661148396507,1,1,1.0
aggregation,Q029,540,101.8934,101.8159,102.0217,3,OK,,"SELECT MIN(l_quantity) AS min_qty, MAX(l_quantity) AS max_qty FROM lineitem",11.0,11.0,1.0,0.0,0.0,0.0,1.0,0.0,0.0,1.0,0.0,594745.0,594745.0,594745.0,13.295889702627665,100.0,100.0,0.0,0.0,0.0,0.0,0.0,0.0,0.0,0.0,1.0,0,4.633693500841259,0.7239130210832899,1,1,1.0
aggregation,Q030,541,0.574,0.4669,0.7469,3,OK,,SELECT COUNT(*) AS total_regions FROM region,10.0,10.0,0.0,1.0,0.0,0.0,1.0,1.0,1.0,0.0,0.0,5.0,5.0,5.0,1.791759469228055,100.0,100.0,0.0,0.0,1.0,0.0,0.0,0.0,0.0,0.0,1.0,0,0.45362014999521144,0.004078046999136434,0,0,0.0025476190476190473
aggregation,Q031,542,23.8558,20.6849,29.5627,3,OK,,"SELECT o_custkey, COUNT(*) AS order_count FROM orders GROUP BY o_custkey ORDER BY order_count DESC",10.0,10.0,0.0,1.0,0.0,0.0,1.0,1.0,1.0,0.0,1.0,148465.0,148465.0,148465.0,11.908111254781456,100.0,100.0,1.0,1.0,1.0,0.0,0.0,0.0,0.0,0.0,1.0,0,3.213091125711416,0.16948619094424905,0,0,0.0016666666666666666
aggregation,Q032,543,384.025,364.5085,395.1674,3,OK,,"SELECT l_orderkey, SUM(l_extendedprice * (1 - l_discount)) AS order_revenue FROM lineitem GROUP BY l_orderkey ORDER BY o",10.0,10.0,0.0,1.0,0.0,0.0,1.0,1.0,1.0,0.0,3.0,594745.0,594745.0,594745.0,13.295889702627665,100.0,100.0,1.0,1.0,0.0,0.0,0.0,0.0,0.0,0.0,1.0,0,5.953308267244529,2.728348430040713,0,0,0.09323412698412697
aggregation,Q033,544,9.9359,9.6278,10.4478,3,OK,,"SELECT c_nationkey, AVG(c_acctbal) AS avg_balance FROM customer GROUP BY c_nationkey ORDER BY avg_balance DESC",10.0,10.0,0.0,1.0,0.0,0.0,1.0,1.0,1.0,0.0,1.0,14892.0,14892.0,14892.0,9.608646582885868,100.0,100.0,1.0,1.0,0.0,0.0,0.0,0.0,0.0,0.0,1.0,0,2.3920509552686484,0.07059070937059181,0,0,0.006666666666666666
aggregation,Q034,545,5.373,4.9145,6.099,3,OK,,"SELECT p_mfgr, COUNT(*) AS part_count FROM part GROUP BY p_mfgr ORDER BY part_count DESC",11.0,11.0,1.0,0.0,0.0,0.0,1.0,0.0,0.0,1.0,0.0,19919.0,19919.0,19919.0,9.899479531138589,100.0,100.0,1.0,1.0,0.0,0.0,0.0,0.0,0.0,0.0,1.0,0,1.852070316332157,0.03817307757205586,1,1,1.0
aggregation,Q035,546,26.2127,25.3135,27.9953,3,OK,,"SELECT ps_suppkey, SUM(ps_availqty) AS total_qty FROM partsupp GROUP BY ps_suppkey ORDER BY total_qty DESC",11.0,11.0,1.0,0.0,0.0,0.0,1.0,0.0,0.0,1.0,2.0,82490.0,82490.0,82490.0,11.320444475462835,100.0,100.0,1.0,1.0,0.0,0.0,0.0,0.0,0.0,0.0,1.0,0,3.3036837760972775,0.1862310497809471,1,1,1.0
aggregation,Q036,547,47.1402,44.0578,50.5729,3,OK,,"SELECT ps_partkey, AVG(ps_supplycost) AS avg_cost FROM partsupp GROUP BY ps_partkey ORDER BY avg_cost",10.0,10.0,0.0,1.0,0.0,0.0,1.0,1.0,1.0,0.0,2.0,82490.0,82490.0,82490.0,11.320444475462835,100.0,100.0,1.0,1.0,0.0,0.0,0.0,0.0,0.0,0.0,1.0,0,3.8741175868955273,0.33491280687925323,0,0,0.00625
aggregation,Q037,548,37.5556,35.6488,40.9467,3,OK,,"SELECT o_orderpriority, COUNT(*) AS order_count FROM orders GROUP BY o_orderpriority ORDER BY order_count DESC",11.0,11.0,1.0,0.0,0.0,0.0,1.0,0.0,0.0,1.0,0.0,148465.0,148465.0,148465.0,11.908111254781456,100.0,100.0,1.0,1.0,0.0,0.0,0.0,0.0,0.0,0.0,1.0,0,3.6521013553477277,0.26681794752747084,1,1,1.0
aggregation,Q038,549,196.7197,195.5423,198.097,3,OK,,"SELECT l_shipmode, SUM(l_quantity) AS total_quantity FROM lineitem GROUP BY l_shipmode ORDER BY total_quantity DESC",11.0,11.0,1.0,0.0,0.0,0.0,1.0,0.0,0.0,1.0,0.0,594745.0,594745.0,594745.0,13.295889702627665,100.0,100.0,1.0,1.0,0.0,0.0,0.0,0.0,0.0,0.0,1.0,0,5.286850371140419,1.397617042257874,1,1,1.0
aggregation,Q039,550,196.7503,196.5718,196.9891,3,OK,,"SELECT l_shipmode, AVG(l_discount) AS avg_discount FROM lineitem GROUP BY l_shipmode ORDER BY avg_discount DESC",11.0,11.0,1.0,0.0,0.0,0.0,1.0,0.0,0.0,1.0,0.0,594745.0,594745.0,594745.0,13.295889702627665,100.0,100.0,1.0,1.0,0.0,0.0,0.0,0.0,0.0,0.0,1.0,0,5.287005123713616,1.3978344433696748,1,1,1.0
aggregation,Q040,551,224.8747,223.8926,226.355,3,OK,,"SELECT l_returnflag, SUM(l_extendedprice * (1 - l_discount)) AS revenue FROM lineitem GROUP BY l_returnflag",11.0,11.0,1.0,0.0,0.0,0.0,1.0,0.0,0.0,1.0,0.0,594745.0,594745.0,594745.0,13.295889702627665,100.0,100.0,0.0,1.0,0.0,0.0,0.0,0.0,0.0,0.0,1.0,0,5.419980420743276,1.5976473789489651,1,1,1.0
aggregation,Q041,552,0.6788,0.5089,0.9202,3,OK,,"SELECT s_nationkey, COUNT(*) AS supplier_count FROM supplier GROUP BY s_nationkey ORDER BY supplier_count DESC",11.0,11.0,1.0,0.0,0.0,0.0,1.0,0.0,0.0,1.0,0.0,1000.0,1000.0,1000.0,6.90875477931522,100.0,100.0,1.0,1.0,0.0,0.0,0.0,0.0,0.0,0.0,1.0,0,0.5180792524772987,0.004822610283996187,1,1,1.0
aggregation,Q042,553,10.0302,9.609,10.3104,3,OK,,"SELECT p_type, AVG(p_retailprice) AS avg_price FROM part GROUP BY p_type ORDER BY avg_price DESC",11.0,11.0,1.0,0.0,0.0,0.0,1.0,0.0,0.0,1.0,0.0,19919.0,19919.0,19919.0,9.899479531138589,100.0,100.0,1.0,1.0,0.0,0.0,0.0,0.0,0.0,0.0,1.0,0,2.4006369654672954,0.07126067423473566,1,1,1.0
aggregation,Q043,554,40.2395,39.3277,41.0848,3,OK,,"SELECT YEAR(o_orderdate) AS order_year, SUM(o_totalprice) AS total_value FROM orders GROUP BY YEAR(o_orderdate) ORDER BY",11.0,11.0,1.0,0.0,0.0,0.0,1.0,0.0,0.0,1.0,1.0,148465.0,148465.0,148465.0,11.908111254781456,100.0,100.0,1.0,1.0,0.0,0.0,0.0,0.0,0.0,0.0,1.0,0,3.7193965349239515,0.2858860143236073,1,1,1.0
aggregation,Q044,555,134.4879,134.35,134.7031,3,OK,,"SELECT l_linestatus, COUNT(*) AS lineitem_count FROM lineitem GROUP BY l_linestatus",11.0,11.0,1.0,0.0,0.0,0.0,1.0,0.0,0.0,1.0,0.0,594745.0,594745.0,594745.0,13.295889702627665,100.0,100.0,0.0,1.0,0.0,0.0,0.0,0.0,0.0,0.0,1.0,0,4.908882337439383,0.9554842805142176,1,1,1.0
aggregation,Q045,556,39.0031,38.778,39.253,3,OK,,"SELECT YEAR(o_orderdate) AS order_year, AVG(o_totalprice) AS avg_order_value FROM orders GROUP BY YEAR(o_orderdate) ORDE",11.0,11.0,1.0,0.0,0.0,0.0,1.0,0.0,0.0,1.0,1.0,148465.0,148465.0,148465.0,11.908111254781456,100.0,100.0,1.0,1.0,0.0,0.0,0.0,0.0,0.0,0.0,1.0,0,3.6889569511109666,0.2771018726690214,1,1,1.0
aggregation,Q046,557,29.91,27.0993,33.4878,3,OK,,"SELECT ps_partkey, MIN(ps_supplycost) AS min_cost, MAX(ps_supplycost) AS max_cost FROM partsupp GROUP BY ps_partkey",10.0,10.0,0.0,1.0,0.0,0.0,1.0,1.0,1.0,0.0,2.0,82490.0,82490.0,82490.0,11.320444475462835,100.0,100.0,0.0,0.0,0.0,0.0,0.0,0.0,0.0,0.0,1.0,0,3.431079756144025,0.21249892986789332,0,0,0.00625
aggregation,Q047,558,769.0987,752.7424,777.5025,3,OK,,"SELECT l_partkey, SUM(l_extendedprice) AS total_price FROM lineitem GROUP BY l_partkey ORDER BY total_price DESC",10.0,10.0,0.0,1.0,0.0,0.0,1.0,1.0,1.0,0.0,1.0,594745.0,594745.0,594745.0,13.295889702627665,100.0,100.0,1.0,1.0,0.0,0.0,0.0,0.0,0.0,0.0,1.0,0,6.646518688451324,5.464147466158072,1,1,0.7592817460317459
aggregation,Q048,559,3.9639,3.5754,4.6765,3,OK,,"SELECT c_mktsegment, COUNT(*) AS customer_count FROM customer GROUP BY c_mktsegment ORDER BY customer_count DESC",11.0,11.0,1.0,0.0,0.0,0.0,1.0,0.0,0.0,1.0,0.0,14892.0,14892.0,14892.0,9.608646582885868,100.0,100.0,1.0,1.0,0.0,0.0,0.0,0.0,0.0,0.0,1.0,0,1.6021917220951276,0.028161969511980686,1,1,1.0
aggregation,Q049,560,5.0963,4.9919,5.1508,3,OK,,"SELECT c_mktsegment, AVG(c_acctbal) AS avg_balance FROM customer GROUP BY c_mktsegment ORDER BY avg_balance DESC",11.0,11.0,1.0,0.0,0.0,0.0,1.0,0.0,0.0,1.0,0.0,14892.0,14892.0,14892.0,9.608646582885868,100.0,100.0,1.0,1.0,0.0,0.0,0.0,0.0,0.0,0.0,1.0,0,1.80768202977187,0.036207231570904205,1,1,1.0
aggregation,Q050,561,228.004,226.9648,229.4565,3,OK,,"SELECT l_suppkey, SUM(l_extendedprice * (1 - l_discount)) AS supplier_revenue FROM lineitem GROUP BY l_suppkey ORDER BY ",11.0,11.0,1.0,0.0,0.0,0.0,1.0,0.0,0.0,1.0,0.0,594745.0,594745.0,594745.0,13.295889702627665,100.0,100.0,1.0,1.0,0.0,0.0,0.0,0.0,0.0,0.0,1.0,0,5.433739470650598,1.6198798397057554,1,1,1.0
aggregation,Q051,562,5.0289,4.642,5.7524,3,OK,,"SELECT p_brand, COUNT(*) AS part_count FROM part GROUP BY p_brand ORDER BY part_count DESC",11.0,11.0,1.0,0.0,0.0,0.0,1.0,0.0,0.0,1.0,0.0,19919.0,19919.0,19919.0,9.899479531138589,100.0,100.0,1.0,1.0,0.0,0.0,0.0,0.0,0.0,0.0,1.0,0,1.7965645728711208,0.035728380756023026,1,1,1.0
aggregation,Q052,563,6.2539,6.1687,6.386,3,OK,,"SELECT p_brand, AVG(p_size) AS avg_size FROM part GROUP BY p_brand ORDER BY avg_size DESC",11.0,11.0,1.0,0.0,0.0,0.0,1.0,0.0,0.0,1.0,0.0,19919.0,19919.0,19919.0,9.899479531138589,100.0,100.0,1.0,1.0,0.0,0.0,0.0,0.0,0.0,0.0,1.0,0,1.9815392552680333,0.0444315298395459,1,1,1.0
aggregation,Q053,564,41.0661,40.1569,42.042,3,OK,,"SELECT DATE_FORMAT(o_orderdate, '%Y-%m') AS order_month, COUNT(*) AS order_count FROM orders GROUP BY DATE_FORMAT(o_orde",10.0,10.0,0.0,1.0,0.0,0.0,1.0,1.0,1.0,0.0,1.0,148465.0,148465.0,148465.0,11.908111254781456,100.0,100.0,1.0,1.0,1.0,0.0,0.0,0.0,0.0,0.0,1.0,0,3.7392421906668147,0.2917586861868236,0,0,0.0016666666666666666
aggregation,Q054,565,368.8824,358.6695,374.0608,3,OK,,"SELECT l_orderkey, SUM(l_extendedprice * l_tax) AS total_tax FROM lineitem GROUP BY l_orderkey ORDER BY total_tax DESC",10.0,10.0,0.0,1.0,0.0,0.0,1.0,1.0,1.0,0.0,3.0,594745.0,594745.0,594745.0,13.295889702627665,100.0,100.0,1.0,1.0,0.0,0.0,0.0,0.0,0.0,0.0,1.0,0,5.913185117279282,2.6207661399899758,0,0,0.088234126984127
aggregation,Q055,566,182.0614,181.7333,182.4958,3,OK,,"SELECT l_suppkey, AVG(l_quantity) AS avg_quantity FROM lineitem GROUP BY l_suppkey ORDER BY avg_quantity DESC",11.0,11.0,1.0,0.0,0.0,0.0,1.0,0.0,0.0,1.0,0.0,594745.0,594745.0,594745.0,13.295889702627665,100.0,100.0,1.0,1.0,0.0,0.0,0.0,0.0,0.0,0.0,1.0,0,5.209821615693149,1.293475515555014,1,1,1.0
aggregation,Q056,567,5.216,5.0545,5.3783,3,OK,,"SELECT p_container, COUNT(*) AS part_count FROM part GROUP BY p_container ORDER BY part_count DESC",11.0,11.0,1.0,0.0,0.0,0.0,1.0,0.0,0.0,1.0,0.0,19919.0,19919.0,19919.0,9.899479531138589,100.0,100.0,1.0,1.0,0.0,0.0,0.0,0.0,0.0,0.0,1.0,0,1.8271266130653463,0.037057653567065585,1,1,1.0
aggregation,Q057,568,47.9973,47.648,48.5211,3,OK,,"SELECT o_orderpriority, SUM(o_totalprice) AS total_revenue FROM orders GROUP BY o_orderpriority ORDER BY total_revenue D",11.0,11.0,1.0,0.0,0.0,0.0,1.0,0.0,0.0,1.0,0.0,148465.0,148465.0,148465.0,11.908111254781456,100.0,100.0,1.0,1.0,0.0,0.0,0.0,0.0,0.0,0.0,1.0,0,3.891765194551637,0.34100216939312056,1,1,1.0
aggregation,Q058,569,134.8711,134.4843,135.1342,3,OK,,"SELECT l_suppkey, COUNT(*) AS lineitem_count FROM lineitem GROUP BY l_suppkey ORDER BY lineitem_count DESC",11.0,11.0,1.0,0.0,0.0,0.0,1.0,0.0,0.0,1.0,0.0,594745.0,594745.0,594745.0,13.295889702627665,100.0,100.0,1.0,1.0,0.0,0.0,0.0,0.0,0.0,0.0,1.0,0,4.911706642177553,0.9582067676397736,1,1,1.0
aggregation,Q059,570,131.3289,128.6353,134.6125,3,OK,,"SELECT o_custkey, MIN(o_orderdate) AS first_order_date FROM orders GROUP BY o_custkey",10.0,10.0,0.0,1.0,0.0,0.0,1.0,1.0,1.0,0.0,1.0,148465.0,148465.0,148465.0,11.908111254781456,100.0,100.0,0.0,0.0,0.0,0.0,0.0,0.0,0.0,0.0,1.0,0,4.8852904901984555,0.9330408127959737,0,0,0.0029166666666666664
aggregation,Q060,571,130.9324,130.2807,131.9877,3,OK,,"SELECT o_custkey, MAX(o_orderdate) AS last_order_date FROM orders GROUP BY o_custkey",10.0,10.0,0.0,1.0,0.0,0.0,1.0,1.0,1.0,0.0,1.0,148465.0,148465.0,148465.0,11.908111254781456,100.0,100.0,0.0,0.0,0.0,0.0,0.0,0.0,0.0,0.0,1.0,0,4.8822896701953935,0.930223834337511,0,0,0.0029166666666666664
aggregation,Q061,572,152.8429,150.1321,156.1483,3,OK,,"SELECT c_nationkey, YEAR(o_orderdate) AS order_year, SUM(o_totalprice) AS total_revenue FROM orders JOIN customer ON o_c",11.0,6.5,1.0,0.0,0.0,1.0,2.0,1.0,0.5,0.0,1.0,148466.0,148465.0,74233.0,11.908117990307652,100.0,100.0,1.0,1.0,0.0,0.0,0.0,0.0,0.0,0.0,1.0,0,5.035931951856881,1.0858894245371256,1,1,1.0
aggregation,Q062,573,115.0692,109.6458,123.0582,3,OK,,"SELECT o_custkey, o_orderpriority, COUNT(*) AS order_count FROM orders GROUP BY o_custkey, o_orderpriority ORDER BY o_cu",11.0,11.0,1.0,0.0,0.0,0.0,1.0,0.0,0.0,1.0,0.0,148465.0,148465.0,148465.0,11.908111254781456,100.0,100.0,1.0,1.0,0.0,0.0,0.0,0.0,0.0,0.0,1.0,0,4.7541865649642565,0.8175219612422129,1,1,1.0
aggregation,Q063,574,292.589,292.1649,292.9231,3,OK,,"SELECT l_shipmode, l_returnflag, SUM(l_extendedprice * (1 - l_discount)) AS revenue FROM lineitem GROUP BY l_shipmode, l",11.0,11.0,1.0,0.0,0.0,0.0,1.0,0.0,0.0,1.0,0.0,594745.0,594745.0,594745.0,13.295889702627665,100.0,100.0,1.0,1.0,0.0,0.0,0.0,0.0,0.0,0.0,1.0,0,5.68218083009844,2.078731173223572,1,1,1.0
aggregation,Q064,575,150.435,142.5932,161.2795,3,OK,,"SELECT ps_suppkey, ps_partkey, AVG(ps_supplycost) AS avg_cost FROM partsupp GROUP BY ps_suppkey, ps_partkey ORDER BY avg",11.0,11.0,1.0,0.0,0.0,0.0,1.0,0.0,0.0,1.0,2.0,82490.0,82490.0,82490.0,11.320444475462835,100.0,100.0,1.0,1.0,0.0,0.0,0.0,0.0,0.0,0.0,1.0,0,5.020156489979892,1.0687822305140933,1,1,1.0
aggregation,Q065,576,8.1853,7.7878,8.9224,3,OK,,"SELECT p_brand, p_container, COUNT(*) AS part_count FROM part GROUP BY p_brand, p_container ORDER BY p_brand, p_containe",11.0,11.0,1.0,0.0,0.0,0.0,1.0,0.0,0.0,1.0,0.0,19919.0,19919.0,19919.0,9.899479531138589,100.0,100.0,1.0,1.0,0.0,0.0,0.0,0.0,0.0,0.0,1.0,0,2.2176043800825287,0.05815337648437536,1,1,1.0
aggregation,Q066,577,1041.2545,1022.0656,1058.9548,3,OK,,"SELECT p_type, p_brand, SUM(l_extendedprice * (1 - l_discount)) AS revenue FROM lineitem JOIN part ON l_partkey = p_part",11.0,7.0,1.0,0.0,0.0,1.0,2.0,1.0,0.5,0.0,1.0,19948.0,19919.0,9974.0,9.90093429574841,100.0,100.0,1.0,1.0,0.0,0.0,0.0,0.0,0.0,0.0,1.0,0,6.94914143433374,7.397708691746183,1,1,1.0
aggregation,Q067,578,144.3611,141.9069,148.5207,3,OK,,"SELECT c_mktsegment, YEAR(o_orderdate) AS order_year, COUNT(*) AS order_count FROM orders JOIN customer ON o_custkey = c",11.0,6.5,1.0,0.0,0.0,1.0,2.0,1.0,0.5,0.0,1.0,148466.0,148465.0,74233.0,11.908117990307652,100.0,100.0,1.0,1.0,0.0,0.0,0.0,0.0,0.0,0.0,1.0,0,4.979220991478106,1.025629530743963,1,1,1.0
aggregation,Q068,579,243.6751,243.1398,244.1644,3,OK,,"SELECT l_shipmode, l_linestatus, AVG(l_discount) AS avg_discount FROM lineitem GROUP BY l_shipmode, l_linestatus ORDER B",11.0,11.0,1.0,0.0,0.0,0.0,1.0,0.0,0.0,1.0,0.0,594745.0,594745.0,594745.0,13.295889702627665,100.0,100.0,1.0,1.0,0.0,0.0,0.0,0.0,0.0,0.0,1.0,0,5.499931208017225,1.731216916932527,1,1,1.0
aggregation,Q069,580,191.6185,189.486,194.5756,3,OK,,"SELECT n_name, c_mktsegment, SUM(o_totalprice) AS total_revenue FROM orders JOIN customer ON o_custkey = c_custkey JOIN ",11.0,5.666666666666667,1.0,0.0,0.0,1.0,3.0,2.0,0.6666666666666666,0.0,1.3333333333333333,634.0,595.0,211.33333333333334,6.453624998892692,100.0,100.0,1.0,1.0,0.0,0.0,0.0,0.0,0.0,0.0,1.0,0,5.260711548749058,1.3613749980906358,1,1,0.9983333333333334
aggregation,Q070,581,273.198,269.6155,279.8507,3,OK,,"SELECT l_suppkey, l_shipmode, SUM(l_quantity) AS total_qty FROM lineitem GROUP BY l_suppkey, l_shipmode ORDER BY l_suppk",11.0,11.0,1.0,0.0,0.0,0.0,1.0,0.0,0.0,1.0,0.0,594745.0,594745.0,594745.0,13.295889702627665,100.0,100.0,1.0,1.0,0.0,0.0,0.0,0.0,0.0,0.0,1.0,0,5.613850473155588,1.940965651690027,1,1,1.0
aggregation,Q071,582,46.0365,45.7464,46.4868,3,OK,,"SELECT YEAR(o_orderdate) AS order_year, o_orderpriority, COUNT(*) AS order_count FROM orders GROUP BY YEAR(o_orderdate),",11.0,11.0,1.0,0.0,0.0,0.0,1.0,0.0,0.0,1.0,0.0,148465.0,148465.0,148465.0,11.908111254781456,100.0,100.0,1.0,1.0,0.0,0.0,0.0,0.0,0.0,0.0,1.0,0,3.850923896060295,0.3270714471702865,1,1,1.0
aggregation,Q072,583,7.0014,6.865,7.2094,3,OK,,"SELECT c_nationkey, c_mktsegment, AVG(c_acctbal) AS avg_balance FROM customer GROUP BY c_nationkey, c_mktsegment ORDER B",11.0,11.0,1.0,0.0,0.0,0.0,1.0,0.0,0.0,1.0,0.0,14892.0,14892.0,14892.0,9.608646582885868,100.0,100.0,1.0,1.0,0.0,0.0,0.0,0.0,0.0,0.0,1.0,0,2.079616526369122,0.04974222693336905,1,1,1.0
aggregation,Q073,584,175.88,172.8593,181.66,3,OK,,"SELECT r_name, YEAR(o_orderdate) AS order_year, SUM(o_totalprice) AS total_revenue FROM orders JOIN customer ON o_custke",11.0,7.0,1.0,0.0,0.0,1.0,4.0,2.0,0.5,0.0,1.25,639.0,595.0,159.75,6.461468176353717,77.5,10.0,1.0,1.0,1.0,1.0,0.0,0.0,0.0,0.0,1.0,0,5.175471536549191,1.2495590700489827,1,1,1.0
aggregation,Q074,585,6.5499,6.4625,6.7201,3,OK,,"SELECT p_mfgr, p_brand, COUNT(*) AS part_count FROM part GROUP BY p_mfgr, p_brand ORDER BY p_mfgr, p_brand",11.0,11.0,1.0,0.0,0.0,0.0,1.0,0.0,0.0,1.0,0.0,19919.0,19919.0,19919.0,9.899479531138589,100.0,100.0,1.0,1.0,0.0,0.0,0.0,0.0,0.0,0.0,1.0,0,2.0215343181401044,0.0465344948425849,1,1,1.0
aggregation,Q075,586,382.059,381.0683,382.5775,3,OK,,"SELECT YEAR(o_orderdate) AS order_year, l_shipmode, AVG(o_totalprice) AS avg_order_value FROM orders JOIN lineitem ON o_",11.0,7.0,1.0,0.0,0.0,1.0,2.0,1.0,0.5,0.0,1.0,148469.0,148465.0,74234.5,11.908138196614042,100.0,100.0,1.0,1.0,0.0,0.0,0.0,0.0,0.0,0.0,1.0,0,5.948189024314015,2.714380763838096,1,1,1.0
aggregation,Q076,587,167.9419,163.236,174.233,3,OK,,"SELECT n_name, p_type, SUM(ps_supplycost * ps_availqty) AS total_supply_cost FROM partsupp JOIN supplier ON ps_suppkey =",11.0,4.5,1.0,0.0,0.0,1.0,4.0,3.0,0.75,0.0,1.25,19924.0,19919.0,4981.0,9.899730503658416,100.0,100.0,1.0,1.0,0.0,0.0,0.0,0.0,0.0,0.0,1.0,0,5.129554868832533,1.193161953526605,1,1,1.0
aggregation,Q077,588,508.5199,506.3932,511.4912,3,OK,,"SELECT c_mktsegment, l_returnflag, SUM(l_extendedprice * (1 - l_discount)) AS revenue FROM lineitem JOIN orders ON l_ord",10.0,5.0,0.0,1.0,0.0,1.0,3.0,3.0,1.0,0.0,1.3333333333333333,148470.0,148465.0,49490.0,11.908144931958773,100.0,100.0,1.0,1.0,1.0,0.0,0.0,0.0,0.0,0.0,1.0,0,6.233468909799941,3.6128363278678743,1,1,0.834015873015873
aggregation,Q078,589,895.7488,889.0235,906.5167,3,OK,,"SELECT p_brand, l_shipmode, AVG(l_extendedprice) AS avg_price FROM lineitem JOIN part ON l_partkey = p_partkey GROUP BY ",11.0,7.0,1.0,0.0,0.0,1.0,2.0,1.0,0.5,0.0,1.0,19948.0,19919.0,9974.0,9.90093429574841,100.0,100.0,1.0,1.0,0.0,0.0,0.0,0.0,0.0,0.0,1.0,0,6.798775778245899,6.363947222683035,1,1,1.0
aggregation,Q079,590,64.7679,62.3506,66.6711,3,OK,,"SELECT o_clerk, YEAR(o_orderdate) AS order_year, COUNT(*) AS order_count FROM orders GROUP BY o_clerk, YEAR(o_orderdate)",11.0,11.0,1.0,0.0,0.0,0.0,1.0,0.0,0.0,1.0,0.0,148465.0,148465.0,148465.0,11.908111254781456,100.0,100.0,1.0,1.0,0.0,0.0,0.0,0.0,0.0,0.0,1.0,0,4.186131877352386,0.4601507669605726,1,1,1.0
aggregation,Q080,591,351.9666,342.447,363.0627,3,OK,,"SELECT l_partkey, l_returnflag, AVG(l_quantity) AS avg_qty FROM lineitem GROUP BY l_partkey, l_returnflag ORDER BY l_par",11.0,11.0,1.0,0.0,0.0,0.0,1.0,0.0,0.0,1.0,0.0,594745.0,594745.0,594745.0,13.295889702627665,100.0,100.0,1.0,1.0,0.0,0.0,0.0,0.0,0.0,0.0,1.0,0,5.866373434893033,2.500585952833195,1,1,1.0
aggregation,Q081,592,166.3856,159.8939,177.7433,3,OK,,"SELECT r_name, p_brand, AVG(ps_supplycost) AS avg_supply_cost FROM partsupp JOIN part ON ps_partkey = p_partkey JOIN sup",11.0,4.0,1.0,0.0,0.0,1.0,5.0,4.0,0.8,0.0,1.2,19925.0,19919.0,3985.0,9.899780690604802,100.0,100.0,1.0,1.0,0.0,0.0,0.0,0.0,0.0,0.0,1.0,0,5.120300132849937,1.1821050466542076,1,1,1.0
aggregation,Q082,593,339.1518,338.3054,339.8449,3,OK,,"SELECT DATE_FORMAT(l_shipdate, '%Y-%m') AS ship_month, l_returnflag, SUM(l_extendedprice * (1 - l_discount)) AS revenue ",11.0,11.0,1.0,0.0,0.0,0.0,1.0,0.0,0.0,1.0,0.0,594745.0,594745.0,594745.0,13.295889702627665,100.0,100.0,1.0,1.0,0.0,0.0,0.0,0.0,0.0,0.0,1.0,0,5.829391988560105,2.4095417774245997,1,1,1.0
aggregation,Q083,594,12.7055,11.6978,14.5033,3,OK,,"SELECT p_size, p_container, COUNT(*) AS part_count FROM part GROUP BY p_size, p_container ORDER BY p_size, p_container",11.0,11.0,1.0,0.0,0.0,0.0,1.0,0.0,0.0,1.0,0.0,19919.0,19919.0,19919.0,9.899479531138589,100.0,100.0,1.0,1.0,0.0,0.0,0.0,0.0,0.0,0.0,1.0,0,2.617797212124648,0.09026764137199995,1,1,1.0
aggregation,Q084,595,1191.9963,1182.9843,1204.804,3,OK,,"SELECT n1.n_name AS supplier_nation, n2.n_name AS customer_nation, SUM(l_extendedprice * (1 - l_discount)) AS revenue FR",10.0,3.5,0.0,1.0,0.0,1.0,6.0,6.0,1.0,0.0,1.3333333333333333,148473.0,148465.0,24745.5,11.908165137720784,100.0,100.0,1.0,1.0,1.0,0.0,0.0,0.0,0.0,0.0,1.0,0,7.084223320668127,8.46867061706748,1,1,0.9418214285714285
aggregation,Q085,596,24.8056,22.2548,26.8655,3,OK,,"SELECT p_type, p_size, AVG(p_retailprice) AS avg_price FROM part GROUP BY p_type, p_size ORDER BY p_type, p_size",11.0,11.0,1.0,0.0,0.0,0.0,1.0,0.0,0.0,1.0,0.0,19919.0,19919.0,19919.0,9.899479531138589,100.0,100.0,1.0,1.0,0.0,0.0,0.0,0.0,0.0,0.0,1.0,0,3.250591522638269,0.1762341509438654,1,1,1.0
aggregation,Q086,597,150.8509,148.537,155.1954,3,OK,,"SELECT c_mktsegment, o_orderpriority, COUNT(*) AS order_count FROM orders JOIN customer ON o_custkey = c_custkey GROUP B",11.0,6.5,1.0,0.0,0.0,1.0,2.0,1.0,0.5,0.0,1.0,148466.0,148465.0,74233.0,11.908117990307652,100.0,100.0,1.0,1.0,0.0,0.0,0.0,0.0,0.0,0.0,1.0,0,5.022899118375741,1.071737038435593,1,1,1.0
aggregation,Q087,598,526.2959,521.9549,533.2394,3,OK,,"SELECT r_name, c_mktsegment, SUM(l_extendedprice * (1 - l_discount)) AS revenue FROM lineitem JOIN orders ON l_orderkey ",11.0,6.2,1.0,0.0,0.0,1.0,5.0,3.0,0.6,0.0,1.4,643.0,595.0,128.6,6.467698726104354,82.0,10.0,1.0,1.0,1.0,1.0,0.0,0.0,0.0,0.0,1.0,0,6.267761871046305,3.739127901834162,1,1,1.0
aggregation,Q088,599,13.2576,13.0498,13.6235,3,OK,,"SELECT r_name, c_mktsegment, AVG(c_acctbal) AS avg_balance FROM customer JOIN nation ON c_nationkey = n_nationkey JOIN r",11.0,8.333333333333334,1.0,0.0,0.0,1.0,3.0,1.0,0.3333333333333333,0.0,1.0,625.0,595.0,208.33333333333334,6.439350371100098,70.0,10.0,1.0,1.0,0.0,1.0,0.0,0.0,0.0,0.0,1.0,0,2.6572900978763183,0.09419009737935749,1,1,1.0
aggregation,Q089,600,273.3009,272.4005,274.8267,3,OK,,"SELECT YEAR(l_shipdate) AS ship_year, l_shipmode, SUM(l_extendedprice * l_discount) AS total_discount FROM lineitem GROU",11.0,11.0,1.0,0.0,0.0,0.0,1.0,0.0,0.0,1.0,0.0,594745.0,594745.0,594745.0,13.295889702627665,100.0,100.0,1.0,1.0,0.0,0.0,0.0,0.0,0.0,0.0,1.0,0,5.614225679017285,1.9416967162130434,1,1,1.0
aggregation,Q090,601,172.4273,172.3759,172.4732,3,OK,,"SELECT YEAR(l_shipdate) AS ship_year, l_returnflag, COUNT(*) AS item_count FROM lineitem GROUP BY YEAR(l_shipdate), l_re",11.0,11.0,1.0,0.0,0.0,0.0,1.0,0.0,0.0,1.0,0.0,594745.0,594745.0,594745.0,13.295889702627665,100.0,100.0,1.0,1.0,0.0,0.0,0.0,0.0,0.0,0.0,1.0,0,5.155758491400519,1.2250289779341426,1,1,1.0
aggregation,Q091,602,22.5146,19.0252,28.9764,3,OK,,"SELECT o_custkey, COUNT(*) AS order_count FROM orders GROUP BY o_custkey HAVING COUNT(*) > 10 ORDER BY order_count DESC",10.0,10.0,0.0,1.0,0.0,0.0,1.0,1.0,1.0,0.0,1.0,148465.0,148465.0,148465.0,11.908111254781456,100.0,100.0,1.0,1.0,1.0,0.0,0.0,0.0,0.0,0.0,1.0,0,3.157621504833451,0.15995748600480345,0,0,0.0016666666666666666
aggregation,Q092,603,31.1235,29.243,34.7591,3,OK,,"SELECT ps_suppkey, SUM(ps_availqty) AS total_qty FROM partsupp GROUP BY ps_suppkey HAVING SUM(ps_availqty) > 50000 ORDER",11.0,11.0,1.0,0.0,0.0,0.0,1.0,0.0,0.0,1.0,2.0,82490.0,82490.0,82490.0,11.320444475462835,100.0,100.0,1.0,1.0,0.0,0.0,0.0,0.0,0.0,0.0,1.0,0,3.469587849518246,0.22112037591920353,1,1,1.0
aggregation,Q093,604,37.6485,33.6031,45.5042,3,OK,,"SELECT ps_partkey, AVG(ps_supplycost) AS avg_cost FROM partsupp GROUP BY ps_partkey HAVING AVG(ps_supplycost) > 500 ORDE",10.0,10.0,0.0,1.0,0.0,0.0,1.0,1.0,1.0,0.0,2.0,82490.0,82490.0,82490.0,11.320444475462835,100.0,100.0,1.0,1.0,0.0,0.0,0.0,0.0,0.0,0.0,1.0,0,3.6545079644484857,0.26747796593551926,0,0,0.00625
aggregation,Q094,605,235.3013,234.365,236.9661,3,OK,,"SELECT l_shipmode, AVG(l_discount) AS avg_discount FROM lineitem GROUP BY l_shipmode HAVING AVG(l_discount) > 0.05 ORDER",11.0,11.0,1.0,0.0,0.0,0.0,1.0,0.0,0.0,1.0,0.0,594745.0,594745.0,594745.0,13.295889702627665,100.0,100.0,1.0,1.0,0.0,0.0,0.0,0.0,0.0,0.0,1.0,0,5.465107685658897,1.6717243211810138,1,1,1.0
aggregation,Q095,606,1.7659,1.7031,1.842,3,OK,,"SELECT c_nationkey, COUNT(*) AS customer_count FROM customer GROUP BY c_nationkey HAVING COUNT(*) > 1000 ORDER BY custom",10.0,10.0,0.0,1.0,0.0,0.0,1.0,1.0,1.0,0.0,1.0,14892.0,14892.0,14892.0,9.608646582885868,100.0,100.0,1.0,1.0,1.0,0.0,0.0,0.0,0.0,0.0,1.0,0,1.017366079299071,0.012546033442116777,0,0,0.0075
aggregation,Q096,607,299.0358,296.823,301.0345,3,OK,,"SELECT l_orderkey, SUM(l_extendedprice * (1 - l_discount)) AS order_revenue FROM lineitem GROUP BY l_orderkey HAVING SUM",10.0,10.0,0.0,1.0,0.0,0.0,1.0,1.0,1.0,0.0,3.0,594745.0,594745.0,594745.0,13.295889702627665,100.0,100.0,1.0,1.0,0.0,0.0,0.0,0.0,0.0,0.0,1.0,0,5.703901800869879,2.1245331826208416,0,0,0.08323412698412698
aggregation,Q097,608,4.7499,4.6344,4.9574,3,OK,,"SELECT p_mfgr, COUNT(*) AS part_count FROM part GROUP BY p_mfgr HAVING COUNT(*) > 200 ORDER BY part_count DESC",11.0,11.0,1.0,0.0,0.0,0.0,1.0,0.0,0.0,1.0,0.0,19919.0,19919.0,19919.0,9.899479531138589,100.0,100.0,1.0,1.0,0.0,0.0,0.0,0.0,0.0,0.0,1.0,0,1.7491824633536808,0.03374619414842884,1,1,1.0
aggregation,Q098,609,168.2454,162.2168,179.5505,3,OK,,"SELECT o_custkey, AVG(o_totalprice) AS avg_order_value FROM orders GROUP BY o_custkey HAVING AVG(o_totalprice) > 100000 ",10.0,10.0,0.0,1.0,0.0,0.0,1.0,1.0,1.0,0.0,1.0,148465.0,148465.0,148465.0,11.908111254781456,100.0,100.0,1.0,1.0,0.0,0.0,0.0,0.0,0.0,0.0,1.0,0,5.131349732693346,1.1953182031158693,0,0,0.002
aggregation,Q099,610,40.9412,39.3206,44.1337,3,OK,,"SELECT ps_suppkey, AVG(ps_supplycost) AS avg_cost FROM partsupp GROUP BY ps_suppkey HAVING AVG(ps_supplycost) > (SELECT ",11.0,11.0,1.0,0.0,0.0,0.0,2.0,0.0,0.0,1.0,1.0,164980.0,82490.0,82490.0,12.01358559473712,100.0,100.0,1.0,1.0,0.0,0.0,0.0,1.0,0.0,0.0,2.0,0,3.7362686373677403,0.2908713202108791,1,1,0.995
aggregation,Q100,611,12.0254,11.8015,12.3958,3,OK,,"SELECT ps_partkey, ps_suppkey, ps_availqty FROM partsupp WHERE ps_availqty < 100 ORDER BY ps_availqty",11.0,11.0,1.0,0.0,0.0,0.0,1.0,0.0,0.0,1.0,0.0,82490.0,82490.0,82490.0,11.320444475462835,33.33,33.33,1.0,0.0,0.0,1.0,0.0,0.0,0.0,0.0,1.0,0,2.5669012973406278,0.08543579509305797,1,1,1.0
aggregation,Q101,612,11.1882,10.1625,12.3036,3,OK,,"SELECT c_nationkey, AVG(c_acctbal) AS avg_balance FROM customer GROUP BY c_nationkey HAVING AVG(c_acctbal) > 4000 ORDER ",10.0,10.0,0.0,1.0,0.0,0.0,1.0,1.0,1.0,0.0,1.0,14892.0,14892.0,14892.0,9.608646582885868,100.0,100.0,1.0,1.0,0.0,0.0,0.0,0.0,0.0,0.0,1.0,0,2.5004682705720236,0.07948781434797605,0,0,0.006666666666666666
aggregation,Q102,613,237.061,234.4475,241.5457,3,OK,,"SELECT l_shipmode, SUM(l_quantity) AS total_qty FROM lineitem GROUP BY l_shipmode HAVING SUM(l_quantity) > 5000000 ORDER",11.0,11.0,1.0,0.0,0.0,0.0,1.0,0.0,0.0,1.0,0.0,594745.0,594745.0,594745.0,13.295889702627665,100.0,100.0,1.0,1.0,0.0,0.0,0.0,0.0,0.0,0.0,1.0,0,5.472526943352603,1.6842263060318508,1,1,1.0
aggregation,Q103,614,11.7776,11.4105,12.4604,3,OK,,"SELECT p_brand, COUNT(DISTINCT p_partkey) AS distinct_parts FROM part GROUP BY p_brand HAVING COUNT(DISTINCT p_partkey) ",11.0,11.0,1.0,0.0,0.0,0.0,1.0,0.0,0.0,1.0,0.0,19919.0,19919.0,19919.0,9.899479531138589,100.0,100.0,1.0,1.0,0.0,0.0,0.0,0.0,0.0,0.0,1.0,0,2.547693637886765,0.08367527236416249,1,1,1.0
aggregation,Q104,615,38.9367,37.6451,41.1286,3,OK,,"SELECT o_clerk, COUNT(*) AS order_count FROM orders GROUP BY o_clerk HAVING COUNT(*) > 500 ORDER BY order_count DESC",11.0,11.0,1.0,0.0,0.0,0.0,1.0,0.0,0.0,1.0,0.0,148465.0,148465.0,148465.0,11.908111254781456,100.0,100.0,1.0,1.0,0.0,0.0,0.0,0.0,0.0,0.0,1.0,0,3.68729570063822,0.27663012646563695,1,1,1.0
aggregation,Q105,616,9.5414,9.4474,9.7045,3,OK,,"SELECT p_type, MAX(p_retailprice) AS max_price FROM part GROUP BY p_type HAVING MAX(p_retailprice) > 2000 ORDER BY max_p",11.0,11.0,1.0,0.0,0.0,0.0,1.0,0.0,0.0,1.0,0.0,19919.0,19919.0,19919.0,9.899479531138589,100.0,100.0,1.0,1.0,0.0,0.0,0.0,0.0,0.0,0.0,1.0,0,2.3553103616169264,0.0677879401351226,1,1,1.0
aggregation,Q106,617,307.515,304.4931,311.467,3,OK,,"SELECT l_suppkey, SUM(l_extendedprice * (1 - l_discount)) AS revenue FROM lineitem GROUP BY l_suppkey HAVING SUM(l_exten",11.0,11.0,1.0,0.0,0.0,0.0,1.0,0.0,0.0,1.0,0.0,594745.0,594745.0,594745.0,13.295889702627665,100.0,100.0,1.0,1.0,0.0,0.0,0.0,0.0,0.0,0.0,1.0,0,5.731770464529702,2.1847746044241125,1,1,1.0
aggregation,Q107,618,49.9337,49.8095,50.1372,3,OK,,"SELECT YEAR(o_orderdate) AS order_year, SUM(o_totalprice) AS total_value FROM orders GROUP BY YEAR(o_orderdate) HAVING S",11.0,11.0,1.0,0.0,0.0,0.0,1.0,0.0,0.0,1.0,1.0,148465.0,148465.0,148465.0,11.908111254781456,100.0,100.0,1.0,1.0,0.0,0.0,0.0,0.0,0.0,0.0,1.0,0,3.9305247869912776,0.3547595390954338,1,1,1.0
aggregation,Q108,619,0.5849,0.5007,0.745,3,OK,,"SELECT s_nationkey, COUNT(*) AS supplier_count FROM supplier GROUP BY s_nationkey HAVING COUNT(*) > 50 ORDER BY supplier",11.0,11.0,1.0,0.0,0.0,0.0,1.0,0.0,0.0,1.0,0.0,1000.0,1000.0,1000.0,6.90875477931522,100.0,100.0,1.0,1.0,0.0,0.0,0.0,0.0,0.0,0.0,1.0,0,0.4605213138562428,0.004155487264451046,1,1,1.0
aggregation,Q109,620,8.3206,7.9358,8.8879,3,OK,,"SELECT c_mktsegment, AVG(c_acctbal) AS avg_balance FROM customer GROUP BY c_mktsegment HAVING AVG(c_acctbal) > (SELECT A",11.0,11.0,1.0,0.0,0.0,0.0,2.0,0.0,0.0,1.0,0.0,29784.0,14892.0,14892.0,10.301760190062788,100.0,100.0,1.0,1.0,0.0,0.0,0.0,1.0,0.0,0.0,2.0,0,2.2322270043077492,0.0591146304198861,1,1,1.0
aggregation,Q110,621,63.4007,61.3177,67.2875,3,OK,,"SELECT l_partkey, COUNT(*) AS order_times FROM lineitem GROUP BY l_partkey HAVING COUNT(*) > 1000 ORDER BY order_times D",10.0,10.0,0.0,1.0,0.0,0.0,1.0,1.0,1.0,0.0,1.0,594745.0,594745.0,594745.0,13.295889702627665,100.0,100.0,1.0,1.0,1.0,0.0,0.0,0.0,0.0,0.0,1.0,0,4.165124502616452,0.4504373421222114,0,0,0.07165674603174604
aggregation,Q111,622,32.3666,31.8991,33.2816,3,OK,,"SELECT ps_suppkey, COUNT(DISTINCT ps_partkey) AS distinct_parts FROM partsupp GROUP BY ps_suppkey HAVING COUNT(DISTINCT ",10.0,10.0,0.0,1.0,0.0,0.0,1.0,1.0,1.0,0.0,2.0,82490.0,82490.0,82490.0,11.320444475462835,100.0,100.0,1.0,1.0,1.0,0.0,0.0,0.0,0.0,0.0,1.0,0,3.507555399649071,0.22995211847081762,0,0,0.006666666666666667
aggregation,Q112,623,57.6759,57.4629,58.0985,3,OK,,"SELECT o_orderpriority, AVG(o_totalprice) AS avg_total FROM orders GROUP BY o_orderpriority HAVING AVG(o_totalprice) > 1",11.0,11.0,1.0,0.0,0.0,0.0,1.0,0.0,0.0,1.0,0.0,148465.0,148465.0,148465.0,11.908111254781456,100.0,100.0,1.0,1.0,0.0,0.0,0.0,0.0,0.0,0.0,1.0,0,4.072029080349744,0.4097648622255977,1,1,1.0
aggregation,Q113,624,147.7281,146.3046,148.5628,3,OK,,"SELECT o_custkey, COUNT(DISTINCT YEAR(o_orderdate)) AS active_years FROM orders GROUP BY o_custkey HAVING COUNT(DISTINCT",10.0,10.0,0.0,1.0,0.0,0.0,1.0,1.0,1.0,0.0,1.0,148465.0,148465.0,148465.0,11.908111254781456,100.0,100.0,1.0,1.0,0.0,0.0,0.0,0.0,0.0,0.0,1.0,0,5.00211980669604,1.0495507576535317,0,0,0.0
aggregation,Q114,625,6.7788,6.6917,6.9409,3,OK,,"SELECT p_container, AVG(p_size) AS avg_size FROM part GROUP BY p_container HAVING AVG(p_size) > 30 ORDER BY avg_size DES",11.0,11.0,1.0,0.0,0.0,0.0,1.0,0.0,0.0,1.0,0.0,19919.0,19919.0,19919.0,9.899479531138589,100.0,100.0,1.0,1.0,0.0,0.0,0.0,0.0,0.0,0.0,1.0,0,2.0514020846485903,0.04816074041419175,1,1,1.0
aggregation,Q115,626,278.2071,277.0164,280.2664,3,OK,,"SELECT l_returnflag, SUM(l_extendedprice * l_discount) AS total_discount FROM lineitem GROUP BY l_returnflag HAVING SUM(",11.0,11.0,1.0,0.0,0.0,0.0,1.0,0.0,0.0,1.0,0.0,594745.0,594745.0,594745.0,13.295889702627665,100.0,100.0,1.0,1.0,0.0,0.0,0.0,0.0,0.0,0.0,1.0,0,5.631953800364313,1.9765533611384147,1,1,1.0
aggregation,Q116,627,27.3714,25.6592,30.5842,3,OK,,"SELECT ps_suppkey, MIN(ps_supplycost) AS min_cost FROM partsupp GROUP BY ps_suppkey HAVING MIN(ps_supplycost) < 10 ORDER",11.0,11.0,1.0,0.0,0.0,0.0,1.0,0.0,0.0,1.0,2.0,82490.0,82490.0,82490.0,11.320444475462835,100.0,100.0,1.0,1.0,0.0,0.0,0.0,0.0,0.0,0.0,1.0,0,3.3453815955059065,0.19446316312223522,1,1,1.0
aggregation,Q117,628,62.9606,61.674,64.9229,3,OK,,"SELECT c_nationkey, COUNT(*) AS customer_count, COUNT(DISTINCT o_orderkey) AS total_orders FROM customer JOIN orders ON ",10.0,6.5,0.0,1.0,0.0,1.0,2.0,2.0,1.0,0.0,1.5,14906.0,14892.0,7453.0,9.60958618027043,100.0,100.0,1.0,1.0,1.0,0.0,0.0,0.0,0.0,0.0,1.0,0,4.158267268784793,0.4473106026024903,0,0,0.03773809523809524
aggregation,Q118,629,7.5346,7.5182,7.5509,3,OK,,"SELECT p_brand, AVG(p_retailprice) AS avg_retail_price FROM part GROUP BY p_brand HAVING AVG(p_retailprice) BETWEEN 1000",11.0,11.0,1.0,0.0,0.0,0.0,1.0,0.0,0.0,1.0,0.0,19919.0,19919.0,19919.0,9.899479531138589,100.0,100.0,1.0,1.0,0.0,0.0,0.0,0.0,0.0,0.0,1.0,0,2.1441284893016515,0.05353040578343795,1,1,1.0
aggregation,Q119,630,126.8002,125.6324,128.6304,3,OK,,"SELECT l_shipmode, COUNT(*) AS returned_count FROM lineitem WHERE l_returnflag = 'R' GROUP BY l_shipmode HAVING COUNT(*)",11.0,11.0,1.0,0.0,0.0,0.0,1.0,0.0,0.0,1.0,0.0,594745.0,594745.0,594745.0,13.295889702627665,10.0,10.0,1.0,1.0,0.0,1.0,0.0,0.0,0.0,0.0,1.0,0,4.850468106887437,0.9008661587106268,1,1,1.0
aggregation,Q121,632,36.0297,34.3055,37.2387,3,OK,,"SELECT o_custkey, COUNT(*) AS order_count FROM orders GROUP BY o_custkey HAVING COUNT(*) > ( SELECT AVG(cnt) FROM ( SELE",11.0,10.333333333333334,1.0,1.0,0.0,0.0,3.0,2.0,0.6666666666666666,0.0,0.6666666666666666,445395.0,148465.0,148465.0,13.006719053073564,100.0,100.0,1.0,1.0,1.0,0.0,0.0,1.0,1.0,0.0,3.0,0,3.6117202933534114,0.2559770208445749,1,1,0.995
aggregation,Q122,633,64041.6633,63968.4007,64150.5129,3,OK,,"SELECT p_partkey, p_type, p_retailprice FROM part p WHERE p_retailprice > ( SELECT AVG(p2.p_retailprice) FROM part p2 WH",11.0,11.0,1.0,0.0,0.0,0.0,2.0,0.0,0.0,1.0,0.0,39838.0,19919.0,19919.0,10.592601610981907,55.0,10.0,1.0,0.0,0.0,1.0,0.0,1.0,0.0,0.0,2.0,0,11.067304754315847,454.9911373523884,1,1,1.0
aggregation,Q123,634,208.6385,203.7309,212.4073,3,OK,,"SELECT ps_suppkey, ps_partkey, ps_supplycost FROM partsupp ps WHERE ps_supplycost < ( SELECT AVG(ps2.ps_supplycost) FROM",11.0,7.0,1.0,0.0,0.0,1.0,2.0,1.0,0.5,0.0,1.0,82493.0,82490.0,41246.5,11.320480842405289,100.0,100.0,1.0,0.0,0.0,1.0,0.0,1.0,0.0,0.0,2.0,0,5.3453846187853,1.482295485765378,1,1,1.0
aggregation,Q124,635,131.728,130.008,135.0287,3,OK,,"SELECT o_custkey, SUM(o_totalprice) AS total_value FROM orders GROUP BY o_custkey ORDER BY total_value DESC LIMIT 10",10.0,10.0,0.0,1.0,0.0,0.0,1.0,1.0,1.0,0.0,1.0,148465.0,148465.0,148465.0,11.908111254781456,100.0,100.0,1.0,1.0,0.0,0.0,0.0,0.0,0.0,0.0,1.0,0,4.888301921341054,0.935876263244328,0,0,0.0
aggregation,Q125,636,678.0649,675.0968,682.2269,3,OK,,"SELECT n_name, SUM(l_extendedprice * (1 - l_discount)) AS nation_revenue, SUM(l_extendedprice * (1 - l_discount)) / (SEL",11.0,6.2,1.0,0.0,0.0,1.0,5.0,3.0,0.6,0.0,1.2,595383.0,594745.0,119076.6,13.296961854512107,100.0,100.0,1.0,1.0,1.0,0.0,0.0,1.0,0.0,0.0,2.0,0,6.520716704728903,4.817387684084924,1,1,1.0
aggregation,Q126,637,41.9136,40.4178,44.5511,3,OK,,"SELECT p_partkey, p_name FROM part WHERE p_partkey NOT IN ( SELECT DISTINCT l_partkey FROM lineitem )",11.0,7.0,1.0,0.0,0.0,1.0,2.0,1.0,0.5,0.0,0.5,19948.0,19919.0,9974.0,9.90093429574841,100.0,100.0,0.0,0.0,1.0,1.0,0.0,0.0,0.0,0.0,1.0,0,3.7591887920119325,0.29777984443032207,1,1,1.0
aggregation,Q127,638,25.8852,25.4962,26.3554,3,OK,,"SELECT c_custkey, c_name FROM customer WHERE c_custkey NOT IN ( SELECT DISTINCT o_custkey FROM orders )",11.0,7.666666666666667,1.0,1.0,0.0,1.0,3.0,2.0,0.6666666666666666,0.0,0.6666666666666666,163358.0,148465.0,54452.666666666664,12.003705511930198,100.0,100.0,0.0,0.0,1.0,1.0,0.0,0.0,0.0,0.0,2.0,0,3.2915759493264023,0.18390428951576035,1,1,1.0
aggregation,Q128,639,54.1975,53.9003,54.7847,3,OK,,"SELECT c_mktsegment, AVG(order_count) AS avg_orders_per_customer FROM ( SELECT c_mktsegment, o_custkey, COUNT(*) AS orde",11.0,8.333333333333334,1.0,0.0,0.0,1.0,3.0,1.0,0.3333333333333333,0.0,0.6666666666666666,235316.0,220410.0,78438.66666666667,12.368688820299473,100.0,100.0,1.0,1.0,1.0,0.0,0.0,0.0,1.0,0.0,2.0,0,4.010917662402361,0.3850521815952908,1,1,1.0
aggregation,Q129,640,480.9151,477.2915,487.6048,3,OK,,"SELECT n_name, SUM(l_extendedprice * (1 - l_discount)) AS total_revenue, RANK() OVER (ORDER BY SUM(l_extendedprice * (1 ",10.0,4.25,0.0,1.0,0.0,1.0,4.0,4.0,1.0,0.0,1.5,148471.0,148465.0,37117.75,11.90815166725814,100.0,100.0,1.0,1.0,1.0,0.0,0.0,0.0,0.0,0.0,1.0,0,6.1777679574571005,3.416714948422297,0,0,0.3114047619047619
aggregation,Q130,641,118.206,117.5405,118.9847,3,OK,,"SELECT n_name, s_name, MAX(ps_supplycost) AS max_supply_cost FROM partsupp JOIN supplier ON ps_suppkey = s_suppkey JOIN ",11.0,5.0,1.0,0.0,0.0,1.0,3.0,2.0,0.6666666666666666,0.0,0.6666666666666666,82492.0,82490.0,27497.333333333332,11.320468720238088,100.0,100.0,1.0,1.0,0.0,0.0,0.0,0.0,0.0,0.0,1.0,0,4.7808530889349266,0.839807706585229,1,1,1.0
aggregation,Q131,642,41.1676,39.2808,44.7415,3,OK,,"SELECT order_year, total_revenue, LAG(total_revenue) OVER (ORDER BY order_year) AS prev_year_revenue, total_revenue - LA",11.0,11.0,1.0,0.0,0.0,0.0,2.0,0.0,0.0,1.0,0.5,296930.0,148465.0,148465.0,12.60125506756129,100.0,100.0,1.0,1.0,0.0,0.0,0.0,0.0,1.0,0.0,2.0,0,3.741652153641855,0.29247980425374404,1,1,1.0
aggregation,Q132,643,942.8004,932.3037,950.901,3,OK,,"SELECT p_brand, p_name, revenue FROM ( SELECT p_brand, p_name, SUM(l_extendedprice * (1 - l_discount)) AS revenue, RANK(",11.0,8.0,1.0,0.0,0.0,1.0,3.0,1.0,0.3333333333333333,0.0,0.6666666666666666,1189491.0,594745.0,396497.0,13.98903688318761,77.77666666666666,33.33,1.0,1.0,0.0,1.0,0.0,0.0,1.0,0.0,2.0,0,6.8499147031108025,6.698230560983676,1,1,1.0
aggregation,Q133,644,46.284,45.978,46.6213,3,OK,,"SELECT order_year, o_orderpriority, order_count, order_count / SUM(order_count) OVER (PARTITION BY order_year) * 100 AS ",11.0,11.0,1.0,0.0,0.0,0.0,2.0,0.0,0.0,1.0,0.0,296930.0,148465.0,148465.0,12.60125506756129,100.0,100.0,1.0,1.0,0.0,0.0,0.0,0.0,1.0,0.0,2.0,0,3.8561719718881307,0.328829838515733,1,1,1.0
aggregation,Q134,645,434.9233,432.6895,438.1548,3,OK,,"SELECT order_year, AVG(lineitem_count) AS avg_lineitems_per_order FROM ( SELECT YEAR(o_orderdate) AS order_year, l_order",11.0,8.0,1.0,1.0,0.0,1.0,3.0,2.0,0.6666666666666666,0.0,0.6666666666666666,757090.0,608621.0,252363.33333333334,13.537238736555413,100.0,100.0,1.0,1.0,1.0,0.0,0.0,0.0,1.0,0.0,2.0,0,6.0774663104425555,3.089961077385915,1,1,0.9941964285714286
aggregation,Q135,646,991.96,984.746,1005.9823,3,OK,,"SELECT n_name FROM ( SELECT n_name, SUM(l_extendedprice * (1 - l_discount)) AS nation_supply_revenue FROM lineitem JOIN ",11.0,6.0,1.0,1.0,0.0,1.0,7.0,5.0,0.7142857142857143,0.0,0.8571428571428571,1190126.0,594745.0,170018.0,13.989570582082326,90.47571428571428,33.33,0.0,1.0,1.0,1.0,0.0,1.0,1.0,0.0,3.0,0,6.9006903812600155,7.047490420319473,1,1,0.995625
aggregation,Q136,647,133.8005,131.8525,136.825,3,OK,,"SELECT ps_partkey, ps_suppkey, ps_availqty FROM partsupp ps WHERE ps_availqty = ( SELECT MAX(ps2.ps_availqty) FROM parts",10.0,6.5,0.0,1.0,0.0,1.0,2.0,2.0,1.0,0.0,1.0,82493.0,82490.0,41246.5,11.320480842405289,100.0,100.0,0.0,0.0,0.0,1.0,0.0,1.0,0.0,0.0,2.0,0,4.9037959076701405,0.9506005705713494,0,0,0.003333333333333333
aggregation,Q137,648,152.3426,150.239,154.1979,3,OK,,"SELECT c_custkey, c_name, c_acctbal, total_spend FROM customer JOIN ( SELECT o_custkey, SUM(o_totalprice) AS total_spend",11.0,8.0,1.0,1.0,0.0,1.0,3.0,2.0,0.6666666666666666,0.0,1.0,163375.0,148465.0,54458.333333333336,12.003809571795319,77.77666666666666,33.33,1.0,1.0,0.0,1.0,0.0,0.0,1.0,0.0,2.0,0,5.032674633771532,1.0823349874053,1,1,1.0
aggregation,Q138,649,285.8767,283.1853,291.1752,3,OK,,"SELECT ship_year, l_shipmode, mode_revenue, mode_revenue / SUM(mode_revenue) OVER (PARTITION BY ship_year) * 100 AS reve",11.0,11.0,1.0,0.0,0.0,0.0,2.0,0.0,0.0,1.0,0.0,1189490.0,594745.0,594745.0,13.989036042492238,100.0,100.0,1.0,1.0,0.0,0.0,0.0,0.0,1.0,0.0,2.0,0,5.659052506723177,2.0310428894739143,1,1,1.0
aggregation,Q139,650,32.0735,31.3934,32.9863,3,OK,,"SELECT p_partkey, p_type, p_retailprice, ABS(p_retailprice - avg_type_price) AS price_deviation FROM part JOIN ( SELECT ",11.0,8.333333333333334,1.0,0.0,0.0,1.0,3.0,1.0,0.3333333333333333,0.0,0.3333333333333333,39848.0,19919.0,13282.666666666666,10.592852589800613,100.0,100.0,1.0,1.0,0.0,0.0,0.0,0.0,1.0,0.0,2.0,0,3.4987323574986875,0.22786975684111924,1,1,1.0
aggregation,Q140,651,70.3062,68.2306,73.2351,3,OK,,"SELECT o_orderdate, SUM(o_totalprice) AS daily_revenue, SUM(SUM(o_totalprice)) OVER (ORDER BY o_orderdate) AS cumulative",11.0,11.0,1.0,0.0,0.0,0.0,1.0,0.0,0.0,1.0,1.0,148465.0,148465.0,148465.0,11.908111254781456,100.0,100.0,1.0,1.0,0.0,0.0,0.0,0.0,0.0,0.0,1.0,0,4.26698328016149,0.49949823681304184,1,1,1.0
aggregation,Q141,652,1.1324,1.0639,1.2516,3,OK,,"SELECT n_name, supplier_count FROM ( SELECT n_name, COUNT(*) AS supplier_count FROM supplier JOIN nation ON s_nationkey ",11.0,9.2,1.0,0.0,0.0,1.0,5.0,1.0,0.2,0.0,0.2,4001.0,1000.0,800.2,8.294549515143679,86.666,33.33,1.0,1.0,0.0,1.0,0.0,1.0,1.0,0.0,3.0,0,0.757248105966469,0.008045262058923518,1,1,0.99425
aggregation,Q142,653,448.5235,448.0896,449.3707,3,OK,,"SELECT c_mktsegment, SUM(l_extendedprice * l_discount) AS total_discount_savings FROM lineitem JOIN orders ON l_orderkey",10.0,5.0,0.0,1.0,0.0,1.0,3.0,3.0,1.0,0.0,1.3333333333333333,148470.0,148465.0,49490.0,11.908144931958773,100.0,100.0,1.0,1.0,1.0,0.0,0.0,0.0,0.0,0.0,1.0,0,6.108188132856564,3.1865852146640603,0,0,0.06901587301587303
aggregation,Q143,654,636.1704,629.1718,644.9543,3,OK,,"SELECT o_orderpriority, AVG(item_count) AS avg_lineitems FROM ( SELECT o_orderkey, o_orderpriority, COUNT(*) AS item_cou",11.0,8.333333333333334,1.0,0.0,0.0,1.0,3.0,1.0,0.3333333333333333,0.0,0.6666666666666666,757090.0,608621.0,252363.33333333334,13.537238736555413,100.0,100.0,1.0,1.0,1.0,0.0,0.0,0.0,1.0,0.0,2.0,0,6.457037123724015,4.519743537734191,1,1,1.0
aggregation,Q144,655,939.4355,929.8794,955.8912,3,OK,,"SELECT CASE WHEN p_size > 30 THEN 'Large' ELSE 'Small' END AS size_group, SUM(l_extendedprice * (1 - l_discount)) AS rev",10.0,6.5,0.0,1.0,0.0,1.0,2.0,2.0,1.0,0.0,1.5,19948.0,19919.0,9974.0,9.90093429574841,100.0,100.0,1.0,1.0,1.0,0.0,0.0,0.0,0.0,0.0,1.0,0,6.846343065847067,6.674324253758251,1,1,0.9535714285714286
aggregation,Q145,656,386.1054,385.217,387.6726,3,OK,,"SELECT YEAR(o_orderdate) AS order_year, AVG(DATEDIFF(l_shipdate, o_orderdate)) AS avg_ship_lag_days FROM orders JOIN lin",10.0,6.5,0.0,1.0,0.0,1.0,2.0,2.0,1.0,0.0,1.5,148469.0,148465.0,74234.5,11.908138196614042,100.0,100.0,1.0,1.0,1.0,0.0,0.0,0.0,0.0,0.0,1.0,0,5.958697007370055,2.7431288637985585,0,0,0.02808333333333333
aggregation,Q146,657,69.0083,65.7949,71.9971,3,OK,,"SELECT o_custkey, SUM(o_totalprice) AS total_spend, RANK() OVER (ORDER BY SUM(o_totalprice) DESC) AS spend_rank FROM ord",11.0,11.0,1.0,0.0,0.0,0.0,1.0,0.0,0.0,1.0,1.0,148465.0,148465.0,148465.0,11.908111254781456,100.0,100.0,1.0,1.0,0.0,0.0,0.0,0.0,0.0,0.0,1.0,0,4.248613806448894,0.49027716155140566,1,1,1.0
aggregation,Q147,658,1.0107,0.8691,1.2267,3,OK,,"SELECT n_name, COUNT(*) AS supplier_count, DENSE_RANK() OVER (ORDER BY COUNT(*) DESC) AS nation_rank FROM supplier JOIN ",11.0,6.5,1.0,0.0,0.0,1.0,2.0,1.0,0.5,0.0,0.5,1001.0,1000.0,500.5,6.90975328164481,100.0,100.0,1.0,1.0,0.0,0.0,0.0,0.0,0.0,0.0,1.0,0,0.6984829201494644,0.007180630839768631,1,1,1.0
aggregation,Q148,659,25.097,24.8682,25.2721,3,OK,,"SELECT YEAR(o_orderdate) AS order_year, COUNT(*) AS yearly_orders, SUM(COUNT(*)) OVER (ORDER BY YEAR(o_orderdate)) AS ru",10.0,10.0,0.0,1.0,0.0,0.0,1.0,1.0,1.0,0.0,1.0,148465.0,148465.0,148465.0,11.908111254781456,100.0,100.0,1.0,1.0,1.0,0.0,0.0,0.0,0.0,0.0,1.0,0,3.2618203651935134,0.17830443473401936,0,0,0.0016666666666666666
aggregation,Q149,660,481.1881,476.6719,489.6698,3,OK,,"SELECT n_name, nation_revenue, PERCENT_RANK() OVER (ORDER BY nation_revenue) AS revenue_percentile FROM ( SELECT n_name,",11.0,5.6,1.0,1.0,0.0,1.0,5.0,4.0,0.8,0.0,1.2,757092.0,608621.0,151418.4,13.537241378242289,100.0,100.0,1.0,1.0,1.0,0.0,0.0,0.0,1.0,0.0,2.0,0,6.178334286885935,3.4186545073609107,1,1,0.9931964285714286
aggregation,Q150,661,138.5849,136.6411,139.6506,3,OK,,"SELECT o_orderdate, daily_total, AVG(daily_total) OVER (ORDER BY o_orderdate ROWS BETWEEN 6 PRECEDING AND CURRENT ROW) A",11.0,10.5,1.0,1.0,0.0,0.0,2.0,1.0,0.5,0.0,0.5,296930.0,148465.0,148465.0,12.60125506756129,100.0,100.0,1.0,0.0,0.0,0.0,0.0,0.0,1.0,0.0,2.0,0,4.938673018288776,0.9845918738164162,1,1,0.9958333333333332
aggregation,Q151,662,174.1635,168.2981,179.6445,3,OK,,"SELECT o_custkey, MIN(o_orderdate) AS first_order, MAX(o_orderdate) AS last_order, DATEDIFF(MAX(o_orderdate), MIN(o_orde",10.0,10.0,0.0,1.0,0.0,0.0,1.0,1.0,1.0,0.0,1.0,148465.0,148465.0,148465.0,11.908111254781456,100.0,100.0,1.0,1.0,0.0,0.0,0.0,0.0,0.0,0.0,1.0,0,5.1657198234645545,1.2373640044148055,0,0,0.002
aggregation,Q152,663,1192.5154,1150.1413,1220.0747,3,OK,,"SELECT l_orderkey, l_linenumber, l_extendedprice, ROW_NUMBER() OVER (PARTITION BY l_orderkey ORDER BY l_extendedprice DE",11.0,11.0,1.0,0.0,0.0,0.0,1.0,0.0,0.0,1.0,0.0,594745.0,594745.0,594745.0,13.295889702627665,100.0,100.0,1.0,0.0,0.0,0.0,0.0,0.0,0.0,0.0,1.0,0,7.084658348921446,8.472358620895445,1,1,1.0
aggregation,Q153,664,261.3278,246.9036,289.5817,3,OK,,"SELECT l_shipmode, ship_year, yearly_qty, SUM(yearly_qty) OVER (PARTITION BY l_shipmode ORDER BY ship_year) AS cumulativ",11.0,11.0,1.0,0.0,0.0,0.0,2.0,0.0,0.0,1.0,0.0,1189490.0,594745.0,594745.0,13.989036042492238,100.0,100.0,1.0,1.0,0.0,0.0,0.0,0.0,1.0,0.0,2.0,0,5.569594866769532,1.8566324923012656,1,1,1.0
aggregation,Q154,665,192.6405,187.0086,202.1274,3,OK,,"SELECT o_custkey, total_spend, NTILE(4) OVER (ORDER BY total_spend) AS spend_quartile FROM ( SELECT o_custkey, SUM(o_tot",11.0,10.5,1.0,1.0,0.0,0.0,2.0,1.0,0.5,0.0,0.5,296930.0,148465.0,148465.0,12.60125506756129,100.0,100.0,1.0,0.0,0.0,0.0,0.0,0.0,1.0,0.0,2.0,0,5.266003347179294,1.3686359110403177,1,1,0.9992857142857143
aggregation,Q155,666,219.585,203.0821,238.3895,3,OK,,"SELECT n_name, order_year, nation_revenue, LAG(nation_revenue) OVER (PARTITION BY n_name ORDER BY order_year) AS prev_ye",11.0,7.0,1.0,0.0,0.0,1.0,4.0,2.0,0.5,0.0,1.0,221044.0,220410.0,55261.0,12.306121579681673,100.0,100.0,1.0,1.0,1.0,0.0,0.0,0.0,1.0,0.0,2.0,0,5.396283108134017,1.560066115514589,1,1,1.0
aggregation,Q156,667,290.2542,287.3051,291.7654,3,OK,,"SELECT ship_year, l_shipmode, mode_revenue, MAX(mode_revenue) OVER (PARTITION BY ship_year) AS max_mode_revenue FROM ( S",11.0,11.0,1.0,0.0,0.0,0.0,2.0,0.0,0.0,1.0,0.0,1189490.0,594745.0,594745.0,13.989036042492238,100.0,100.0,1.0,1.0,0.0,0.0,0.0,0.0,1.0,0.0,2.0,0,5.674196425376793,2.0621433263009523,1,1,1.0
aggregation,Q157,668,1105.7325,1051.404,1188.1862,3,OK,,"SELECT p_brand, p_partkey, part_revenue, RANK() OVER (PARTITION BY p_brand ORDER BY part_revenue DESC) AS brand_rank FRO",11.0,8.333333333333334,1.0,0.0,0.0,1.0,3.0,1.0,0.3333333333333333,0.0,0.6666666666666666,615470.0,595522.0,205156.66666666666,13.330143107330924,100.0,100.0,1.0,1.0,0.0,0.0,0.0,0.0,1.0,0.0,2.0,0,7.009167259424894,7.8557998318338464,1,1,1.0
aggregation,Q158,669,102.3728,93.3391,117.7305,3,OK,,"SELECT ps_partkey, ps_suppkey, ps_availqty, RANK() OVER (PARTITION BY ps_partkey ORDER BY ps_availqty DESC) AS avail_ran",11.0,11.0,1.0,0.0,0.0,0.0,1.0,0.0,0.0,1.0,0.0,82490.0,82490.0,82490.0,11.320444475462835,100.0,100.0,1.0,0.0,0.0,0.0,0.0,0.0,0.0,0.0,1.0,0,4.638341871376163,0.7273189718348334,1,1,1.0
aggregation,Q159,670,250.0195,217.3829,279.9429,3,OK,,"SELECT o_custkey, c_mktsegment, customer_spend, AVG(customer_spend) OVER (PARTITION BY c_mktsegment) AS segment_avg_spen",11.0,8.0,1.0,0.0,0.0,1.0,3.0,1.0,0.3333333333333333,0.0,0.6666666666666666,296931.0,148465.0,98977.0,12.601258435341402,100.0,100.0,1.0,1.0,0.0,0.0,0.0,0.0,1.0,0.0,2.0,0,5.525530625357159,1.7762914141125292,1,1,1.0
aggregation,Q160,671,183.8121,177.2246,190.1426,3,OK,,"SELECT r_name, order_year, yearly_revenue, SUM(yearly_revenue) OVER (PARTITION BY r_name ORDER BY order_year) AS cumulat",11.0,7.8,1.0,0.0,0.0,1.0,5.0,2.0,0.4,0.0,1.0,110844.0,110205.0,22168.8,11.615888108028054,82.0,10.0,1.0,1.0,1.0,1.0,0.0,0.0,1.0,0.0,2.0,0,5.219339633254588,1.30591355890238,1,1,1.0
aggregation,Q161,672,183.9831,182.8976,185.5592,3,OK,,"SELECT DISTINCT o_custkey, FIRST_VALUE(o_orderkey) OVER ( PARTITION BY o_custkey ORDER BY o_totalprice DESC ) AS highest",11.0,11.0,1.0,0.0,0.0,0.0,1.0,0.0,0.0,1.0,1.0,148465.0,148465.0,148465.0,11.908111254781456,100.0,100.0,1.0,0.0,0.0,0.0,0.0,0.0,0.0,0.0,1.0,0,5.220264469554185,1.3071284474683251,1,1,1.0
aggregation,Q162,673,124.5739,124.1977,125.1858,3,OK,,"SELECT n_name, s_name, total_supply_value, RANK() OVER (PARTITION BY n_name ORDER BY total_supply_value DESC) AS nation_",11.0,6.5,1.0,0.0,0.0,1.0,4.0,2.0,0.5,0.0,0.5,164982.0,82490.0,41245.5,12.0135977172717,100.0,100.0,1.0,1.0,0.0,0.0,0.0,0.0,1.0,0.0,2.0,0,4.832894429892386,0.8850491621354046,1,1,1.0
aggregation,Q163,674,1694.9548,1681.847,1704.7898,3,OK,,"SELECT o_custkey, o_orderdate, o_totalprice, MIN(o_totalprice) OVER (PARTITION BY o_custkey ORDER BY o_orderdate) AS run",11.0,11.0,1.0,0.0,0.0,0.0,1.0,0.0,0.0,1.0,0.0,148465.0,148465.0,148465.0,11.908111254781456,100.0,100.0,1.0,0.0,0.0,0.0,0.0,0.0,0.0,0.0,1.0,0,7.43600116505331,12.04199535855731,1,1,1.0
aggregation,Q164,675,628.249,608.2039,659.839,3,OK,,"SELECT p_type, ps_partkey, ps_supplycost, AVG(ps_supplycost) OVER (PARTITION BY p_type) AS type_avg_cost, ps_supplycost ",11.0,6.5,1.0,0.0,0.0,1.0,2.0,1.0,0.5,0.0,1.5,82491.0,82490.0,41245.5,11.320456597923938,100.0,100.0,1.0,1.0,0.0,0.0,0.0,0.0,0.0,0.0,1.0,0,6.444527044820679,4.463465068223808,1,1,1.0
aggregation,Q165,676,197.1161,187.6615,206.8241,3,OK,,"SELECT n_name, order_year, nation_revenue, LEAD(nation_revenue) OVER (PARTITION BY n_name ORDER BY order_year) AS next_y",11.0,7.0,1.0,0.0,0.0,1.0,4.0,2.0,0.5,0.0,1.0,221044.0,220410.0,55261.0,12.306121579681673,100.0,100.0,1.0,1.0,1.0,0.0,0.0,0.0,1.0,0.0,2.0,0,5.288853222486914,1.400433310255187,1,1,1.0
aggregation,Q166,677,405.0176,402.4507,406.303,3,OK,,"SELECT l_shipmode, SUM(CASE WHEN l_returnflag = 'R' THEN l_extendedprice * (1 - l_discount) ELSE 0 END) AS returned_reve",11.0,11.0,1.0,0.0,0.0,0.0,1.0,0.0,0.0,1.0,0.0,594745.0,594745.0,594745.0,13.295889702627665,100.0,100.0,1.0,1.0,0.0,0.0,0.0,0.0,0.0,0.0,1.0,0,6.006396508415854,2.877492697347458,1,1,1.0
aggregation,Q167,678,172.596,163.3866,181.6645,3,OK,,"SELECT o_custkey, COUNT(CASE WHEN o_totalprice > 200000 THEN 1 END) AS high_value_orders, COUNT(CASE WHEN o_totalprice <",10.0,10.0,0.0,1.0,0.0,0.0,1.0,1.0,1.0,0.0,1.0,148465.0,148465.0,148465.0,11.908111254781456,100.0,100.0,1.0,1.0,0.0,0.0,0.0,0.0,0.0,0.0,1.0,0,5.156730760486137,1.2262275258936448,0,0,0.002
aggregation,Q168,679,63.0238,61.5206,65.0682,3,OK,,"SELECT CASE WHEN o_orderpriority = '1-URGENT' THEN 'Urgent' ELSE 'Non-Urgent' END AS priority_group, SUM(o_totalprice) A",11.0,11.0,1.0,0.0,0.0,0.0,1.0,0.0,0.0,1.0,0.0,148465.0,148465.0,148465.0,11.908111254781456,100.0,100.0,1.0,1.0,0.0,0.0,0.0,0.0,0.0,0.0,1.0,0,4.159254889231302,0.4477596140490851,1,1,1.0
aggregation,Q169,680,297.3422,293.6517,299.3125,3,OK,,SELECT CASE WHEN l_discount < 0.02 THEN 'Low (< 2%)' WHEN l_discount < 0.05 THEN 'Medium (2-5%)' WHEN l_discount < 0.08 ,11.0,11.0,1.0,0.0,0.0,0.0,1.0,0.0,0.0,1.0,0.0,594745.0,594745.0,594745.0,13.295889702627665,100.0,100.0,1.0,1.0,0.0,0.0,0.0,0.0,0.0,0.0,1.0,0,5.698241149835487,2.11250081258994,1,1,1.0
aggregation,Q170,681,1.1488,1.0537,1.3107,3,OK,,SELECT CASE WHEN s_acctbal < 0 THEN 'Negative' WHEN s_acctbal < 2500 THEN 'Low' WHEN s_acctbal < 5000 THEN 'Medium' ELSE,11.0,11.0,1.0,0.0,0.0,0.0,1.0,0.0,0.0,1.0,0.0,1000.0,1000.0,1000.0,6.90875477931522,100.0,100.0,1.0,1.0,0.0,0.0,0.0,0.0,0.0,0.0,1.0,0,0.7649095467868361,0.008161777687470272,1,1,1.0
aggregation,Q171,682,48.3012,48.0172,48.5802,3,OK,,"SELECT YEAR(o_orderdate) AS order_year, QUARTER(o_orderdate) AS order_quarter, COUNT(*) AS order_count, SUM(o_totalprice",11.0,11.0,1.0,0.0,0.0,0.0,1.0,0.0,0.0,1.0,1.0,148465.0,148465.0,148465.0,11.908111254781456,100.0,100.0,1.0,1.0,0.0,0.0,0.0,0.0,0.0,0.0,1.0,0,3.897948421523204,0.3431612608269839,1,1,1.0
aggregation,Q172,683,1658.5767,1599.9064,1700.7352,3,OK,,"SELECT CASE WHEN p_size > 25 THEN 'Large' ELSE 'Small' END AS part_size_group, COUNT(DISTINCT l_partkey) AS distinct_par",10.0,6.5,0.0,1.0,0.0,1.0,2.0,2.0,1.0,0.0,1.5,19948.0,19919.0,9974.0,9.90093429574841,100.0,100.0,1.0,0.0,1.0,0.0,0.0,0.0,0.0,0.0,1.0,0,7.414317848832561,11.783543091067266,1,1,0.9575714285714285
aggregation,Q173,684,68.6378,68.5331,68.845,3,OK,,"SELECT CASE WHEN DAYOFWEEK(o_orderdate) IN (1, 7) THEN 'Weekend' ELSE 'Weekday' END AS day_type, COUNT(*) AS order_count",11.0,11.0,1.0,0.0,0.0,0.0,1.0,0.0,0.0,1.0,1.0,148465.0,148465.0,148465.0,11.908111254781456,100.0,100.0,1.0,1.0,0.0,0.0,0.0,0.0,0.0,0.0,1.0,0,4.243307523361349,0.4876449029918585,1,1,1.0
aggregation,Q174,685,7.7823,7.1353,8.82,3,OK,,"SELECT CASE WHEN c_acctbal >= 0 THEN 'Positive' ELSE 'Negative' END AS balance_type, COUNT(*) AS customer_count, AVG(c_a",11.0,11.0,1.0,0.0,0.0,0.0,1.0,0.0,0.0,1.0,0.0,14892.0,14892.0,14892.0,9.608646582885868,100.0,100.0,0.0,1.0,0.0,0.0,0.0,0.0,0.0,0.0,1.0,0,2.17273833233948,0.055290218051183754,1,1,1.0
aggregation,Q175,686,1655.2218,1650.1851,1664.4099,3,OK,,SELECT CASE WHEN p_type LIKE 'STANDARD%' THEN 'Standard' WHEN p_type LIKE 'SMALL%' THEN 'Small' WHEN p_type LIKE 'MEDIUM,11.0,7.0,1.0,0.0,0.0,1.0,2.0,1.0,0.5,0.0,1.0,19948.0,19919.0,9974.0,9.90093429574841,100.0,100.0,1.0,1.0,0.0,0.0,0.0,0.0,0.0,0.0,1.0,0,7.412294263174487,11.759707829956808,1,1,1.0
aggregation,Q176,687,286.2414,286.1512,286.3605,3,OK,,"SELECT CASE WHEN DATEDIFF(l_receiptdate, l_shipdate) <= 3 THEN 'Fast (<=3 days)' WHEN DATEDIFF(l_receiptdate, l_shipdate",11.0,11.0,1.0,0.0,0.0,0.0,1.0,0.0,0.0,1.0,0.0,594745.0,594745.0,594745.0,13.295889702627665,100.0,100.0,1.0,1.0,0.0,0.0,0.0,0.0,0.0,0.0,1.0,0,5.660322977203223,2.03363394128678,1,1,1.0
aggregation,Q177,688,89.6638,75.4883,117.2918,3,OK,,"SELECT CASE WHEN DATEDIFF('1998-12-31', o_orderdate) <= 365 THEN 'Recent' WHEN DATEDIFF('1998-12-31', o_orderdate) <= 73",11.0,11.0,1.0,0.0,0.0,0.0,1.0,0.0,0.0,1.0,1.0,148465.0,148465.0,148465.0,11.908111254781456,100.0,100.0,1.0,1.0,0.0,0.0,0.0,0.0,0.0,0.0,1.0,0,4.50715815948098,0.6370264643225948,1,1,1.0
aggregation,Q178,689,317.5514,316.6513,318.9983,3,OK,,"SELECT l_returnflag, SUM(CASE WHEN l_discount >= 0.05 THEN l_extendedprice * l_discount ELSE 0 END) AS high_discount_sav",11.0,11.0,1.0,0.0,0.0,0.0,1.0,0.0,0.0,1.0,0.0,594745.0,594745.0,594745.0,13.295889702627665,100.0,100.0,0.0,1.0,0.0,0.0,0.0,0.0,0.0,0.0,1.0,0,5.763783843467296,2.256079327250128,1,1,1.0
aggregation,Q179,690,63.0636,62.3577,63.7346,3,OK,,"SELECT c_mktsegment, COUNT(CASE WHEN order_count = 0            THEN 1 END) AS no_orders, COUNT(CASE WHEN order_count BE",11.0,8.333333333333334,1.0,0.0,0.0,1.0,3.0,1.0,0.3333333333333333,0.0,0.3333333333333333,235316.0,220410.0,78438.66666666667,12.368688820299473,100.0,100.0,1.0,1.0,1.0,0.0,0.0,0.0,1.0,0.0,2.0,0,4.1598763399170195,0.4480423775866559,1,1,1.0
aggregation,Q180,691,59.1632,59.0001,59.3151,3,OK,,"SELECT order_month, monthly_revenue, LAG(monthly_revenue) OVER (ORDER BY order_month) AS prev_month_revenue, CASE WHEN m",11.0,11.0,1.0,0.0,0.0,0.0,2.0,0.0,0.0,1.0,0.5,296930.0,148465.0,148465.0,12.60125506756129,100.0,100.0,1.0,1.0,0.0,0.0,0.0,0.0,1.0,0.0,2.0,0,4.097060869716329,0.420331550904719,1,1,1.0
aggregation,Q181,692,657.254,633.6924,698.163,3,OK,,"SELECT l_returnflag, l_linestatus, SUM(l_quantity)                                          AS sum_qty, SUM(l_extendedpr",11.0,11.0,1.0,0.0,0.0,0.0,1.0,0.0,0.0,1.0,1.0,594745.0,594745.0,594745.0,13.295889702627665,50.0,50.0,1.0,1.0,0.0,1.0,0.0,0.0,0.0,0.0,1.0,0,6.489590875076527,4.66953432468714,1,1,1.0
aggregation,Q182,693,82.4907,80.7793,85.5052,3,OK,,"SELECT l_orderkey, SUM(l_extendedprice * (1 - l_discount)) AS revenue, o_orderdate, o_shippriority FROM customer JOIN or",11.0,5.666666666666667,1.0,0.0,0.0,1.0,3.0,2.0,0.6666666666666666,0.0,2.0,14910.0,14892.0,4970.0,9.609854474590907,36.666666666666664,10.0,1.0,1.0,0.0,1.0,0.0,0.0,0.0,0.0,1.0,0,4.424735248408395,0.5860643755952333,1,1,0.9935714285714287
aggregation,Q183,694,60.7651,60.0835,62.072,3,OK,,"SELECT n_name, SUM(l_extendedprice * (1 - l_discount)) AS revenue FROM customer JOIN orders ON c_custkey = o_custkey JOI",11.0,5.5,1.0,0.0,0.0,1.0,6.0,4.0,0.6666666666666666,0.0,1.5,644.0,595.0,107.33333333333333,6.4692503167957724,44.791666666666664,10.0,1.0,1.0,1.0,1.0,0.0,0.0,0.0,0.0,1.0,0,4.123338480027376,0.4317124280613682,1,1,1.0
aggregation,Q184,695,119.8241,118.2008,121.6045,3,OK,,SELECT SUM(l_extendedprice * l_discount) AS revenue_change FROM lineitem WHERE l_shipdate >= '1994-01-01' AND l_shipdate,11.0,11.0,1.0,0.0,0.0,0.0,1.0,0.0,0.0,1.0,1.0,594745.0,594745.0,594745.0,13.295889702627665,1.19,1.19,0.0,0.0,0.0,1.0,0.0,0.0,0.0,0.0,1.0,0,4.794335768913833,0.8513036784481256,1,1,1.0
aggregation,Q185,696,192.6068,175.1772,221.2394,3,OK,,"SELECT c_mktsegment, SUM(o_totalprice) AS segment_revenue, SUM(o_totalprice) / (SELECT SUM(o_totalprice) FROM orders) * ",11.0,7.666666666666667,1.0,1.0,0.0,1.0,3.0,2.0,0.6666666666666666,0.0,0.6666666666666666,296931.0,148465.0,98977.0,12.601258435341402,100.0,100.0,1.0,1.0,1.0,0.0,0.0,1.0,0.0,0.0,2.0,0,5.265829298192586,1.368396485632877,1,1,1.0
aggregation,Q186,697,161.6548,158.3457,164.0955,3,OK,,"SELECT s_name, n_name, COUNT(DISTINCT ps_partkey) AS parts_supplied, AVG(ps_supplycost) AS avg_supply_cost, SUM(ps_avail",11.0,5.0,1.0,0.0,0.0,1.0,3.0,2.0,0.6666666666666666,0.0,0.6666666666666666,82492.0,82490.0,27497.333333333332,11.320468720238088,100.0,100.0,1.0,1.0,0.0,0.0,0.0,0.0,0.0,0.0,1.0,0,5.091630163704325,1.1484945505853668,1,1,1.0
aggregation,Q187,698,527.0776,519.7977,538.5688,3,OK,,"SELECT o_custkey, COUNT(DISTINCT o_orderkey) AS total_orders, COUNT(l_linenumber) AS total_lineitems, SUM(l_extendedpric",10.0,6.5,0.0,1.0,0.0,1.0,2.0,2.0,1.0,0.0,1.5,148469.0,148465.0,74234.5,11.908138196614042,100.0,100.0,1.0,1.0,1.0,0.0,0.0,0.0,0.0,0.0,1.0,0,6.269243242604243,3.744681576641174,1,1,0.7630833333333333
aggregation,Q188,699,195.6711,191.7439,198.5797,3,OK,,"SELECT s_name, n_name AS nation, COUNT(DISTINCT ps_partkey) AS unique_parts, SUM(ps_availqty) AS total_stock, MIN(ps_sup",11.0,5.0,1.0,0.0,0.0,1.0,3.0,2.0,0.6666666666666666,0.0,0.6666666666666666,82492.0,82490.0,27497.333333333332,11.320468720238088,100.0,100.0,1.0,1.0,0.0,0.0,0.0,0.0,0.0,0.0,1.0,0,5.281532790350461,1.3901671466423784,1,1,1.0
aggregation,Q189,700,373.8942,364.1863,384.4831,3,OK,,"SELECT c_custkey, c_name, c_mktsegment, n_name AS nation, COUNT(DISTINCT o_orderkey) AS total_orders, MIN(o_orderdate) A",11.0,5.666666666666667,1.0,0.0,0.0,1.0,3.0,2.0,0.6666666666666666,0.0,1.0,634.0,595.0,211.33333333333334,6.453624998892692,100.0,100.0,1.0,1.0,0.0,0.0,0.0,0.0,0.0,0.0,1.0,0,5.926643852829981,2.6563730318894043,1,1,0.9983333333333334
aggregation,Q190,701,1308.4934,1297.6228,1318.26,3,OK,,"SELECT p_brand, p_type, p_size, COUNT(DISTINCT l_orderkey) AS order_appearances, SUM(l_quantity) AS total_qty_sold, SUM(",11.0,7.0,1.0,0.0,0.0,1.0,2.0,1.0,0.5,0.0,1.0,19948.0,19919.0,9974.0,9.90093429574841,100.0,100.0,1.0,1.0,0.0,0.0,0.0,0.0,0.0,0.0,1.0,0,7.177395623843427,9.296337253065907,1,1,1.0
aggregation,Q191,702,304.8678,291.6042,315.4027,3,OK,,"SELECT r_name, c_mktsegment, YEAR(o_orderdate) AS order_year, COUNT(DISTINCT o_orderkey) AS order_count, SUM(o_totalpric",11.0,7.0,1.0,0.0,0.0,1.0,4.0,2.0,0.5,0.0,1.25,639.0,595.0,159.75,6.461468176353717,77.5,10.0,1.0,1.0,0.0,1.0,0.0,0.0,0.0,0.0,1.0,0,5.723152982458408,2.165967276869907,1,1,1.0
aggregation,Q192,703,273.2605,269.9877,279.284,3,OK,,"SELECT r_name AS region, n_name AS nation, p_type AS part_type, COUNT(DISTINCT ps_partkey) AS distinct_parts, SUM(ps_ava",11.0,4.0,1.0,0.0,0.0,1.0,5.0,4.0,0.8,0.0,1.2,19925.0,19919.0,3985.0,9.899780690604802,100.0,100.0,1.0,1.0,0.0,0.0,0.0,0.0,0.0,0.0,1.0,0,5.614078384657628,1.9414096899085742,1,1,1.0
aggregation,Q193,704,684.8373,665.942,721.1436,3,OK,,"SELECT n_name, AVG(DATEDIFF(l_shipdate, o_orderdate)) AS avg_days_to_ship, AVG(DATEDIFF(l_receiptdate, l_shipdate)) AS a",11.0,4.5,1.0,0.0,0.0,1.0,4.0,3.0,0.75,0.0,1.5,148471.0,148465.0,37117.75,11.90815166725814,100.0,100.0,1.0,1.0,0.0,0.0,0.0,0.0,0.0,0.0,1.0,0,6.530640427584494,4.865502954985537,1,1,0.9983333333333334
aggregation,Q194,705,542.6052,541.9026,543.0453,3,OK,,"SELECT l_shipmode, YEAR(l_shipdate) AS ship_year, COUNT(*) AS item_count, SUM(l_extendedprice) AS gross_revenue, SUM(l_e",11.0,11.0,1.0,0.0,0.0,0.0,1.0,0.0,0.0,1.0,0.0,594745.0,594745.0,594745.0,13.295889702627665,100.0,100.0,1.0,1.0,0.0,0.0,0.0,0.0,0.0,0.0,1.0,0,6.298223248088484,3.8549991421181615,1,1,1.0
aggregation,Q195,706,1187.8392,1163.8782,1218.7251,3,OK,,"SELECT p_type, COUNT(DISTINCT l_partkey) AS distinct_parts, COUNT(*) AS total_orders, SUM(l_quantity) AS total_qty, SUM(",11.0,6.5,1.0,0.0,0.0,1.0,2.0,1.0,0.5,0.0,1.0,594746.0,594745.0,297373.0,13.29589138401629,100.0,100.0,1.0,1.0,0.0,0.0,0.0,0.0,0.0,0.0,1.0,0,7.080732647847845,8.439136036614325,1,1,1.0
aggregation,Q196,707,1690.6838,1675.6478,1720.6215,3,OK,,"SELECT n1.n_name AS supplier_nation, n2.n_name AS customer_nation, YEAR(o_orderdate) AS trade_year, SUM(l_extendedprice ",11.0,3.6666666666666665,1.0,0.0,0.0,1.0,6.0,5.0,0.8333333333333334,0.0,1.3333333333333333,148473.0,148465.0,24745.5,11.908165137720784,100.0,100.0,1.0,1.0,0.0,1.0,0.0,0.0,0.0,0.0,1.0,0,7.433479643269408,12.011651562854675,1,1,0.9983333333333334
aggregation,Q197,708,171.0079,155.7202,200.752,3,OK,,"SELECT c_mktsegment, order_year, segment_revenue, segment_revenue / SUM(segment_revenue) OVER (PARTITION BY order_year) ",11.0,8.0,1.0,0.0,0.0,1.0,3.0,1.0,0.3333333333333333,0.0,0.6666666666666666,296931.0,148465.0,98977.0,12.601258435341402,100.0,100.0,1.0,1.0,0.0,0.0,0.0,0.0,1.0,0.0,2.0,0,5.147540405991251,1.2149446923756508,1,1,1.0
aggregation,Q198,709,165.548,163.4817,168.23,3,OK,,"SELECT n_name, p_brand, SUM(ps_availqty) AS total_stock, AVG(ps_supplycost) AS avg_unit_cost, SUM(ps_availqty * ps_suppl",11.0,4.25,1.0,0.0,0.0,1.0,4.0,3.0,0.75,0.0,1.25,82493.0,82490.0,20623.25,11.320480842405289,100.0,100.0,1.0,1.0,0.0,0.0,0.0,0.0,0.0,0.0,1.0,0,5.115283556161703,1.176154224064527,1,1,1.0
aggregation,Q199,710,100.8827,100.7359,101.1351,3,OK,,"SELECT o_orderpriority, o_orderstatus, YEAR(o_orderdate) AS order_year, COUNT(*) AS order_count, SUM(o_totalprice) AS to",11.0,11.0,1.0,0.0,0.0,0.0,1.0,0.0,0.0,1.0,0.0,148465.0,148465.0,148465.0,11.908111254781456,100.0,100.0,1.0,1.0,0.0,0.0,0.0,0.0,0.0,0.0,1.0,0,4.623822151526875,0.7167323902435212,1,1,1.0
aggregation,Q200,711,1767.5769,1739.0117,1797.9403,3,OK,,"SELECT r_name AS region, n_name AS nation, c_mktsegment AS market_segment, YEAR(o_orderdate) AS order_year, COUNT(DISTIN",11.0,6.2,1.0,0.0,0.0,1.0,5.0,3.0,0.6,0.0,1.4,643.0,595.0,128.6,6.467698726104354,82.0,10.0,1.0,1.0,0.0,1.0,0.0,0.0,0.0,0.0,1.0,0,7.477930490878004,12.557947165135683,1,1,1.0
complex_queries,Q001,712,159.612,154.5937,162.6049,3,OK,,"WITH customer_revenue AS ( SELECT o_custkey, SUM(o_totalprice) AS total_revenue FROM orders GROUP BY o_custkey ) SELECT ",11.0,7.666666666666667,1.0,1.0,0.0,1.0,3.0,2.0,0.6666666666666666,0.0,0.6666666666666666,296931.0,148465.0,98977.0,12.601258435341402,100.0,100.0,1.0,0.0,0.0,0.0,0.0,0.0,1.0,0.0,2.0,1,5.078991518522023,1.133981250219799,1,1,1.0
complex_queries,Q002,713,261.9776,258.8945,267.8357,3,OK,,"WITH supplier_revenue AS ( SELECT l_suppkey, SUM(l_extendedprice * (1 - l_discount)) AS revenue FROM lineitem GROUP BY l",11.0,7.8,1.0,0.0,0.0,1.0,5.0,2.0,0.4,0.0,1.0,678911.0,594745.0,135782.2,13.428246795785316,100.0,100.0,1.0,1.0,0.0,0.0,0.0,0.0,1.0,0.0,2.0,1,5.572068857447839,1.8612490688518557,1,1,1.0
complex_queries,Q003,714,300.1425,293.7281,311.454,3,OK,,"WITH nation_orders AS ( SELECT n_name, COUNT(DISTINCT o_orderkey) AS order_count, SUM(o_totalprice)          AS total_va",11.0,6.5,1.0,0.0,0.0,1.0,4.0,2.0,0.5,0.0,1.0,296932.0,148465.0,74233.0,12.601261803110171,100.0,100.0,1.0,1.0,0.0,0.0,0.0,0.0,1.0,0.0,2.0,1,5.707583574646982,2.1323958561642984,1,1,1.0
complex_queries,Q004,715,1040.062,970.5655,1125.8163,3,OK,,"WITH part_demand AS ( SELECT l_partkey, SUM(l_quantity)                          AS total_ordered, SUM(l_extendedprice *",11.0,7.2,1.0,1.0,0.0,1.0,5.0,4.0,0.8,0.0,1.0,759755.0,594745.0,151951.0,13.540752608082505,100.0,100.0,1.0,1.0,0.0,0.0,0.0,0.0,1.0,0.0,2.0,1,6.947996624958649,7.389236442536303,1,1,1.0
complex_queries,Q005,716,181.9342,172.1294,191.9459,3,OK,,"WITH customer_years AS ( SELECT o_custkey, COUNT(DISTINCT YEAR(o_orderdate)) AS active_years FROM orders GROUP BY o_cust",11.0,8.0,1.0,1.0,0.0,1.0,3.0,2.0,0.6666666666666666,0.0,1.0,163367.0,148465.0,54455.666666666664,12.003760603795897,100.0,100.0,1.0,1.0,0.0,0.0,0.0,0.0,1.0,0.0,2.0,1,5.209126525341673,1.292571808972627,1,1,1.0
complex_queries,Q006,717,532.8695,517.2011,553.5044,3,OK,,"WITH region_revenue AS ( SELECT r_name, SUM(l_extendedprice * (1 - l_discount)) AS revenue FROM lineitem JOIN orders  ON",11.0,7.0,1.0,0.0,0.0,1.0,6.0,3.0,0.5,0.0,1.1666666666666667,452422.0,451779.0,75403.66666666667,13.022372861896429,85.0,10.0,1.0,1.0,1.0,1.0,0.0,0.0,1.0,0.0,2.0,1,6.28015142707157,3.7858307759692202,1,1,1.0
complex_queries,Q007,718,58.1685,57.0375,58.9783,3,OK,,"WITH monthly_revenue AS ( SELECT DATE_FORMAT(o_orderdate, '%Y-%m') AS order_month, SUM(o_totalprice)                 AS ",11.0,11.0,1.0,0.0,0.0,0.0,2.0,0.0,0.0,1.0,0.5,296930.0,148465.0,148465.0,12.60125506756129,100.0,100.0,1.0,1.0,0.0,0.0,0.0,0.0,1.0,0.0,2.0,1,4.0803893056828,0.41326459384889846,1,1,1.0
complex_queries,Q008,719,873.0426,844.9285,913.0394,3,OK,,"WITH nation_supply AS ( SELECT n_name, SUM(l_extendedprice * (1 - l_discount)) AS supply_revenue FROM lineitem JOIN supp",11.0,6.166666666666667,1.0,0.0,0.0,1.0,6.0,2.0,0.3333333333333333,0.0,0.3333333333333333,1784238.0,594745.0,297373.0,14.394502551758965,100.0,100.0,1.0,1.0,0.0,0.0,0.0,0.0,1.0,0.0,2.0,1,6.7731291158864755,6.202628493115454,1,1,1.0
complex_queries,Q009,720,16.1314,15.9996,16.3716,3,OK,,"WITH order_counts AS ( SELECT o_custkey, COUNT(*) AS num_orders FROM orders GROUP BY o_custkey ), buckets AS ( SELECT o_",11.0,10.5,1.0,1.0,0.0,0.0,2.0,1.0,0.5,0.0,0.5,296930.0,148465.0,148465.0,12.60125506756129,100.0,100.0,1.0,1.0,1.0,0.0,0.0,0.0,1.0,0.0,2.0,1,2.8409130369591193,0.11460732989872732,1,1,0.9908333333333332
complex_queries,Q010,721,2466.2226,1984.1265,3354.7635,3,OK,,"WITH part_profit AS ( SELECT p_type, p_partkey, p_name, SUM(l_extendedprice * (1 - l_discount))                  AS reve",11.0,6.75,1.0,0.0,0.0,1.0,4.0,2.0,0.5,0.0,1.0,615471.0,595522.0,153867.75,13.330144732101529,100.0,100.0,1.0,1.0,0.0,0.0,0.0,0.0,1.0,0.0,2.0,1,7.810848343508638,17.52155343751299,1,1,1.0
complex_queries,Q011,722,167.9242,160.4258,172.3886,3,OK,,"WITH customer_totals AS ( SELECT o_custkey, SUM(o_totalprice) AS total_spend FROM orders GROUP BY o_custkey ), percentil",11.0,8.5,1.0,1.0,0.0,1.0,4.0,2.0,0.5,0.0,0.5,445396.0,148465.0,111349.0,13.006721298264086,83.3325,33.33,1.0,0.0,0.0,1.0,0.0,0.0,1.0,0.0,2.0,1,5.129450093597514,1.1930362019031124,1,1,1.0
complex_queries,Q012,723,165.1691,164.0862,165.9925,3,OK,,"WITH stock_levels AS ( SELECT ps_partkey, SUM(ps_availqty) AS total_stock FROM partsupp GROUP BY ps_partkey ), demand_le",11.0,7.0,1.0,1.0,1.0,1.0,5.0,4.0,0.8,0.0,1.2,320769.0,155770.0,64153.8,12.678479634392106,86.666,33.33,1.0,1.0,1.0,1.0,0.0,0.0,1.0,0.0,2.0,1,5.113005944558357,1.173462286768407,1,1,0.995
complex_queries,Q013,724,233.5454,205.6097,275.272,3,OK,,"WITH yearly_regional AS ( SELECT r_name, YEAR(o_orderdate) AS yr, SUM(o_totalprice) AS revenue FROM orders JOIN customer",11.0,7.8,1.0,0.0,0.0,1.0,5.0,2.0,0.4,0.0,1.0,110844.0,110205.0,22168.8,11.615888108028054,82.0,10.0,1.0,1.0,1.0,1.0,0.0,0.0,1.0,0.0,2.0,1,5.457649172559126,1.6592493338538645,1,1,1.0
complex_queries,Q014,725,70.8474,69.3542,73.2194,3,OK,,"WITH clerk_stats AS ( SELECT o_clerk, COUNT(*)          AS total_orders, SUM(o_totalprice) AS total_value, AVG(o_totalpr",11.0,11.0,1.0,0.0,0.0,0.0,2.0,0.0,0.0,1.0,0.0,296930.0,148465.0,148465.0,12.60125506756129,100.0,100.0,1.0,1.0,0.0,0.0,0.0,0.0,1.0,0.0,2.0,1,4.274544425370634,0.5033432525550847,1,1,1.0
complex_queries,Q015,726,210.394,207.2633,214.2496,3,OK,,"WITH ordered_dates AS ( SELECT o_custkey, o_orderdate, LAG(o_orderdate) OVER (PARTITION BY o_custkey ORDER BY o_orderdat",11.0,11.0,1.0,0.0,0.0,0.0,2.0,0.0,0.0,1.0,0.0,296930.0,148465.0,148465.0,12.60125506756129,95.0,90.0,1.0,1.0,0.0,1.0,0.0,0.0,1.0,0.0,2.0,1,5.353723690819542,1.4947676312479288,1,1,1.0
complex_queries,Q016,727,1316.7191,1296.0546,1333.3012,3,OK,,"WITH trade_pairs AS ( SELECT n1.n_name AS supplier_nation, n2.n_name AS customer_nation, SUM(l_extendedprice * (1 - l_di",11.0,4.571428571428571,1.0,1.0,0.0,1.0,7.0,6.0,0.8571428571428571,0.0,1.1428571428571428,757094.0,608621.0,108156.28571428571,13.537244019922186,100.0,100.0,1.0,1.0,1.0,1.0,0.0,0.0,1.0,0.0,2.0,1,7.183657566399484,9.35477765585475,1,1,0.9983333333333334
complex_queries,Q017,728,35.9325,32.7346,40.083,3,OK,,"WITH segment_avg AS ( SELECT c_mktsegment, AVG(c_acctbal) AS avg_balance FROM customer GROUP BY c_mktsegment ) SELECT c_",11.0,8.333333333333334,1.0,0.0,0.0,1.0,3.0,1.0,0.3333333333333333,0.0,0.3333333333333333,29932.0,14892.0,9977.333333333334,10.306716829702717,77.77666666666666,33.33,1.0,1.0,1.0,1.0,0.0,0.0,1.0,0.0,2.0,1,3.609091922213626,0.2552864526070905,1,1,1.0
complex_queries,Q018,729,1030.7206,984.574,1105.9797,3,OK,,"WITH brand_region_revenue AS ( SELECT r_name, p_brand, SUM(l_extendedprice * (1 - l_discount)) AS revenue FROM lineitem ",11.0,6.875,1.0,0.0,0.0,1.0,8.0,4.0,0.5,0.0,1.125,904202.0,451779.0,113025.25,13.714809171687172,80.41624999999999,10.0,1.0,1.0,1.0,1.0,0.0,0.0,1.0,0.0,2.0,1,6.938983172951675,7.322869424700533,1,1,1.0
complex_queries,Q019,730,279.2103,276.8324,283.1958,3,OK,,"WITH supplier_yearly AS ( SELECT l_suppkey, YEAR(l_shipdate) AS yr, SUM(l_extendedprice * (1 - l_discount)) AS yearly_re",11.0,11.0,1.0,0.0,0.0,0.0,3.0,0.0,0.0,1.0,0.0,1784235.0,594745.0,594745.0,14.394500870368454,77.77666666666666,33.33,1.0,1.0,0.0,1.0,0.0,0.0,1.0,0.0,2.0,1,5.635540392684825,1.9836807073919578,1,1,1.0
complex_queries,Q020,731,176.8914,176.3744,177.2087,3,OK,,"WITH order_values AS ( SELECT o_orderkey, o_totalprice, NTILE(10) OVER (ORDER BY o_totalprice) AS decile FROM orders ) S",11.0,10.5,1.0,1.0,0.0,0.0,2.0,1.0,0.5,0.0,0.0,296930.0,148465.0,148465.0,12.60125506756129,100.0,100.0,1.0,1.0,1.0,0.0,0.0,0.0,1.0,0.0,2.0,1,5.181173251738252,1.2567446741167991,1,1,0.9942857142857143
complex_queries,Q021,732,17.4628,17.1771,17.9762,3,OK,,"WITH supplier_counts AS ( SELECT ps_partkey, COUNT(DISTINCT ps_suppkey) AS num_suppliers FROM partsupp GROUP BY ps_partk",11.0,10.0,1.0,0.0,1.0,0.0,2.0,1.0,0.5,0.0,1.0,157042.0,78521.0,78521.0,11.964274932181018,100.0,100.0,1.0,1.0,1.0,0.0,0.0,0.0,1.0,0.0,2.0,1,2.915757896879172,0.12406640964550476,1,1,0.97625
complex_queries,Q022,733,47.7739,47.6,48.0328,3,OK,,"WITH quarterly AS ( SELECT YEAR(o_orderdate)    AS yr, QUARTER(o_orderdate) AS qtr, COUNT(*)              AS order_count",11.0,11.0,1.0,0.0,0.0,0.0,2.0,0.0,0.0,1.0,0.5,296930.0,148465.0,148465.0,12.60125506756129,100.0,100.0,1.0,1.0,0.0,0.0,0.0,0.0,1.0,0.0,2.0,1,3.887195333717702,0.3394149991847458,1,1,1.0
complex_queries,Q023,734,824.399,765.4411,876.6343,3,OK,,"WITH returned_parts AS ( SELECT DISTINCT l_partkey FROM lineitem WHERE l_returnflag = 'R' ) SELECT p_partkey, p_name, p_",11.0,8.5,1.0,1.0,0.0,1.0,4.0,2.0,0.5,0.0,0.5,674139.0,594745.0,168534.75,13.421193083458174,77.5,10.0,1.0,0.0,0.0,1.0,0.0,0.0,1.0,0.0,3.0,1,6.715866905783946,5.857034613311982,1,1,1.0
complex_queries,Q024,735,618.1525,610.4355,629.0337,3,OK,,"WITH ship_delays AS ( SELECT c_nationkey, l_orderkey, DATEDIFF(l_shipdate, o_orderdate)    AS order_to_ship, DATEDIFF(l_",11.0,4.5,1.0,0.0,0.0,1.0,4.0,3.0,0.75,0.0,1.5,148471.0,148465.0,37117.75,11.90815166725814,100.0,100.0,1.0,1.0,0.0,0.0,0.0,0.0,0.0,0.0,1.0,1,6.4283516074467055,4.391733358246838,1,1,1.0
complex_queries,Q025,736,146.086,141.0444,148.728,3,OK,,"WITH last_orders AS ( SELECT o_custkey, MAX(o_orderdate) AS last_order_date FROM orders GROUP BY o_custkey ), churn_flag",11.0,10.5,1.0,1.0,0.0,0.0,2.0,1.0,0.5,0.0,0.5,296930.0,148465.0,148465.0,12.60125506756129,100.0,100.0,1.0,1.0,0.0,0.0,0.0,0.0,1.0,0.0,2.0,1,4.99101744972666,1.037884275114713,1,1,0.9958333333333332
complex_queries,Q026,737,21.5136,21.2885,21.7993,3,OK,,"SELECT c_custkey, c_name, o_orderkey, o_totalprice FROM customer JOIN orders ON c_custkey = o_custkey WHERE o_totalprice",11.0,6.75,1.0,0.0,0.0,1.0,4.0,2.0,0.5,0.0,1.0,148532.0,148465.0,37133.0,11.908562434759412,87.5,50.0,1.0,0.0,0.0,1.0,0.0,1.0,0.0,0.0,2.0,1,3.1141195710518543,0.15284576989655332,1,1,1.0
complex_queries,Q027,738,70688.3246,70518.8838,70775.7425,3,OK,,"SELECT p_partkey, p_name, p_brand, p_retailprice FROM part p WHERE p_retailprice > ( SELECT AVG(p2.p_retailprice) FROM p",11.0,11.0,1.0,0.0,0.0,0.0,2.0,0.0,0.0,1.0,0.0,39838.0,19919.0,19919.0,10.592601610981907,55.0,10.0,1.0,0.0,0.0,1.0,0.0,1.0,0.0,0.0,2.0,1,11.166049844726938,502.21308363939414,1,1,1.0
complex_queries,Q028,739,96.8434,96.5611,97.3573,3,OK,,"SELECT s_suppkey, s_name, s_nationkey, part_count FROM supplier JOIN ( SELECT ps_suppkey, COUNT(DISTINCT ps_partkey) AS ",11.0,7.666666666666667,1.0,1.0,0.0,1.0,6.0,4.0,0.6666666666666666,0.0,0.6666666666666666,329962.0,82490.0,54993.666666666664,12.706735805944488,88.88833333333332,33.33,1.0,1.0,1.0,1.0,0.0,1.0,1.0,0.0,3.0,1,4.583368241388374,0.6880347330246854,1,1,0.9983333333333334
complex_queries,Q029,740,361.3768,360.729,361.9078,3,OK,,"SELECT o_orderkey, o_custkey, o_totalprice, item_count FROM orders JOIN ( SELECT l_orderkey, COUNT(*) AS item_count FROM",11.0,7.666666666666667,1.0,1.0,0.0,1.0,6.0,4.0,0.6666666666666666,0.0,1.3333333333333333,2378982.0,594745.0,396497.0,14.682183643399958,88.88833333333332,33.33,1.0,0.0,1.0,1.0,0.0,1.0,1.0,0.0,3.0,1,5.892684554459562,2.5674417679399433,1,1,0.9960714285714286
complex_queries,Q030,741,15.0126,14.691,15.5272,3,OK,,"SELECT n_name, AVG(c_acctbal) AS avg_balance FROM customer JOIN nation ON c_nationkey = n_nationkey GROUP BY n_name HAVI",11.0,8.333333333333334,1.0,0.0,0.0,1.0,3.0,1.0,0.3333333333333333,0.0,0.6666666666666666,15512.0,14892.0,5170.666666666667,9.64943366106433,100.0,100.0,1.0,1.0,0.0,0.0,0.0,1.0,0.0,0.0,2.0,1,2.7733759123243513,0.10665869055615966,1,1,1.0
complex_queries,Q031,742,148.6681,147.6077,150.4128,3,OK,,"SELECT ps1.ps_partkey, ps1.ps_suppkey, ps1.ps_supplycost FROM partsupp ps1 WHERE ps1.ps_supplycost = ( SELECT MIN(ps2.ps",10.0,6.5,0.0,1.0,0.0,1.0,2.0,2.0,1.0,0.0,1.0,82493.0,82490.0,41246.5,11.320480842405289,100.0,100.0,0.0,0.0,0.0,1.0,0.0,1.0,0.0,0.0,2.0,1,5.008420175865703,1.0562290924604798,0,0,0.003333333333333333
complex_queries,Q032,743,306.6761,286.6427,342.1101,3,OK,,"SELECT c_custkey, c_name, c_mktsegment, total_spend FROM customer JOIN ( SELECT o_custkey, SUM(o_totalprice) AS total_sp",11.0,7.833333333333333,1.0,1.0,0.0,1.0,6.0,4.0,0.6666666666666666,0.0,0.8333333333333334,460298.0,148465.0,76716.33333333333,13.039631557306775,88.88833333333332,33.33,1.0,0.0,0.0,1.0,0.0,1.0,1.0,0.0,3.0,1,5.729047606253115,2.1788145458394865,1,1,1.0
complex_queries,Q033,744,92.3538,91.7279,92.8972,3,OK,,"SELECT s_suppkey, s_name, MIN(ps_supplycost) AS cheapest_part_cost FROM supplier JOIN partsupp ON s_suppkey = ps_suppkey",11.0,8.0,1.0,0.0,0.0,1.0,3.0,1.0,0.3333333333333333,0.0,0.3333333333333333,164981.0,82490.0,54993.666666666664,12.013591656022781,100.0,100.0,1.0,1.0,0.0,0.0,0.0,1.0,0.0,0.0,2.0,1,4.536396576175828,0.6561378692488615,1,1,1.0
complex_queries,Q034,745,24471.0853,24456.9815,24480.197,3,OK,,"SELECT l_orderkey, l_partkey, l_quantity FROM lineitem l WHERE l_quantity > ( SELECT AVG(l2.l_quantity) FROM lineitem l2",11.0,7.0,1.0,0.0,0.0,1.0,2.0,1.0,0.5,0.0,0.5,594774.0,594745.0,297387.0,13.295938461750044,100.0,100.0,1.0,0.0,0.0,1.0,0.0,1.0,0.0,0.0,2.0,1,10.10528837144088,173.8575539604124,1,1,1.0
complex_queries,Q035,746,2890.2491,2634.3862,3051.5007,3,OK,,"SELECT o_orderkey, o_custkey, o_orderdate, o_totalprice FROM orders o WHERE o_orderdate > ( SELECT MIN(o2.o_orderdate) F",11.0,7.0,1.0,0.0,0.0,1.0,2.0,1.0,0.5,0.0,0.5,148479.0,148465.0,74239.5,11.908205548020028,100.0,100.0,1.0,0.0,0.0,1.0,0.0,1.0,0.0,0.0,2.0,1,7.9694439022615535,20.534096984341083,1,1,1.0
complex_queries,Q036,747,2106.7348,2077.5676,2159.8389,3,OK,,"SELECT l_partkey, p_type, SUM(l_extendedprice * (1 - l_discount)) AS part_revenue FROM lineitem JOIN part ON l_partkey =",11.0,7.8,1.0,0.0,0.0,1.0,5.0,2.0,0.4,0.0,0.8,635418.0,595522.0,127083.6,13.362039902794155,100.0,100.0,1.0,1.0,0.0,0.0,0.0,1.0,1.0,0.0,3.0,1,7.653369095295345,14.967532280690413,1,1,1.0
complex_queries,Q037,748,150.5745,149.5629,152.3398,3,OK,,"SELECT o_custkey, COUNT(DISTINCT YEAR(o_orderdate)) AS active_years FROM orders GROUP BY o_custkey HAVING COUNT(DISTINCT",10.0,10.0,0.0,1.0,0.0,0.0,2.0,2.0,1.0,0.0,0.5,296930.0,148465.0,148465.0,12.60125506756129,100.0,100.0,0.0,0.0,1.0,0.0,0.0,1.0,0.0,0.0,2.0,1,5.021077253255339,1.0697733238178904,0,0,0.08112499999999997
complex_queries,Q038,749,149.8861,148.4998,152.6138,3,OK,,"SELECT s_suppkey, s_name FROM supplier WHERE NOT EXISTS ( SELECT 1 FROM partsupp ps WHERE ps.ps_suppkey = s_suppkey AND ",11.0,6.75,1.0,0.0,0.0,1.0,4.0,2.0,0.5,0.0,0.75,83494.0,82490.0,20873.5,11.332542028806532,100.0,100.0,0.0,0.0,0.0,1.0,0.0,1.0,0.0,0.0,3.0,1,5.016525247548279,1.0648825092635255,1,1,1.0
complex_queries,Q039,750,0.5104,0.4478,0.6138,3,OK,,SELECT DISTINCT o_orderkey FROM orders WHERE NOT EXISTS ( SELECT 1 FROM lineitem l WHERE l.l_orderkey = o_orderkey AND l,10.0,6.5,0.0,1.0,0.0,1.0,2.0,2.0,1.0,0.0,2.5,8.0,4.0,4.0,2.1972245773362196,100.0,100.0,0.0,1.0,1.0,1.0,0.0,0.0,0.0,0.0,1.0,1,0.41237451640909917,0.00362619370794292,0,0,0.003333333333333333
complex_queries,Q040,751,151.4814,146.0119,161.3979,3,OK,,"SELECT o_custkey, MAX(o_totalprice)  AS best_order, AVG(o_totalprice)  AS avg_order FROM orders GROUP BY o_custkey HAVIN",10.0,10.0,0.0,1.0,0.0,0.0,1.0,1.0,1.0,0.0,1.0,148465.0,148465.0,148465.0,11.908111254781456,100.0,100.0,1.0,1.0,0.0,0.0,0.0,0.0,0.0,0.0,1.0,1,5.027042621395746,1.0762164959842961,0,0,0.005333333333333333
complex_queries,Q041,752,33.681,31.0116,38.763,3,OK,,"SELECT ps_partkey, COUNT(DISTINCT ps_suppkey) AS supplier_count FROM partsupp GROUP BY ps_partkey HAVING COUNT(DISTINCT ",11.0,9.666666666666666,1.0,0.0,1.0,0.0,3.0,2.0,0.6666666666666666,0.0,1.3333333333333333,235563.0,78521.0,78521.0,12.369737917726017,100.0,100.0,1.0,1.0,1.0,0.0,0.0,1.0,1.0,0.0,3.0,1,3.5461919865600557,0.23929041982215024,1,1,0.9855833333333334
complex_queries,Q042,753,1620.4633,1617.6976,1622.6748,3,OK,,SELECT n_name FROM nation WHERE ( SELECT SUM(ps_availqty) FROM partsupp JOIN supplier ON ps_suppkey = s_suppkey WHERE s_,11.0,5.5,1.0,0.0,0.0,1.0,6.0,4.0,0.6666666666666666,0.0,1.0,83129.0,82490.0,13854.833333333334,11.328160926525134,85.0,10.0,1.0,0.0,1.0,1.0,0.0,1.0,0.0,0.0,2.0,1,7.391084292127065,11.512762191246905,1,1,1.0
complex_queries,Q043,754,1329.1521,1316.2025,1354.4525,3,OK,,"SELECT l_orderkey, l_linenumber, l_shipdate FROM lineitem l WHERE l_shipdate = ( SELECT MAX(l2.l_shipdate) FROM lineitem",10.0,6.5,0.0,1.0,0.0,1.0,2.0,2.0,1.0,0.0,0.5,594749.0,594745.0,297374.5,13.295896428165204,100.0,100.0,0.0,0.0,0.0,1.0,0.0,1.0,0.0,0.0,2.0,1,7.193048575579346,9.443109290593886,1,1,0.8908333333333333
complex_queries,Q044,755,2605.3308,2577.8281,2643.9872,3,OK,,SELECT o_custkey FROM orders o WHERE o_totalprice = (SELECT MAX(o2.o_totalprice) FROM orders o2 WHERE o2.o_custkey = o.o,11.0,5.666666666666667,1.0,0.0,0.0,1.0,3.0,2.0,0.6666666666666666,0.0,0.6666666666666666,148493.0,148465.0,49497.666666666664,11.908299832368222,100.0,100.0,1.0,0.0,0.0,1.0,0.0,1.0,0.0,0.0,2.0,1,7.865698687464628,18.509863154525657,1,1,1.0
complex_queries,Q045,756,28.4537,28.2537,28.5982,3,OK,,"SELECT ps_partkey, MAX(ps_supplycost) - MIN(ps_supplycost) AS cost_spread, MAX(ps_supplycost)                      AS ma",10.0,10.0,0.0,1.0,0.0,0.0,1.0,1.0,1.0,0.0,2.0,82490.0,82490.0,82490.0,11.320444475462835,100.0,100.0,1.0,1.0,0.0,0.0,0.0,0.0,0.0,0.0,1.0,1,3.382819538878296,0.2021524841451714,0,0,0.004583333333333333
complex_queries,Q046,757,168.873,166.7273,170.3128,3,OK,,"SELECT o_orderkey, o_orderpriority, o_totalprice FROM orders o WHERE o_totalprice < ( SELECT MIN_10PCT FROM ( SELECT o_o",11.0,8.333333333333334,1.0,0.0,0.0,1.0,3.0,1.0,0.3333333333333333,0.0,0.3333333333333333,311776.0,148465.0,103925.33333333333,12.6500434676509,100.0,100.0,1.0,1.0,0.0,1.0,0.0,1.0,1.0,0.0,3.0,1,5.135051099039234,1.1997770572912319,1,1,1.0
complex_queries,Q047,758,471.8459,471.5629,472.1452,3,OK,,"SELECT DISTINCT s_suppkey, s_name FROM supplier s JOIN ( SELECT l_suppkey, SUM(l_extendedprice * (1 - l_discount)) AS re",11.0,8.333333333333334,1.0,0.0,0.0,1.0,6.0,2.0,0.3333333333333333,0.0,0.6666666666666666,1192678.0,594745.0,198779.66666666666,13.991712595301834,84.83333333333333,9.0,0.0,1.0,0.0,1.0,0.0,1.0,1.0,0.0,3.0,1,6.158769542598086,3.352281805835941,1,1,1.0
complex_queries,Q048,759,5.5729,5.1411,6.4358,3,OK,,"SELECT n_name, c_custkey, c_name, c_acctbal FROM customer JOIN nation ON c_nationkey = n_nationkey WHERE c_acctbal = ( S",11.0,8.0,1.0,0.0,0.0,1.0,3.0,1.0,0.3333333333333333,0.0,0.6666666666666666,29785.0,14892.0,9928.333333333334,10.301793763445813,70.0,10.0,1.0,1.0,0.0,1.0,0.0,1.0,0.0,0.0,2.0,1,1.8829551354124758,0.03959328941025686,1,1,1.0
complex_queries,Q049,760,251.7771,246.3198,257.2672,3,OK,,SELECT DISTINCT o_orderkey FROM orders WHERE EXISTS ( SELECT 1 FROM lineitem l1 WHERE l1.l_orderkey = o_orderkey AND l1.,11.0,6.75,1.0,0.0,0.0,1.0,4.0,2.0,0.5,0.0,1.5,594750.0,594745.0,148687.5,13.295898109542522,55.0,10.0,1.0,1.0,1.0,1.0,0.0,0.0,0.0,0.0,2.0,1,5.532508072726555,1.788778479279223,1,1,1.0
complex_queries,Q050,761,505.5019,488.4915,522.8532,3,OK,,SELECT l_partkey FROM lineitem JOIN orders ON l_orderkey = o_orderkey GROUP BY l_partkey HAVING COUNT(DISTINCT YEAR(o_or,10.0,7.666666666666667,0.0,1.0,0.0,1.0,3.0,3.0,1.0,0.0,1.0,296934.0,148465.0,98978.0,12.601268538613683,100.0,100.0,1.0,1.0,1.0,0.0,0.0,1.0,0.0,0.0,2.0,1,6.227528074915661,3.5913946103706724,1,1,0.8202884199134199
complex_queries,Q051,762,29.449,26.6333,34.2248,3,OK,,"SELECT 'Customer' AS entity_type, c_name     AS entity_name, n_name     AS nation FROM customer JOIN nation ON c_nationk",11.0,7.6,1.0,0.0,0.0,1.0,5.0,2.0,0.4,0.0,0.6,1621.0,1000.0,324.2,7.3914152346753585,100.0,100.0,1.0,1.0,0.0,0.0,0.0,0.0,0.0,1.0,3.0,1,3.416053152894142,0.20922370396789003,1,1,1.0
complex_queries,Q052,763,170.7291,161.2616,178.4927,3,OK,,"SELECT c_custkey, c_name, 'High Spender' AS tag FROM customer JOIN ( SELECT o_custkey, SUM(o_totalprice) AS total FROM o",11.0,9.2,1.0,1.0,0.0,1.0,5.0,2.0,0.4,0.0,0.6,178259.0,148465.0,35651.8,12.090998437684709,86.666,33.33,1.0,1.0,0.0,1.0,0.0,0.0,1.0,1.0,4.0,1,5.145918235197085,1.2129639266903558,1,1,1.0
complex_queries,Q053,764,1554.1461,1519.9193,1581.5704,3,OK,,"(SELECT l_partkey, 'Top Revenue' AS category, SUM(l_extendedprice * (1 - l_discount)) AS metric FROM lineitem GROUP BY l",10.0,10.0,0.0,1.0,0.0,0.0,2.0,2.0,1.0,0.0,1.0,1189490.0,594745.0,594745.0,13.989036042492238,100.0,100.0,1.0,1.0,0.0,0.0,0.0,0.0,0.0,1.0,2.0,1,7.3493247751837645,11.041604249694412,1,1,0.8956150793650791
complex_queries,Q054,765,97.0729,94.9954,99.9932,3,OK,,"SELECT c_custkey, c_name, 0 AS order_count FROM customer WHERE c_custkey NOT IN (SELECT DISTINCT o_custkey FROM orders) ",11.0,7.666666666666667,1.0,1.0,0.0,1.0,6.0,4.0,0.6666666666666666,0.0,0.6666666666666666,311824.0,148465.0,51970.666666666664,12.65019741199391,100.0,100.0,1.0,1.0,1.0,1.0,0.0,0.0,0.0,1.0,4.0,1,4.585711079681819,0.6896652413631903,1,1,1.0
complex_queries,Q055,766,71.7805,71.0866,72.3792,3,OK,,"SELECT o_orderkey, o_custkey, o_totalprice, '1-URGENT' AS priority_label FROM orders WHERE o_orderpriority = '1-URGENT' ",11.0,11.0,1.0,0.0,0.0,0.0,3.0,0.0,0.0,1.0,0.0,296930.0,148465.0,98976.66666666667,12.60125506756129,40.0,10.0,1.0,1.0,0.0,1.0,0.0,0.0,0.0,1.0,3.0,1,4.287448062179651,0.5099725655427053,1,1,1.0
complex_queries,Q056,767,4.075,3.9997,4.1992,3,OK,,"SELECT n_name FROM ( SELECT n_name, COUNT(*) AS cnt FROM customer JOIN nation ON c_nationkey = n_nationkey GROUP BY n_na",11.0,6.833333333333333,1.0,0.0,0.0,1.0,6.0,3.0,0.5,0.0,0.6666666666666666,1628.0,1000.0,271.3333333333333,7.395721608602045,100.0,100.0,1.0,1.0,1.0,0.0,0.0,0.0,1.0,0.0,2.0,1,1.6243265249278511,0.028951291849269985,1,1,1.0
complex_queries,Q057,768,335.6657,333.9326,337.4658,3,OK,,"SELECT l_orderkey, l_linenumber, 'Returned' AS issue FROM lineitem WHERE l_returnflag = 'R' UNION ALL SELECT l_orderkey,",11.0,11.0,1.0,0.0,0.0,0.0,3.0,0.0,0.0,1.0,0.0,1189490.0,594745.0,396496.6666666667,13.989036042492238,47.776666666666664,10.0,1.0,1.0,0.0,1.0,0.0,0.0,0.0,1.0,3.0,1,5.819090449875945,2.384774391285768,1,1,1.0
complex_queries,Q058,769,128.1828,117.234,139.7322,3,OK,,"SELECT o_orderkey, o_totalprice, o_orderpriority, 'Order' AS source FROM orders WHERE o_totalprice > 300000 UNION ALL SE",11.0,10.333333333333334,1.0,0.0,1.0,0.0,3.0,1.0,0.3333333333333333,0.0,0.3333333333333333,600301.0,594745.0,200100.33333333334,13.305188140901883,77.77666666666666,33.33,1.0,1.0,1.0,1.0,0.0,0.0,0.0,1.0,3.0,1,4.86122845555134,0.9106889945660378,1,1,0.99125
complex_queries,Q059,770,1572.7983,1538.6292,1605.1273,3,OK,,SELECT DISTINCT p_brand FROM lineitem JOIN part    ON l_partkey  = p_partkey JOIN orders  ON l_orderkey = o_orderkey JOI,11.0,5.769230769230769,1.0,0.0,0.0,1.0,13.0,8.0,0.6153846153846154,0.0,1.3846153846153846,20600.0,19919.0,1584.6153846153845,9.933094897288786,66.92307692307692,10.0,1.0,1.0,1.0,1.0,0.0,0.0,0.0,0.0,2.0,1,7.36124727591222,11.174120884254156,1,1,1.0
complex_queries,Q060,771,1.3127,1.1259,1.6718,3,OK,,"SELECT s_suppkey, s_name, s_acctbal, r_name FROM supplier JOIN nation ON s_nationkey = n_nationkey JOIN region ON n_regi",11.0,11.0,1.0,0.0,0.0,0.0,7.0,0.0,0.0,1.0,0.5714285714285714,2060.0,1000.0,294.2857142857143,7.630946580890459,23.80857142857143,3.33,1.0,1.0,0.0,1.0,0.0,0.0,0.0,1.0,3.0,1,0.8384156731511891,0.00932622351178815,1,1,1.0
complex_queries,Q061,772,600.3971,597.2625,605.1545,3,OK,,"SELECT n_name, 'Revenue' AS type, SUM(l_extendedprice * (1 - l_discount)) AS amount FROM lineitem JOIN orders   ON l_ord",11.0,5.375,1.0,1.0,0.0,1.0,8.0,6.0,0.75,0.0,1.0,230963.0,148465.0,28870.375,12.350017133203124,100.0,100.0,1.0,1.0,1.0,0.0,0.0,0.0,0.0,1.0,3.0,1,6.399255448460993,4.265588139277384,1,1,0.9983333333333334
complex_queries,Q062,773,1749.3076,1716.2769,1806.8252,3,OK,,"(SELECT p_brand, 'Top Revenue' AS category FROM lineitem JOIN part ON l_partkey = p_partkey GROUP BY p_brand ORDER BY SU",11.0,7.8,1.0,0.0,0.0,1.0,5.0,2.0,0.4,0.0,0.8,39896.0,19919.0,7979.2,10.594056412081272,100.0,100.0,1.0,1.0,0.0,0.0,0.0,0.0,0.0,1.0,3.0,1,7.467546822900144,12.428150886318047,1,1,1.0
complex_queries,Q063,774,0.5436,0.4818,0.6485,3,OK,,SELECT DISTINCT l1.l_orderkey FROM lineitem l1 WHERE l1.l_shipmode = 'MAIL' AND l1.l_orderkey IN ( SELECT l2.l_orderkey ,10.0,6.5,0.0,1.0,0.0,1.0,2.0,2.0,1.0,0.0,2.0,52.0,48.0,26.0,3.970291913552122,10.0,10.0,0.0,1.0,0.0,1.0,0.0,0.0,0.0,0.0,1.0,1,0.4341173506813266,0.003862066809635132,0,0,0.01864285714285714
complex_queries,Q064,775,56.0121,54.572,58.2107,3,OK,,"SELECT n_name, cust_count, supp_count, order_count, cust_count + supp_count + order_count AS activity_score FROM ( SELEC",11.0,6.1,1.0,0.0,0.0,1.0,10.0,6.0,0.6,0.0,0.9,17170.0,14891.0,1717.0,9.750977193313803,100.0,100.0,1.0,1.0,1.0,0.0,0.0,0.0,1.0,0.0,2.0,1,4.043263526007944,0.3979442096172994,1,1,1.0
complex_queries,Q065,776,307.7121,306.1097,310.0864,3,OK,,"SELECT l_orderkey, l_linenumber, l_discount, l_tax FROM lineitem WHERE l_discount > (SELECT AVG(l_discount) FROM lineite",11.0,11.0,1.0,0.0,0.0,0.0,3.0,0.0,0.0,1.0,0.0,1784235.0,594745.0,594745.0,14.394500870368454,70.37,11.11,1.0,0.0,0.0,1.0,0.0,1.0,0.0,0.0,2.0,1,5.732409127370979,2.186174923350123,1,1,0.995
complex_queries,Q066,777,5024.8751,5003.6733,5036.828,3,OK,,"SELECT o_custkey, o_orderkey, o_totalprice, 'Best' AS label FROM orders o WHERE o_totalprice = ( SELECT MAX(o2.o_totalpr",11.0,7.8,1.0,0.0,0.0,1.0,5.0,2.0,0.4,0.0,0.4,296958.0,148465.0,59391.6,12.601349361117407,100.0,100.0,1.0,1.0,0.0,1.0,0.0,1.0,0.0,1.0,4.0,1,8.522354867018787,35.699785405209745,1,1,1.0
complex_queries,Q067,778,274.2666,257.9666,286.4285,3,OK,,"SELECT DISTINCT l_partkey, 'Q1' AS quarter FROM lineitem JOIN orders ON l_orderkey = o_orderkey WHERE QUARTER(o_orderdat",11.0,7.4,1.0,1.0,0.0,1.0,5.0,4.0,0.8,0.0,1.2,296938.0,148465.0,59387.6,12.601282009484608,100.0,100.0,1.0,1.0,1.0,1.0,0.0,0.0,0.0,1.0,3.0,1,5.617740082594459,1.9485576395354578,1,1,0.9985714285714287
complex_queries,Q068,779,3.6635,3.2098,4.4959,3,OK,,"SELECT 'Customer' AS role, c_name AS name, c_acctbal AS balance FROM customer JOIN nation ON c_nationkey = n_nationkey J",11.0,9.857142857142858,1.0,0.0,0.0,1.0,7.0,1.0,0.14285714285714285,0.0,0.7142857142857143,1655.0,1000.0,236.42857142857142,7.412160334945205,38.57142857142857,10.0,1.0,1.0,0.0,1.0,0.0,0.0,0.0,1.0,3.0,1,1.539766239184781,0.026027744218355974,1,1,1.0
complex_queries,Q069,780,301.5184,301.0419,301.7953,3,OK,,"SELECT l_orderkey, l_linenumber, l_discount AS value, 'High Discount' AS flag FROM lineitem WHERE l_discount >= 0.09 UNI",11.0,11.0,1.0,0.0,0.0,0.0,3.0,0.0,0.0,1.0,0.0,1189490.0,594745.0,396496.6666666667,13.989036042492238,55.553333333333335,33.33,1.0,1.0,0.0,1.0,0.0,0.0,0.0,1.0,3.0,1,5.7121421020673235,2.1421710911226812,1,1,1.0
complex_queries,Q070,781,0.3926,0.3257,0.5113,3,OK,,SELECT o_orderkey FROM orders WHERE o_orderpriority = '1-URGENT' AND o_orderkey IN ( SELECT DISTINCT l_orderkey FROM lin,10.0,6.5,0.0,1.0,0.0,1.0,2.0,2.0,1.0,0.0,1.0,52.0,48.0,26.0,3.970291913552122,10.0,10.0,0.0,0.0,0.0,1.0,0.0,0.0,0.0,0.0,1.0,1,0.3311725035263093,0.0027892704736253732,0,0,0.01269047619047619
complex_queries,Q071,782,53.7324,52.3726,55.7015,3,OK,,SELECT n_name FROM ( SELECT n_name FROM customer JOIN nation ON c_nationkey = n_nationkey GROUP BY n_name HAVING AVG(c_a,11.0,7.0,1.0,0.0,0.0,1.0,6.0,3.0,0.5,0.0,1.0,16145.0,14891.0,2690.8333333333335,9.68942761995496,100.0,100.0,0.0,1.0,1.0,1.0,0.0,1.0,1.0,0.0,3.0,1,4.002455855829672,0.3817478267881508,1,1,1.0
complex_queries,Q072,783,105.6198,103.0805,109.8578,3,OK,,"SELECT '1994' AS yr, n_name, SUM(o_totalprice) AS revenue FROM orders JOIN customer ON o_custkey = c_custkey JOIN nation",11.0,5.857142857142857,1.0,0.0,0.0,1.0,7.0,4.0,0.5714285714285714,0.0,1.1428571428571428,296934.0,148465.0,42419.142857142855,12.601268538613683,100.0,100.0,1.0,1.0,0.0,1.0,0.0,0.0,0.0,1.0,3.0,1,4.669269235572184,0.7503876453647916,1,1,1.0
complex_queries,Q073,784,6.0051,5.5501,6.73,3,OK,,SELECT DISTINCT p_partkey FROM part WHERE p_type LIKE 'STANDARD%' AND p_partkey IN ( SELECT p_partkey FROM part WHERE p_,11.0,6.5,1.0,0.0,0.0,1.0,2.0,1.0,0.5,0.0,1.5,19920.0,19919.0,9960.0,9.899529730681785,11.11,11.11,0.0,1.0,0.0,1.0,0.0,0.0,0.0,0.0,1.0,1,1.9466384552045635,0.04266390249915366,1,1,1.0
complex_queries,Q074,785,226.7344,224.2355,229.6202,3,OK,,SELECT DISTINCT l_shipmode FROM lineitem WHERE YEAR(l_shipdate) = 1994 AND l_shipmode IN ( SELECT DISTINCT l_shipmode FR,11.0,8.0,1.0,0.0,0.0,1.0,3.0,1.0,0.3333333333333333,0.0,0.3333333333333333,1189491.0,594745.0,396497.0,13.98903688318761,100.0,100.0,1.0,1.0,0.0,1.0,0.0,0.0,0.0,0.0,2.0,1,5.4281800376360305,1.6108598249494774,1,1,1.0
complex_queries,Q075,786,639.3366,601.3093,686.4415,3,OK,,SELECT DISTINCT o1.o_custkey FROM orders o1 JOIN orders o2 ON o1.o_custkey = o2.o_custkey AND YEAR(o1.o_orderdate) = YEA,11.0,7.0,1.0,0.0,0.0,1.0,2.0,1.0,0.5,0.0,1.0,148479.0,148465.0,74239.5,11.908205548020028,100.0,100.0,1.0,1.0,0.0,1.0,0.0,0.0,0.0,0.0,1.0,1,6.461993975597065,4.542238158655211,1,1,1.0
complex_queries,Q076,787,52.8165,51.0578,54.2702,3,OK,,"SELECT c_custkey, c_name FROM customer WHERE EXISTS ( SELECT 1 FROM orders WHERE o_custkey = c_custkey AND o_orderpriori",11.0,8.0,1.0,0.0,0.0,1.0,3.0,1.0,0.3333333333333333,0.0,0.6666666666666666,148466.0,148465.0,49488.666666666664,11.908117990307652,70.0,10.0,1.0,1.0,0.0,1.0,0.0,0.0,0.0,0.0,2.0,1,3.9855801115973435,0.3752407131182744,1,1,1.0
complex_queries,Q077,788,108.9009,106.5398,112.2567,3,OK,,"SELECT s_suppkey, s_name FROM supplier WHERE NOT EXISTS ( SELECT 1 FROM lineitem WHERE l_suppkey = s_suppkey AND l_retur",11.0,7.666666666666667,1.0,1.0,0.0,1.0,3.0,2.0,0.6666666666666666,0.0,0.3333333333333333,595746.0,594745.0,198582.0,13.297571359278985,100.0,100.0,0.0,0.0,0.0,1.0,0.0,0.0,0.0,0.0,2.0,1,4.69957905063901,0.7736985861467891,1,1,1.0
complex_queries,Q078,789,181.8529,120.8967,213.4867,3,OK,,"SELECT DISTINCT p_partkey, p_name FROM part WHERE EXISTS ( SELECT 1 FROM lineitem JOIN orders   ON l_orderkey = o_orderk",11.0,5.5,1.0,0.0,0.0,1.0,6.0,4.0,0.6666666666666666,0.0,1.5,644.0,595.0,107.33333333333333,6.4692503167957724,71.66666666666667,10.0,1.0,1.0,1.0,1.0,0.0,0.0,0.0,0.0,1.0,1,5.208682004464153,1.291994204057941,1,1,1.0
complex_queries,Q079,790,0.4014,0.3469,0.4945,3,OK,,SELECT n_name FROM nation WHERE NOT EXISTS ( SELECT 1 FROM supplier WHERE s_nationkey = n_nationkey ) ORDER BY n_name,11.0,8.0,1.0,0.0,0.0,1.0,3.0,1.0,0.3333333333333333,0.0,0.3333333333333333,1026.0,1000.0,342.0,6.934397209928558,100.0,100.0,1.0,0.0,0.0,1.0,0.0,0.0,0.0,0.0,2.0,1,0.33747173695429644,0.0028517910547968027,1,1,1.0
complex_queries,Q080,791,129.0561,124.0493,137.9251,3,OK,,SELECT o_custkey FROM orders WHERE YEAR(o_orderdate) = 1996 GROUP BY o_custkey HAVING COUNT(DISTINCT QUARTER(o_orderdate,10.0,10.0,0.0,1.0,0.0,0.0,1.0,1.0,1.0,0.0,1.0,148465.0,148465.0,148465.0,11.908111254781456,100.0,100.0,0.0,0.0,0.0,1.0,0.0,0.0,0.0,0.0,1.0,1,4.867965895831178,0.9168934517861526,0,0,0.005
complex_queries,Q081,792,13.9175,13.3595,14.4847,3,OK,,SELECT ps_partkey FROM partsupp GROUP BY ps_partkey HAVING COUNT(DISTINCT ps_suppkey) >= 3 ORDER BY ps_partkey,9.0,9.0,0.0,0.0,1.0,0.0,1.0,1.0,1.0,0.0,2.0,78521.0,78521.0,78521.0,11.271134119283536,100.0,100.0,0.0,0.0,1.0,0.0,0.0,0.0,0.0,0.0,1.0,1,2.7025350204141,0.09887843050606504,0,0,0.0072499999999999995
complex_queries,Q082,793,21110.9222,21060.2455,21161.196,3,OK,,"SELECT s_suppkey, s_name FROM supplier WHERE NOT EXISTS ( SELECT DISTINCT p_type FROM part WHERE NOT EXISTS ( SELECT 1 F",11.0,7.2,1.0,1.0,0.0,1.0,5.0,3.0,0.6,0.0,0.8,40840.0,19919.0,8168.0,10.617441757777067,100.0,100.0,0.0,0.0,1.0,1.0,0.0,1.0,0.0,0.0,3.0,1,9.957593193068375,149.98490056918595,1,1,0.9916666666666666
complex_queries,Q083,794,0.8039,0.7398,0.927,3,OK,,SELECT o_orderkey FROM orders WHERE EXISTS ( SELECT l_shipmode FROM lineitem WHERE l_orderkey = o_orderkey GROUP BY l_sh,10.0,5.333333333333333,0.0,1.0,0.0,1.0,3.0,3.0,1.0,0.0,0.6666666666666666,28.0,20.0,9.333333333333334,3.367295829986474,100.0,100.0,1.0,0.0,1.0,1.0,0.0,1.0,0.0,0.0,2.0,1,0.5899509877314956,0.005711397182240034,0,0,0.06250000000000001
complex_queries,Q084,795,5.1235,4.8258,5.7059,3,OK,,SELECT c_custkey FROM customer WHERE c_mktsegment = 'BUILDING' AND c_custkey IN ( SELECT c_custkey FROM customer WHERE c,11.0,6.5,1.0,0.0,0.0,1.0,2.0,1.0,0.5,0.0,1.0,14893.0,14892.0,7446.5,9.60871372627059,10.0,10.0,0.0,0.0,0.0,1.0,0.0,0.0,0.0,0.0,1.0,1,1.812133828479205,0.03640047700361589,1,1,1.0
complex_queries,Q085,796,719.7226,699.5549,754.7677,3,OK,,"SELECT DISTINCT s_suppkey, s_name FROM supplier WHERE EXISTS ( SELECT 1 FROM lineitem JOIN orders   ON l_orderkey = o_or",10.0,4.25,0.0,1.0,0.0,1.0,4.0,4.0,1.0,0.0,1.5,148471.0,148465.0,37117.75,11.90815166725814,77.5,10.0,1.0,1.0,1.0,1.0,0.0,0.0,0.0,0.0,1.0,1,6.580254319840285,5.113349458433228,1,1,0.9831515151515152
complex_queries,Q086,797,113.2556,113.131,113.3877,3,OK,,"SELECT p_partkey, p_name FROM part WHERE NOT EXISTS ( SELECT 1 FROM lineitem WHERE l_partkey = p_partkey AND l_quantity ",11.0,7.666666666666667,1.0,1.0,0.0,1.0,3.0,2.0,0.6666666666666666,0.0,0.6666666666666666,594766.0,594745.0,198255.33333333334,13.295925011195125,100.0,100.0,0.0,0.0,0.0,1.0,0.0,0.0,0.0,0.0,2.0,1,4.7384380438903895,0.804637037831701,1,1,1.0
complex_queries,Q087,798,134.5194,132.2726,138.3771,3,OK,,SELECT o_custkey FROM orders GROUP BY o_custkey HAVING COUNT(DISTINCT YEAR(o_orderdate)) = 7 ORDER BY o_custkey,10.0,10.0,0.0,1.0,0.0,0.0,1.0,1.0,1.0,0.0,1.0,148465.0,148465.0,148465.0,11.908111254781456,100.0,100.0,0.0,0.0,0.0,0.0,0.0,0.0,0.0,0.0,1.0,1,4.909114803503153,0.9557080757763653,0,0,0.00625
complex_queries,Q088,799,0.9036,0.8169,1.0646,3,OK,,SELECT r_name FROM region WHERE EXISTS ( SELECT 1 FROM supplier JOIN nation ON s_nationkey = n_nationkey WHERE n_regionk,11.0,6.666666666666667,1.0,0.0,0.0,1.0,6.0,3.0,0.5,0.0,0.6666666666666666,1622.0,1000.0,270.3333333333333,7.392031567514591,85.0,10.0,1.0,1.0,1.0,1.0,0.0,0.0,0.0,0.0,2.0,1,0.6437468302648183,0.006419726948466345,1,1,1.0
complex_queries,Q089,800,539.7324,535.864,545.2859,3,OK,,SELECT l_orderkey FROM lineitem JOIN part ON l_partkey = p_partkey GROUP BY l_orderkey HAVING COUNT(DISTINCT SUBSTRING(p,10.0,6.0,0.0,1.0,0.0,1.0,2.0,2.0,1.0,0.0,2.0,594746.0,594745.0,297373.0,13.29589138401629,100.0,100.0,0.0,0.0,0.0,0.0,0.0,0.0,0.0,0.0,1.0,1,6.292924516915603,3.8345890142102887,1,1,0.9045138888888887
complex_queries,Q090,801,105.002,104.7537,105.2502,3,OK,,"SELECT s_suppkey, s_name, COUNT(DISTINCT ps_partkey) AS part_count FROM supplier JOIN partsupp ON s_suppkey = ps_suppkey",10.0,6.0,0.0,1.0,0.0,1.0,2.0,2.0,1.0,0.0,0.5,82491.0,82490.0,41245.5,11.320456597923938,100.0,100.0,1.0,1.0,1.0,0.0,0.0,0.0,0.0,0.0,1.0,1,4.663457961858598,0.7459984163820974,0,0,0.017583333333333333
complex_queries,Q091,802,21.3874,21.1817,21.6196,3,OK,,"SELECT c_custkey, c_name FROM customer WHERE c_acctbal >= 0 AND NOT EXISTS ( SELECT 1 FROM orders WHERE o_custkey = c_cu",11.0,7.666666666666667,1.0,1.0,0.0,1.0,3.0,2.0,0.6666666666666666,0.0,1.0,148486.0,148465.0,49495.333333333336,11.908252691305318,77.77666666666666,33.33,0.0,0.0,0.0,1.0,0.0,0.0,0.0,0.0,2.0,1,3.108498300598518,0.15194916792566304,1,1,0.995
complex_queries,Q092,803,800.2518,786.8133,807.35,3,OK,,SELECT l_partkey FROM lineitem GROUP BY l_partkey HAVING COUNT(DISTINCT l_shipmode) = 7 ORDER BY l_partkey,10.0,10.0,0.0,1.0,0.0,0.0,1.0,1.0,1.0,0.0,1.0,594745.0,594745.0,594745.0,13.295889702627665,100.0,100.0,0.0,0.0,0.0,0.0,0.0,0.0,0.0,0.0,1.0,1,6.686175254722216,5.6854781385775786,1,1,0.8659424603174602
complex_queries,Q093,804,425.0287,399.6234,471.3017,3,OK,,SELECT o_custkey FROM orders o WHERE YEAR(o_orderdate) = 1997 AND o_totalprice = ( SELECT MAX(o2.o_totalprice) FROM orde,11.0,7.0,1.0,0.0,0.0,1.0,2.0,1.0,0.5,0.0,0.5,148479.0,148465.0,74239.5,11.908205548020028,100.0,100.0,1.0,0.0,0.0,1.0,0.0,1.0,0.0,0.0,2.0,1,6.054506714892073,3.0196637884701394,1,1,1.0
complex_queries,Q094,805,0.4691,0.4313,0.4904,3,OK,,SELECT n_name FROM nation WHERE NOT EXISTS ( SELECT 1 FROM supplier WHERE s_nationkey = n_nationkey AND s_acctbal <= 0 ),11.0,8.0,1.0,0.0,0.0,1.0,3.0,1.0,0.3333333333333333,0.0,0.3333333333333333,1026.0,1000.0,342.0,6.934397209928558,100.0,100.0,1.0,0.0,0.0,1.0,0.0,0.0,0.0,0.0,2.0,1,0.38464996839424437,0.003332773253127006,1,1,1.0
complex_queries,Q095,806,202.81,198.9756,208.5345,3,OK,,SELECT DISTINCT l_partkey FROM lineitem JOIN orders   ON l_orderkey = o_orderkey JOIN customer ON o_custkey  = c_custkey,11.0,5.75,1.0,0.0,0.0,1.0,8.0,5.0,0.625,0.0,1.375,650.0,595.0,81.25,6.478509642208569,57.5,10.0,1.0,1.0,1.0,1.0,0.0,0.0,0.0,0.0,1.0,1,5.317188187298288,1.440886257656551,1,1,1.0
complex_queries,Q096,807,147.5644,146.9553,148.6956,3,OK,,SELECT o_custkey FROM orders GROUP BY o_custkey HAVING COUNT(DISTINCT o_orderpriority) = 5 ORDER BY o_custkey,10.0,10.0,0.0,1.0,0.0,0.0,1.0,1.0,1.0,0.0,1.0,148465.0,148465.0,148465.0,11.908111254781456,100.0,100.0,0.0,0.0,0.0,0.0,0.0,0.0,0.0,0.0,1.0,1,5.001018534268753,1.0483877327515132,0,0,0.00625
complex_queries,Q097,808,203.6691,202.758,204.8645,3,OK,,SELECT DISTINCT l_suppkey FROM lineitem WHERE YEAR(l_shipdate) = 1993 AND l_suppkey IN ( SELECT DISTINCT l_suppkey FROM ,11.0,8.0,1.0,0.0,0.0,1.0,3.0,1.0,0.3333333333333333,0.0,0.3333333333333333,1189491.0,594745.0,396497.0,13.98903688318761,100.0,100.0,1.0,1.0,0.0,1.0,0.0,0.0,0.0,0.0,2.0,1,5.32139452865917,1.4469898293934118,1,1,1.0
complex_queries,Q098,809,52.1473,45.3392,63.7295,3,OK,,"SELECT ps_partkey, MAX(ps_supplycost) - MIN(ps_supplycost) AS cost_range FROM partsupp GROUP BY ps_partkey HAVING MAX(ps",10.0,10.0,0.0,1.0,0.0,0.0,1.0,1.0,1.0,0.0,2.0,82490.0,82490.0,82490.0,11.320444475462835,100.0,100.0,1.0,1.0,0.0,0.0,0.0,0.0,0.0,0.0,1.0,1,3.973067303873906,0.37048630710464703,0,0,0.004583333333333333
complex_queries,Q099,810,448.2169,430.37,483.0695,3,OK,,"SELECT o_custkey, SUM(l_extendedprice * l_discount) AS discount_savings FROM lineitem JOIN orders ON l_orderkey = o_orde",10.0,6.5,0.0,1.0,0.0,1.0,2.0,2.0,1.0,0.0,1.5,148469.0,148465.0,74234.5,11.908138196614042,100.0,100.0,1.0,1.0,1.0,0.0,0.0,0.0,0.0,0.0,1.0,1,6.107505844596475,3.184406940779156,0,0,0.014511904761904764
complex_queries,Q101,812,57.2042,55.8928,59.1587,3,OK,,"SELECT decile, COUNT(*)          AS customers, SUM(total_spend)  AS decile_revenue, AVG(total_spend)  AS avg_spend FROM ",11.0,11.0,1.0,0.0,0.0,0.0,2.0,0.0,0.0,1.0,0.5,296930.0,148465.0,148465.0,12.60125506756129,100.0,100.0,1.0,1.0,0.0,0.0,0.0,0.0,1.0,0.0,2.0,1,4.063957517082081,0.40641361698257916,1,1,1.0
complex_queries,Q102,813,131.8338,131.4182,132.1185,3,OK,,"SELECT n_name, total_parts, total_stock, avg_cost, RANK() OVER (ORDER BY total_stock * (1.0 / NULLIF(avg_cost, 0)) DESC)",11.0,6.5,1.0,0.0,0.0,1.0,4.0,2.0,0.5,0.0,0.5,164982.0,82490.0,41245.5,12.0135977172717,100.0,100.0,1.0,1.0,0.0,0.0,0.0,0.0,1.0,0.0,2.0,1,4.889098722730393,0.9366279311406844,1,1,1.0
complex_queries,Q103,814,142.0098,140.7613,143.3777,3,OK,,"SELECT tier, COUNT(*)         AS customer_count, AVG(total_spend) AS avg_spend, SUM(total_spend) AS tier_revenue FROM ( ",11.0,10.666666666666666,1.0,1.0,0.0,0.0,3.0,1.0,0.3333333333333333,0.0,0.3333333333333333,445395.0,148465.0,148465.0,13.006719053073564,100.0,100.0,1.0,1.0,0.0,0.0,0.0,0.0,1.0,0.0,2.0,1,4.962913159380265,1.008924457731647,1,1,1.0
complex_queries,Q104,815,837.4095,820.7973,850.4949,3,OK,,"SELECT p_brand, p_type, SUM(total_stock)   AS total_supply, SUM(total_demand)  AS total_demand, ROUND(SUM(total_stock) /",11.0,7.2,1.0,1.0,0.0,1.0,5.0,4.0,0.8,0.0,1.0,759755.0,594745.0,151951.0,13.540752608082505,100.0,100.0,1.0,1.0,0.0,0.0,0.0,0.0,1.0,0.0,2.0,1,6.731506644609452,5.949469161190492,1,1,1.0
complex_queries,Q105,816,251.7865,248.9854,257.0208,3,OK,,"SELECT s_suppkey, s_name, revenue, cost, ROUND(revenue / NULLIF(cost, 0), 4) AS profitability_index FROM ( SELECT l_supp",11.0,7.8,1.0,0.0,0.0,1.0,5.0,2.0,0.4,0.0,1.0,678911.0,594745.0,135782.2,13.428246795785316,100.0,100.0,1.0,1.0,0.0,0.0,0.0,0.0,1.0,0.0,2.0,1,5.532545258948036,1.7888452626272924,1,1,1.0
complex_queries,Q106,817,245.184,242.9467,248.8983,3,OK,,"SELECT r_name, n_name, orders_count, total_revenue, total_revenue / SUM(total_revenue) OVER (PARTITION BY r_name) * 100 ",11.0,7.8,1.0,0.0,0.0,1.0,5.0,2.0,0.4,0.0,1.0,110844.0,110205.0,22168.8,11.615888108028054,82.0,10.0,1.0,1.0,1.0,1.0,0.0,0.0,1.0,0.0,2.0,1,5.506079223823769,1.7419370652199784,1,1,1.0
complex_queries,Q107,818,891.4901,875.845,917.0333,3,OK,,"SELECT o_orderkey, o_custkey, YEAR(o_orderdate) AS order_year, o_totalprice, pct_rank FROM ( SELECT *, PERCENT_RANK() OV",11.0,11.0,1.0,0.0,0.0,0.0,2.0,0.0,0.0,1.0,0.0,296930.0,148465.0,148465.0,12.60125506756129,66.66499999999999,33.33,1.0,0.0,0.0,1.0,0.0,0.0,1.0,0.0,2.0,1,6.794015421155298,6.3336908137018115,1,1,1.0
complex_queries,Q108,819,923.9792,864.1928,1041.9423,3,OK,,"SELECT l_partkey, p_name, total_ordered, total_returned, ROUND(total_returned / NULLIF(total_ordered, 0) * 100, 2) AS re",11.0,7.666666666666667,1.0,1.0,0.0,1.0,3.0,2.0,0.6666666666666666,0.0,0.6666666666666666,1189491.0,594745.0,396497.0,13.98903688318761,100.0,100.0,1.0,0.0,0.0,0.0,0.0,0.0,1.0,0.0,2.0,1,6.829771250773114,6.564513247080982,1,1,1.0
complex_queries,Q109,820,160.3552,157.9176,164.5399,3,OK,,"SELECT c_mktsegment, MONTH(o_orderdate) AS order_month, COUNT(*)           AS order_count, SUM(o_totalprice)  AS revenue",11.0,6.5,1.0,0.0,0.0,1.0,2.0,1.0,0.5,0.0,1.0,148466.0,148465.0,74233.0,11.908117990307652,100.0,100.0,1.0,1.0,0.0,0.0,0.0,0.0,0.0,0.0,1.0,1,5.08360814605427,1.139261397484186,1,1,1.0
complex_queries,Q110,821,991.7157,966.7041,1007.1022,3,OK,,"SELECT n_name, ROUND(SUM(POWER(revenue_share, 2)), 4) AS hhi_index FROM ( SELECT n_name, l_suppkey, nation_revenue, supp",11.0,6.5,1.0,0.0,0.0,1.0,4.0,2.0,0.5,0.0,0.5,1189492.0,594745.0,297373.0,13.989037723882277,100.0,100.0,1.0,1.0,0.0,0.0,0.0,0.0,1.0,0.0,2.0,1,6.900444318923419,7.045754763730816,1,1,1.0
complex_queries,Q111,822,1683.2005,1630.047,1741.2582,3,OK,,"SELECT size_bucket, AVG(ship_lag) AS avg_ship_lag_days, COUNT(*)      AS item_count FROM ( SELECT CASE WHEN p_size <= 10",10.0,5.0,0.0,1.0,0.0,1.0,3.0,3.0,1.0,0.0,1.6666666666666667,19949.0,19919.0,6649.666666666667,9.90098442231801,100.0,100.0,1.0,1.0,1.0,0.0,0.0,0.0,0.0,0.0,1.0,1,7.429046249472703,11.958485623641021,1,1,0.9589292929292929
complex_queries,Q112,823,161.187,133.9432,194.5845,3,OK,,"SELECT order_month, new_customers, SUM(new_customers) OVER ( ORDER BY order_month ROWS BETWEEN 11 PRECEDING AND CURRENT ",11.0,10.666666666666666,1.0,1.0,0.0,0.0,3.0,1.0,0.3333333333333333,0.0,0.3333333333333333,445395.0,148465.0,148465.0,13.006719053073564,100.0,100.0,1.0,1.0,0.0,0.0,0.0,0.0,1.0,0.0,2.0,1,5.0887499905038185,1.1451710133271855,1,1,1.0
complex_queries,Q113,824,298.2346,296.8025,299.8001,3,OK,,"SELECT l_shipmode, total_revenue, total_qty, ROUND(total_revenue / total_qty, 2) AS revenue_per_unit FROM ( SELECT l_shi",11.0,11.0,1.0,0.0,0.0,0.0,2.0,0.0,0.0,1.0,0.0,1189490.0,594745.0,594745.0,13.989036042492238,100.0,100.0,1.0,1.0,0.0,0.0,0.0,0.0,1.0,0.0,2.0,1,5.701227881125565,2.1188409678896427,1,1,1.0
complex_queries,Q114,825,167.6197,165.8561,169.4936,3,OK,,"SELECT o_custkey, recency_days, order_frequency, total_value, NTILE(3) OVER (ORDER BY recency_days DESC)  AS recency_sco",11.0,10.5,1.0,1.0,0.0,0.0,2.0,1.0,0.5,0.0,0.5,296930.0,148465.0,148465.0,12.60125506756129,100.0,100.0,1.0,0.0,0.0,0.0,0.0,0.0,1.0,0.0,2.0,1,5.127645883344566,1.190872847702351,1,1,0.9992857142857143
complex_queries,Q116,827,184.5001,183.4538,185.3917,3,OK,,"SELECT l_suppkey, s_name, total_shipments, on_time_shipments, ROUND(on_time_shipments / NULLIF(total_shipments, 0) * 100",11.0,8.333333333333334,1.0,0.0,0.0,1.0,3.0,1.0,0.3333333333333333,0.0,0.6666666666666666,596339.0,594745.0,198779.66666666666,13.298566253190106,100.0,100.0,1.0,1.0,0.0,0.0,0.0,0.0,1.0,0.0,2.0,1,5.223055421130902,1.3108015316121466,1,1,1.0
complex_queries,Q117,828,2409.9797,2377.0149,2427.0541,3,OK,,"SELECT supplier_nation, customer_nation, export_value, import_value, export_value - import_value AS trade_balance FROM (",11.0,4.0,1.0,1.0,0.0,1.0,14.0,13.0,0.9285714285714286,0.0,1.2142857142857142,905577.0,608621.0,64684.07142857143,13.71632869284975,100.0,100.0,1.0,1.0,1.0,1.0,0.0,0.0,1.0,0.0,2.0,1,7.787788458402879,17.12196948356224,1,1,0.9950000000000001
complex_queries,Q118,829,35.5288,34.5157,36.7566,3,OK,,"SELECT order_year, order_week, order_count, AVG(order_count) OVER ( PARTITION BY order_year ORDER BY order_week ROWS BET",11.0,10.5,1.0,1.0,0.0,0.0,2.0,1.0,0.5,0.0,0.5,296930.0,148465.0,148465.0,12.60125506756129,100.0,100.0,1.0,1.0,1.0,0.0,0.0,0.0,1.0,0.0,2.0,1,3.5981009905550625,0.25241832094585115,1,1,0.9908333333333332
complex_queries,Q119,830,1194.1822,1190.5358,1199.7492,3,OK,,"SELECT material_type, p_brand, p_type, SUM(revenue) AS total_revenue FROM ( SELECT SUBSTRING_INDEX(p_type, ' ', -1) AS m",11.0,7.0,1.0,0.0,0.0,1.0,2.0,1.0,0.5,0.0,1.0,19948.0,19919.0,9974.0,9.90093429574841,100.0,100.0,1.0,1.0,0.0,0.0,0.0,0.0,0.0,0.0,1.0,1,7.0860539213627,8.484200587338233,1,1,1.0
complex_queries,Q120,831,58.4554,57.2685,60.0621,3,OK,,"SELECT o_orderkey, o_custkey, o_totalprice, global_mean, global_std, (o_totalprice - global_mean) / global_std AS z_scor",11.0,7.0,1.0,1.0,0.0,0.0,3.0,1.0,0.3333333333333333,0.0,0.0,296931.0,148465.0,98977.0,12.601258435341402,100.0,100.0,1.0,0.0,1.0,1.0,0.0,0.0,1.0,0.0,2.0,1,4.085226451644221,0.41530290688731697,1,1,0.995
complex_queries,Q121,832,224.5071,224.3257,224.8273,3,OK,,"SELECT l_suppkey, s_name, supplier_revenue, cumulative_revenue, cumulative_revenue / NULLIF(total_revenue, 0) * 100 AS c",11.0,8.75,1.0,0.0,0.0,1.0,4.0,1.0,0.25,0.0,0.25,1784236.0,594745.0,446059.0,14.394501430832271,100.0,100.0,1.0,1.0,0.0,0.0,0.0,0.0,1.0,0.0,2.0,1,5.418351644034655,1.5950357237627586,1,1,1.0
complex_queries,Q122,833,168.3087,156.494,191.1646,3,OK,,"SELECT c_mktsegment, order_year, segment_revenue, ROUND( (segment_revenue - LAG(segment_revenue) OVER (PARTITION BY c_mk",11.0,8.0,1.0,0.0,0.0,1.0,3.0,1.0,0.3333333333333333,0.0,0.6666666666666666,296931.0,148465.0,98977.0,12.601258435341402,100.0,100.0,1.0,1.0,0.0,0.0,0.0,0.0,1.0,0.0,2.0,1,5.131723675887286,1.195767925023614,1,1,1.0
complex_queries,Q123,834,330.041,329.4409,330.7292,3,OK,,"SELECT discount_bracket, AVG(l_quantity)                          AS avg_quantity, AVG(l_extendedprice * (1 - l_discount",11.0,11.0,1.0,0.0,0.0,0.0,1.0,0.0,0.0,1.0,0.0,594745.0,594745.0,594745.0,13.295889702627665,100.0,100.0,1.0,1.0,0.0,0.0,0.0,0.0,0.0,0.0,1.0,1,5.802242234775657,2.344813082999979,1,1,1.0
complex_queries,Q124,835,443.2987,426.7485,473.7985,3,OK,,"SELECT n_name, late_count, total_count, ROUND(late_count / NULLIF(total_count, 0) * 100, 2) AS late_rate_pct FROM ( SELE",11.0,5.8,1.0,1.0,0.0,1.0,5.0,4.0,0.8,0.0,1.4,154581.0,148465.0,30916.2,11.948479978861547,100.0,100.0,1.0,1.0,1.0,0.0,0.0,0.0,1.0,0.0,2.0,1,6.096497083986648,3.1494650405158233,1,1,0.9975714285714287
complex_queries,Q125,836,177.5195,176.7259,178.5117,3,OK,,"SELECT c_mktsegment, best_month, max_revenue FROM ( SELECT c_mktsegment, DATE_FORMAT(o_orderdate, '%Y-%m') AS best_month",11.0,5.333333333333333,1.0,0.0,0.0,1.0,3.0,2.0,0.6666666666666666,0.0,1.0,148476.0,148465.0,49492.0,11.90818534307453,100.0,100.0,1.0,1.0,0.0,0.0,0.0,0.0,1.0,0.0,2.0,1,5.184697838950514,1.2612070805979099,1,1,1.0
complex_queries,Q126,837,170.4361,168.2059,173.745,3,OK,,"SELECT o_custkey, c_mktsegment, total_spend, PERCENT_RANK() OVER ( PARTITION BY c_mktsegment ORDER BY total_spend ) AS s",11.0,7.666666666666667,1.0,1.0,0.0,1.0,3.0,2.0,0.6666666666666666,0.0,0.6666666666666666,296931.0,148465.0,98977.0,12.601258435341402,100.0,100.0,1.0,1.0,0.0,0.0,0.0,0.0,1.0,0.0,2.0,1,5.144210602423136,1.2108822755218072,1,1,1.0
complex_queries,Q127,838,191.6789,191.5075,191.9886,3,OK,,"SELECT r_name, order_month, monthly_orders, SUM(monthly_orders) OVER ( PARTITION BY r_name ORDER BY order_month ROWS BET",11.0,7.8,1.0,0.0,0.0,1.0,5.0,2.0,0.4,0.0,1.0,110844.0,110205.0,22168.8,11.615888108028054,82.0,10.0,1.0,1.0,1.0,1.0,0.0,0.0,1.0,0.0,2.0,1,5.261025072798247,1.3618041166250396,1,1,1.0
complex_queries,Q128,839,1250.9137,1211.3485,1302.4929,3,OK,,"SELECT l_suppkey, ship_month, monthly_revenue, LAG(monthly_revenue)  OVER (PARTITION BY l_suppkey ORDER BY ship_month) A",11.0,11.0,1.0,0.0,0.0,0.0,2.0,0.0,0.0,1.0,0.0,1189490.0,594745.0,594745.0,13.989036042492238,100.0,100.0,1.0,1.0,0.0,0.0,0.0,0.0,1.0,0.0,2.0,1,7.132428619571822,8.887255854466297,1,1,1.0
complex_queries,Q129,840,1056.1099,1007.4931,1113.5685,3,OK,,"SELECT p_container, l_partkey, part_revenue, DENSE_RANK() OVER ( PARTITION BY p_container ORDER BY part_revenue DESC ) A",11.0,8.333333333333334,1.0,0.0,0.0,1.0,3.0,1.0,0.3333333333333333,0.0,0.6666666666666666,615470.0,595522.0,205156.66666666666,13.330143107330924,100.0,100.0,1.0,1.0,0.0,0.0,0.0,0.0,1.0,0.0,2.0,1,6.963293953975301,7.5032505373750515,1,1,1.0
complex_queries,Q130,841,2463.5873,2452.3093,2474.9939,3,OK,,"SELECT l_orderkey, FIRST_VALUE(l_linenumber) OVER ( PARTITION BY l_orderkey ORDER BY l_shipdate ) AS first_shipped_line,",10.0,10.0,0.0,1.0,0.0,0.0,1.0,1.0,1.0,0.0,0.0,594745.0,594745.0,594745.0,13.295889702627665,100.0,100.0,1.0,0.0,1.0,0.0,0.0,0.0,0.0,0.0,1.0,1,7.8097796485247475,17.502830654835595,1,1,0.8550595238095238
complex_queries,Q131,842,1071.2165,1051.3049,1091.0299,3,OK,,"SELECT o_custkey, o_orderdate, order_discount, SUM(order_discount) OVER ( PARTITION BY o_custkey ORDER BY o_orderdate ) ",11.0,8.333333333333334,1.0,0.0,0.0,1.0,3.0,1.0,0.3333333333333333,0.0,0.6666666666666666,757090.0,608621.0,252363.33333333334,13.537238736555413,100.0,100.0,1.0,1.0,0.0,0.0,0.0,0.0,1.0,0.0,2.0,1,6.977483280195007,7.610577061411907,1,1,1.0
complex_queries,Q132,843,89.3122,85.0551,97.4763,3,OK,,"SELECT p_brand, ps_partkey, avg_cost, PERCENT_RANK() OVER ( PARTITION BY p_brand ORDER BY avg_cost ) AS brand_cost_perce",11.0,7.666666666666667,1.0,1.0,0.0,1.0,3.0,2.0,0.6666666666666666,0.0,1.0,164981.0,82490.0,54993.666666666664,12.013591656022781,100.0,100.0,1.0,1.0,0.0,0.0,0.0,0.0,1.0,0.0,2.0,1,4.503272556501926,0.6345284829203364,1,1,1.0
complex_queries,Q133,844,253.3011,252.6979,254.3939,3,OK,,"SELECT o_orderpriority, MIN(o_totalprice)                          AS q0_min, MAX(CASE WHEN rnk_pct <= 0.25 THEN o_total",11.0,11.0,1.0,0.0,0.0,0.0,2.0,0.0,0.0,1.0,0.0,296930.0,148465.0,148465.0,12.60125506756129,100.0,100.0,1.0,1.0,0.0,0.0,0.0,0.0,1.0,0.0,2.0,1,5.538518998018404,1.799605907200275,1,1,1.0
complex_queries,Q134,845,867.5281,841.0834,896.4231,3,OK,,"SELECT l_suppkey, n_name, supp_revenue, nation_avg_revenue, supp_revenue - nation_avg_revenue AS deviation, (supp_revenu",11.0,7.4,1.0,0.0,0.0,1.0,5.0,2.0,0.4,0.0,0.4,1784237.0,594745.0,356847.4,14.394501991295774,100.0,100.0,1.0,1.0,0.0,0.0,0.0,0.0,1.0,0.0,2.0,1,6.766799939792187,6.163450113016608,1,1,1.0
complex_queries,Q135,846,360.7217,354.9102,367.7392,3,OK,,"SELECT o_custkey, n_name, order_year, yearly_spend, RANK() OVER ( PARTITION BY n_name, order_year ORDER BY yearly_spend ",11.0,7.0,1.0,0.0,0.0,1.0,4.0,2.0,0.5,0.0,1.0,221044.0,220410.0,55261.0,12.306121579681673,100.0,100.0,1.0,1.0,1.0,0.0,0.0,0.0,1.0,0.0,2.0,1,5.890875131629012,2.56278753694842,1,1,0.9985714285714287
complex_queries,Q136,847,274.9367,261.3165,299.8045,3,OK,,"SELECT l_shipmode, ship_week, weekly_qty, AVG(weekly_qty) OVER ( PARTITION BY l_shipmode ORDER BY ship_week ROWS BETWEEN",11.0,11.0,1.0,0.0,0.0,0.0,2.0,0.0,0.0,1.0,0.0,1189490.0,594745.0,594745.0,13.989036042492238,100.0,100.0,1.0,1.0,0.0,0.0,0.0,0.0,1.0,0.0,2.0,1,5.620171491586828,1.9533184396994323,1,1,1.0
complex_queries,Q137,848,269.1905,268.6383,270.1308,3,OK,,"SELECT o_orderkey, o_custkey, o_totalprice, customer_avg, customer_std, ROUND((o_totalprice - customer_avg) / NULLIF(cus",11.0,8.0,1.0,1.0,0.0,1.0,3.0,2.0,0.6666666666666666,0.0,1.0,296940.0,148465.0,98980.0,12.601288744852024,100.0,100.0,1.0,1.0,0.0,0.0,0.0,0.0,1.0,0.0,2.0,1,5.599127265766625,1.9124939211167882,1,1,1.0
complex_queries,Q138,849,268.1613,267.531,268.5049,3,OK,,"SELECT o_custkey, o_orderdate, o_totalprice, prev_price, o_totalprice - prev_price AS order_growth FROM ( SELECT o_custk",11.0,11.0,1.0,0.0,0.0,0.0,2.0,0.0,0.0,1.0,0.0,296930.0,148465.0,148465.0,12.60125506756129,95.0,90.0,1.0,0.0,0.0,1.0,0.0,0.0,1.0,0.0,2.0,1,5.59531082814944,1.9051818549643296,1,1,1.0
complex_queries,Q139,850,209.9862,205.5909,214.1695,3,OK,,"SELECT r_name, order_month, monthly_revenue, SUM(monthly_revenue) OVER ( PARTITION BY r_name, LEFT(order_month, 4) ORDER",11.0,7.8,1.0,0.0,0.0,1.0,5.0,2.0,0.4,0.0,1.0,110844.0,110205.0,22168.8,11.615888108028054,82.0,10.0,1.0,1.0,1.0,1.0,0.0,0.0,1.0,0.0,2.0,1,5.3517927284936055,1.4918703706795526,1,1,1.0
complex_queries,Q141,852,1410.8222,1402.1197,1426.7761,3,OK,,"SELECT l_partkey, order_month, monthly_qty, monthly_qty / AVG(monthly_qty) OVER (PARTITION BY l_partkey) AS seasonality_",11.0,8.0,1.0,1.0,0.0,1.0,3.0,2.0,0.6666666666666666,0.0,0.6666666666666666,757090.0,608621.0,252363.33333333334,13.537238736555413,100.0,100.0,1.0,1.0,1.0,0.0,0.0,0.0,1.0,0.0,2.0,1,7.252636489444626,10.023343621994883,1,1,1.0
complex_queries,Q142,853,364.5115,351.5242,380.9296,3,OK,,"SELECT o_custkey, MAX(streak) AS longest_streak_months FROM ( SELECT o_custkey, COUNT(*) AS streak FROM ( SELECT o_custk",11.0,11.0,1.0,0.0,0.0,0.0,4.0,0.0,0.0,1.0,0.0,593860.0,148465.0,148465.0,13.294400564226928,100.0,100.0,1.0,1.0,0.0,0.0,0.0,0.0,1.0,0.0,2.0,1,5.90129774244315,2.5897125935988163,1,1,1.0
complex_queries,Q143,854,240.232,234.0786,245.3537,3,OK,,"SELECT top_n, supplier_count, cumulative_revenue, total_revenue, ROUND(cumulative_revenue / NULLIF(total_revenue, 0) * 1",11.0,11.0,1.0,0.0,0.0,0.0,3.0,0.0,0.0,1.0,0.0,1784235.0,594745.0,594745.0,14.394500870368454,83.33333333333333,50.0,1.0,1.0,0.0,1.0,0.0,0.0,1.0,0.0,2.0,1,5.485759126036562,1.7067550290880558,1,1,1.0
complex_queries,Q144,855,512.3249,509.3661,516.26,3,OK,,"SELECT curr.ship_week, curr.weekly_revenue AS this_year, prev.weekly_revenue AS prior_year, ROUND( (curr.weekly_revenue ",11.0,9.0,1.0,0.0,0.0,1.0,4.0,1.0,0.25,0.0,0.75,1784245.0,594745.0,446061.25,14.394506474992493,100.0,100.0,1.0,1.0,0.0,1.0,0.0,0.0,1.0,0.0,2.0,1,6.240908978033186,3.6398693746130206,1,1,1.0
complex_queries,Q145,856,261.0386,255.5898,266.0565,3,OK,,"SELECT s_name, n_name, annual_revenue, inventory_cost, ROUND(annual_revenue / NULLIF(inventory_cost, 0), 2) AS stock_tur",11.0,6.833333333333333,1.0,0.0,0.0,1.0,6.0,3.0,0.5,0.0,1.0,678912.0,594745.0,113152.0,13.428248268729178,100.0,100.0,1.0,1.0,0.0,0.0,0.0,0.0,1.0,0.0,2.0,1,5.568491821153631,1.8545778386564042,1,1,1.0
complex_queries,Q146,857,114.0834,113.067,115.4261,3,OK,,"SELECT o1.o_custkey, o1.o_orderkey  AS order1, o2.o_orderkey  AS order2, o1.o_orderdate AS order_date FROM orders o1 JOI",11.0,7.0,1.0,0.0,0.0,1.0,2.0,1.0,0.5,0.0,3.0,148479.0,148465.0,74239.5,11.908205548020028,50.17,0.34,1.0,0.0,1.0,1.0,0.0,0.0,0.0,0.0,1.0,1,4.745657082911493,0.8105182352287135,1,1,0.9796428571428573
complex_queries,Q147,858,55.2194,54.7518,55.9762,3,OK,,"SELECT p1.p_partkey AS part1, p2.p_partkey AS part2, p1.p_retailprice, p1.p_brand   AS brand1, p2.p_brand   AS brand2 FR",11.0,11.0,1.0,0.0,0.0,0.0,2.0,0.0,0.0,1.0,1.0,39838.0,19919.0,19919.0,10.592601610981907,51.5,3.0,1.0,0.0,0.0,0.0,0.0,0.0,0.0,0.0,1.0,1,4.029261893062845,0.3923123840838231,1,1,1.0
complex_queries,Q148,859,69.4415,68.936,70.0818,3,OK,,"SELECT s1.s_suppkey AS supp1, s2.s_suppkey AS supp2, n_name        AS nation FROM supplier s1 JOIN supplier s2 ON s1.s_n",11.0,8.0,1.0,0.0,0.0,1.0,3.0,1.0,0.3333333333333333,0.0,1.0,2001.0,1000.0,667.0,7.601901959875166,67.77666666666667,3.33,1.0,1.0,0.0,0.0,0.0,0.0,0.0,0.0,1.0,1,4.254782578120186,0.4933548792517992,1,1,1.0
complex_queries,Q149,860,2648.1113,2548.2725,2736.8249,3,OK,,"SELECT o1.o_custkey, o1.o_orderdate          AS day1, o2.o_orderdate          AS day2, o1.o_totalprice + o2.o_totalprice",11.0,7.0,1.0,0.0,0.0,1.0,2.0,1.0,0.5,0.0,1.0,148479.0,148465.0,74239.5,11.908205548020028,100.0,100.0,1.0,1.0,0.0,1.0,0.0,0.0,0.0,0.0,1.0,1,7.881979504244468,18.813801986662515,1,1,1.0
complex_queries,Q150,861,156.6587,155.6793,157.9868,3,OK,,"SELECT ps1.ps_partkey, ps1.ps_suppkey   AS supplier_a, ps1.ps_supplycost AS cost_a, ps2.ps_suppkey   AS supplier_b, ps2.",11.0,7.0,1.0,0.0,0.0,1.0,2.0,1.0,0.5,0.0,2.0,82493.0,82490.0,41246.5,11.320480842405289,66.66499999999999,33.33,1.0,1.0,0.0,1.0,0.0,0.0,0.0,0.0,1.0,1,5.060432570005988,1.1129992010864374,1,1,0.9942857142857143
complex_queries,Q151,862,3604.7185,3439.513,3907.2818,3,OK,,"SELECT c1.c_custkey   AS customer_a, c2.c_custkey   AS customer_b, c1.c_mktsegment, n_name          AS nation FROM custo",11.0,5.666666666666667,1.0,0.0,0.0,1.0,3.0,2.0,0.6666666666666666,0.0,1.6666666666666667,1215.0,595.0,405.0,7.103322062526113,67.77666666666667,3.33,1.0,1.0,1.0,1.0,0.0,0.0,0.0,0.0,1.0,1,8.190276336378869,25.610124497659566,1,1,1.0
complex_queries,Q152,863,1291.2911,1275.6313,1310.7059,3,OK,,"SELECT n1.n_name AS from_nation, n2.n_name AS to_nation, COALESCE(trade_value, 0) AS trade_value FROM nation n1 CROSS JO",11.0,5.111111111111111,1.0,1.0,0.0,1.0,9.0,7.0,0.7777777777777778,0.0,1.0,154609.0,148465.0,17178.777777777777,11.94866109609664,98.88888888888889,90.0,1.0,1.0,1.0,1.0,0.0,0.0,1.0,0.0,2.0,1,7.164171968561675,9.174121594715306,1,1,0.9983333333333334
complex_queries,Q153,864,19.6137,19.0579,20.6127,3,OK,,"SELECT p1.p_partkey AS part_a, p2.p_partkey AS part_b, p1.p_brand, p1.p_container, p1.p_size AS size_a, p2.p_size AS siz",11.0,11.0,1.0,0.0,0.0,0.0,2.0,0.0,0.0,1.0,1.0,39838.0,19919.0,19919.0,10.592601610981907,50.15,0.3,1.0,0.0,0.0,0.0,0.0,0.0,0.0,0.0,1.0,1,3.025955903292441,0.1393477185138716,1,1,1.0
complex_queries,Q154,865,62.6961,61.6438,63.8975,3,OK,,"SELECT o1.o_custkey, o1.o_orderkey AS earlier_order, o1.o_totalprice AS earlier_value, o2.o_orderkey AS later_order, o2.",11.0,7.0,1.0,0.0,0.0,1.0,2.0,1.0,0.5,0.0,3.0,148479.0,148465.0,74239.5,11.908205548020028,55.555,11.11,1.0,0.0,0.0,1.0,0.0,0.0,0.0,0.0,1.0,1,4.154123336214027,0.445431432861599,1,1,0.9910714285714286
complex_queries,Q155,866,178.625,177.5596,180.3039,3,OK,,"SELECT ps1.ps_partkey, ps1.ps_suppkey AS supp_low, ps1.ps_supplycost AS cost_low, ps2.ps_suppkey AS supp_high, ps2.ps_su",11.0,7.0,1.0,0.0,0.0,1.0,2.0,1.0,0.5,0.0,2.0,82493.0,82490.0,41246.5,11.320480842405289,66.66499999999999,33.33,1.0,1.0,0.0,1.0,0.0,0.0,0.0,0.0,1.0,1,5.190871344399189,1.2690612286075709,1,1,0.9942857142857143
complex_queries,Q156,867,91.3981,90.437,92.9028,3,OK,,"SELECT o1.o_custkey, o1.o_totalprice AS first_order_value, o2.o_totalprice AS second_order_value FROM orders o1 JOIN ord",10.0,4.75,0.0,1.0,0.0,1.0,4.0,4.0,1.0,0.0,2.0,46.0,14.0,11.5,3.8501476017100584,66.66499999999999,33.33,0.0,0.0,0.0,1.0,0.0,1.0,0.0,0.0,2.0,1,4.526106415665659,0.6493479920414142,0,0,0.01775
complex_queries,Q157,868,41188.213,41162.8464,41203.4182,3,OK,,"SELECT p1.p_partkey   AS part_a, p2.p_partkey   AS part_b, p1.p_brand, p1.p_retailprice, p1.p_mfgr      AS mfgr_a, p2.p_",11.0,11.0,1.0,0.0,0.0,0.0,2.0,0.0,0.0,1.0,1.0,39838.0,19919.0,19919.0,10.592601610981907,50.15,0.3,1.0,0.0,0.0,0.0,0.0,0.0,0.0,0.0,1.0,1,10.625931680668327,292.62625161052665,1,1,1.0
complex_queries,Q158,869,145.4609,144.1489,147.9929,3,OK,,"SELECT a.ps_suppkey AS supp_a, b.ps_suppkey AS supp_b, COUNT(DISTINCT a.ps_partkey) AS shared_parts FROM partsupp a JOIN",10.0,6.5,0.0,1.0,0.0,1.0,2.0,2.0,1.0,0.0,2.0,82493.0,82490.0,41246.5,11.320480842405289,66.66499999999999,33.33,1.0,1.0,1.0,1.0,0.0,0.0,0.0,0.0,1.0,1,4.986758498636575,1.0334431824680925,0,0,0.011833333333333333
complex_queries,Q159,870,2.207,1.8603,2.8076,3,OK,,"SELECT o1.o_custkey, o1.o_orderdate AS month1_order, o2.o_orderdate AS month2_order FROM orders o1 JOIN orders o2 ON o1.",10.0,6.5,0.0,1.0,0.0,1.0,2.0,2.0,1.0,0.0,1.0,15.0,14.0,7.5,2.772588722239781,100.0,100.0,0.0,0.0,0.0,1.0,0.0,0.0,0.0,0.0,1.0,1,1.1653359207110179,0.015679877573334687,0,0,0.0
complex_queries,Q160,871,333.6116,324.0841,340.6756,3,OK,,"SELECT r1.r_name AS region_a, r2.r_name AS region_b, rev_a, rev_b, ROUND(rev_a / rev_b, 3) AS revenue_ratio FROM ( SELEC",11.0,7.8,1.0,0.0,0.0,1.0,10.0,4.0,0.4,0.0,1.0,221688.0,110205.0,22168.8,12.309030777774451,75.333,10.0,1.0,1.0,1.0,1.0,0.0,0.0,1.0,0.0,2.0,1,5.812970456212403,2.3701808088102867,1,1,0.9985714285714287
complex_queries,Q161,872,3.3381,3.1458,3.6877,3,OK,,"SELECT s_acctbal, s_name, n_name, p_partkey, p_mfgr, s_address, s_phone, s_comment FROM part, supplier, partsupp, nation",11.0,4.333333333333333,1.0,0.0,0.0,1.0,9.0,7.0,0.7777777777777778,0.0,1.3333333333333333,420.0,400.0,46.666666666666664,6.042632833682381,52.345555555555556,10.0,1.0,1.0,0.0,1.0,0.0,1.0,0.0,0.0,2.0,1,1.467436464236728,0.023715903637312425,1,1,0.975
complex_queries,Q162,873,20.1169,18.3702,21.7702,3,OK,,"SELECT o_orderpriority, COUNT(*) AS order_count FROM orders WHERE o_orderdate >= '1993-07-01' AND o_orderdate <  '1993-1",9.0,6.0,0.0,0.0,1.0,1.0,2.0,2.0,1.0,0.0,1.5,5556.0,5552.0,2778.0,8.622813673279921,66.66499999999999,33.33,1.0,1.0,1.0,1.0,0.0,0.0,0.0,0.0,1.0,1,3.0500736677617475,0.1429227590190379,0,0,0.008166666666666666
complex_queries,Q163,874,53.9888,53.2292,54.6078,3,OK,,"SELECT supp_nation, cust_nation, l_year, SUM(volume) AS revenue FROM ( SELECT n1.n_name AS supp_nation, n2.n_name AS cus",11.0,4.0,1.0,0.0,0.0,1.0,6.0,5.0,0.8333333333333334,0.0,1.5,640.0,595.0,106.66666666666667,6.46302945692067,64.66666666666667,19.0,1.0,1.0,1.0,1.0,0.0,0.0,0.0,0.0,1.0,1,4.007129528132135,0.38356944917591834,1,1,0.995
complex_queries,Q164,875,136.8418,132.7191,140.5447,3,OK,,"SELECT o_year, SUM(CASE WHEN nation = 'BRAZIL' THEN volume ELSE 0 END) / SUM(volume) AS mkt_share FROM ( SELECT YEAR(o_o",11.0,4.625,1.0,0.0,0.0,1.0,8.0,6.0,0.75,0.0,1.5,646.0,595.0,80.75,6.472346294500901,61.25,10.0,1.0,1.0,1.0,1.0,0.0,0.0,0.0,0.0,1.0,1,4.926106650753099,0.9722078255164254,1,1,1.0
complex_queries,Q165,876,217.2013,213.4282,224.5653,3,OK,,"SELECT nation, o_year, SUM(amount) AS sum_profit FROM ( SELECT n_name AS nation, YEAR(o_orderdate) AS o_year, l_extended",11.0,3.8333333333333335,1.0,0.0,0.0,1.0,6.0,5.0,0.8333333333333334,0.0,1.3333333333333333,19954.0,19919.0,3325.6666666666665,9.901235017482835,70.185,10.0,1.0,1.0,0.0,1.0,0.0,0.0,0.0,0.0,1.0,1,5.3854180312180695,1.5431308530897778,1,1,1.0
complex_queries,Q166,877,51.4768,50.8239,52.4932,3,OK,,"SELECT c_custkey, c_name, SUM(l_extendedprice * (1 - l_discount)) AS revenue, c_acctbal, n_name, c_address, c_phone, c_c",9.0,4.0,0.0,0.0,1.0,1.0,4.0,4.0,1.0,0.0,1.75,5683.0,5677.0,1420.75,8.64541048921699,77.5,10.0,1.0,1.0,1.0,1.0,0.0,0.0,0.0,0.0,1.0,1,3.9603711671669894,0.3657226650960739,0,0,0.03751190476190476
complex_queries,Q167,878,187.9774,186.6881,189.88,3,OK,,"SELECT ps_partkey, SUM(ps_supplycost * ps_availqty) AS part_value FROM partsupp, supplier, nation WHERE ps_suppkey  = s_",11.0,8.0,1.0,0.0,0.0,1.0,6.0,2.0,0.3333333333333333,0.0,1.0,165032.0,82490.0,27505.333333333332,12.013900732885384,68.0,4.0,1.0,1.0,0.0,1.0,0.0,1.0,0.0,0.0,2.0,1,5.241627431190199,1.335506397169807,1,1,1.0
complex_queries,Q168,879,179.4767,165.529,206.0429,3,OK,,"SELECT l_shipmode, SUM(CASE WHEN o_orderpriority = '1-URGENT' OR o_orderpriority = '2-HIGH' THEN 1 ELSE 0 END) AS high_l",11.0,6.5,1.0,0.0,0.0,1.0,2.0,1.0,0.5,0.0,1.5,594746.0,594745.0,297373.0,13.29589138401629,50.355,0.71,1.0,1.0,0.0,1.0,0.0,0.0,0.0,0.0,1.0,1,5.195601683568061,1.2751122262193557,1,1,1.0
complex_queries,Q169,880,185.5475,183.7406,188.9637,3,OK,,"SELECT c_count, COUNT(*) AS custdist FROM ( SELECT c_custkey, COUNT(o_orderkey) AS c_count FROM customer LEFT JOIN order",11.0,8.0,1.0,1.0,0.0,1.0,3.0,2.0,0.6666666666666666,0.0,1.0,235316.0,220410.0,78438.66666666667,12.368688820299473,100.0,100.0,1.0,1.0,1.0,1.0,0.0,0.0,1.0,0.0,2.0,1,5.228685898344456,1.3182429016938462,1,1,1.0
complex_queries,Q170,881,16.7123,15.9126,18.2526,3,OK,,SELECT ROUND( 100.00 * SUM(CASE WHEN p_type LIKE 'PROMO%' THEN l_extendedprice * (1 - l_discount) ELSE 0 END) / SUM(l_ex,9.0,5.5,0.0,0.0,1.0,1.0,2.0,2.0,1.0,0.0,1.5,7631.0,7630.0,3815.5,8.940105213128122,100.0,100.0,0.0,0.0,1.0,0.0,0.0,0.0,0.0,0.0,1.0,1,2.874259313492217,0.11873439871719135,0,0,0.00125
complex_queries,Q171,882,70.2427,68.691,72.9157,3,OK,,"SELECT s_suppkey, s_name, s_address, s_phone, total_revenue FROM supplier JOIN ( SELECT l_suppkey, SUM(l_extendedprice *",11.0,8.4,1.0,0.0,1.0,1.0,5.0,3.0,0.6,0.0,0.6,176633.0,44158.0,35326.6,12.081835074102658,82.0,10.0,1.0,1.0,1.0,1.0,0.0,1.0,1.0,0.0,3.0,1,4.26609235775942,0.49904709398299796,1,1,0.9966666666666666
complex_queries,Q172,883,20.9135,18.7481,22.6618,3,OK,,"SELECT p_brand, p_type, p_size, COUNT(DISTINCT ps_suppkey) AS supplier_cnt FROM partsupp, part WHERE p_partkey = ps_part",11.0,6.25,1.0,0.0,1.0,1.0,4.0,3.0,0.75,0.0,1.5,4136.0,3132.0,1034.0,8.327726166461412,95.0,80.0,1.0,1.0,1.0,1.0,0.0,0.0,0.0,0.0,2.0,1,3.0871028852585414,0.1485822925373516,1,1,0.9670238095238095
complex_queries,Q173,884,19.6178,19.3692,19.9109,3,OK,,"SELECT ROUND(SUM(l_extendedprice) / 7.0, 2) AS avg_yearly FROM lineitem, part WHERE p_partkey = l_partkey AND p_brand   ",11.0,5.666666666666667,1.0,0.0,0.0,1.0,3.0,2.0,0.6666666666666666,0.0,1.0,19977.0,19919.0,6659.0,9.902386947092095,67.0,1.0,0.0,0.0,0.0,1.0,0.0,1.0,0.0,0.0,2.0,1,3.026154780365238,0.13937684742100825,1,1,1.0
complex_queries,Q174,885,144.2409,142.0309,146.1147,3,OK,,"SELECT c_name, c_custkey, o_orderkey, o_orderdate, o_totalprice, SUM(l_quantity) AS total_qty FROM customer, orders, lin",11.0,6.5,1.0,1.0,0.0,1.0,4.0,3.0,0.75,0.0,1.75,743215.0,594745.0,185803.75,13.518741994775327,100.0,100.0,1.0,1.0,0.0,1.0,0.0,1.0,0.0,0.0,2.0,1,4.97839374316698,1.0247755564420533,1,1,0.9885
complex_queries,Q175,886,9.8652,9.2902,10.5822,3,OK,,"SELECT SUM(l_extendedprice * (1 - l_discount)) AS revenue FROM lineitem, part WHERE ( p_partkey = l_partkey AND p_brand ",11.0,7.0,1.0,0.0,0.0,1.0,2.0,1.0,0.5,0.0,1.5,19948.0,19919.0,9974.0,9.90093429574841,2.095,0.67,0.0,0.0,0.0,1.0,0.0,0.0,0.0,0.0,1.0,1,2.38556502127022,0.07008841333777135,1,1,1.0
complex_queries,Q176,887,1862.7222,1828.168,1926.2326,3,OK,,"WITH pipeline AS ( SELECT o_orderkey, o_custkey, o_orderdate, o_orderpriority, MIN(l_shipdate)                          ",11.0,8.333333333333334,1.0,0.0,0.0,1.0,3.0,1.0,0.3333333333333333,0.0,0.6666666666666666,757090.0,608621.0,252363.33333333334,13.537238736555413,100.0,100.0,1.0,1.0,0.0,0.0,0.0,0.0,1.0,0.0,2.0,1,7.5303309498040525,13.233917557377731,1,1,1.0
complex_queries,Q177,888,673.5259,634.1193,745.8924,3,OK,,"WITH supp_metrics AS ( SELECT l_suppkey, COUNT(*)                                                   AS shipments, SUM(l_",11.0,5.6,1.0,1.0,0.0,1.0,5.0,4.0,0.8,0.0,0.8,757092.0,608621.0,151418.4,13.537241378242289,100.0,100.0,1.0,1.0,1.0,0.0,0.0,0.0,1.0,0.0,2.0,1,6.514010073724531,4.78513985250116,1,1,1.0
complex_queries,Q178,889,258.0121,242.6397,284.8985,3,OK,,"WITH cust_metrics AS ( SELECT o_custkey, COUNT(DISTINCT o_orderkey)                   AS total_orders, SUM(o_totalprice)",11.0,6.25,1.0,1.0,0.0,1.0,4.0,3.0,0.75,0.0,1.0,296932.0,148465.0,74233.0,12.601261803110171,100.0,100.0,1.0,1.0,0.0,0.0,0.0,0.0,1.0,0.0,2.0,1,5.556874778754997,1.83307573196148,1,1,0.9990000000000001
complex_queries,Q179,890,1150.4788,1068.3381,1200.9245,3,OK,,"WITH part_sales AS ( SELECT l_partkey, SUM(l_quantity)                            AS units_sold, SUM(l_extendedprice * (",11.0,7.2,1.0,1.0,0.0,1.0,5.0,4.0,0.8,0.0,1.0,759755.0,594745.0,151951.0,13.540752608082505,100.0,100.0,1.0,1.0,0.0,0.0,0.0,0.0,1.0,0.0,2.0,1,7.048802308322697,8.173704909251022,1,1,1.0
complex_queries,Q180,891,320.2339,304.953,343.0257,3,OK,,"SELECT r_name    AS region, n_name    AS nation, order_year, order_count, total_revenue, avg_order_value, revenue_per_cu",11.0,7.8,1.0,0.0,0.0,1.0,5.0,2.0,0.4,0.0,1.0,110844.0,110205.0,22168.8,11.615888108028054,82.0,10.0,1.0,1.0,1.0,1.0,0.0,0.0,1.0,0.0,2.0,1,5.772169518222027,2.2751374475901693,1,1,1.0
complex_queries,Q181,892,1407.4105,1346.6734,1444.5511,3,OK,,"SELECT p_brand, l_shipmode, c_mktsegment, COUNT(*)                                          AS line_items, AVG(l_discoun",10.0,4.25,0.0,1.0,0.0,1.0,4.0,4.0,1.0,0.0,1.5,148471.0,148465.0,37117.75,11.90815166725814,100.0,100.0,1.0,1.0,1.0,0.0,0.0,0.0,0.0,0.0,1.0,1,7.250217042521497,9.999104818951409,1,1,0.9973181818181817
complex_queries,Q182,893,1467.2195,1423.8871,1532.1572,3,OK,,"WITH region_metrics AS ( SELECT r_name, SUM(l_extendedprice)                          AS gross_revenue, SUM(l_extendedpr",11.0,6.285714285714286,1.0,0.0,0.0,1.0,7.0,4.0,0.5714285714285714,0.0,1.4285714285714286,452423.0,451779.0,64631.857142857145,13.022375072214858,87.14285714285714,10.0,1.0,1.0,1.0,1.0,0.0,0.0,1.0,0.0,2.0,1,7.2918057211577505,10.424024527960732,1,1,1.0
complex_queries,Q183,894,163.3542,159.9465,168.4949,3,OK,,"SELECT first_order_year, COUNT(DISTINCT o_custkey)  AS cohort_size, AVG(lifetime_value)        AS avg_ltv, SUM(lifetime_",11.0,10.5,1.0,1.0,0.0,0.0,2.0,1.0,0.5,0.0,0.5,296930.0,148465.0,148465.0,12.60125506756129,100.0,100.0,1.0,0.0,0.0,0.0,0.0,0.0,1.0,0.0,2.0,1,5.102023855001223,1.1605681273629493,1,1,0.9992857142857143
complex_queries,Q184,895,985.8701,960.081,1005.4181,3,OK,,"WITH part_revenue AS ( SELECT l_partkey, SUM(l_extendedprice * (1 - l_discount)) AS revenue FROM lineitem GROUP BY l_par",11.0,8.75,1.0,1.0,0.0,1.0,4.0,2.0,0.5,0.0,0.75,1209438.0,594745.0,302359.5,14.005667173696716,100.0,100.0,1.0,1.0,0.0,0.0,0.0,0.0,1.0,0.0,2.0,1,6.894538419829752,7.004224046765395,1,1,1.0
complex_queries,Q185,896,628.7777,623.5989,636.2263,3,OK,,"WITH yearly_summary AS ( SELECT YEAR(o_orderdate)                        AS yr, COUNT(DISTINCT o_custkey)               ",11.0,7.6,1.0,0.0,0.0,1.0,5.0,2.0,0.4,0.0,1.0,891686.0,594745.0,178337.2,13.70087045312245,100.0,100.0,1.0,1.0,0.0,1.0,0.0,0.0,1.0,0.0,2.0,1,6.445366899973991,4.4672212763221415,1,1,1.0
complex_queries,Q186,897,155.1917,152.6126,159.2058,3,OK,,"WITH nation_supplier_stats AS ( SELECT n_name, COUNT(DISTINCT s_suppkey)                   AS supplier_count, AVG(s_acct",11.0,6.5,1.0,0.0,0.0,1.0,4.0,2.0,0.5,0.0,0.5,164982.0,82490.0,41245.5,12.0135977172717,100.0,100.0,1.0,1.0,0.0,0.0,0.0,0.0,1.0,0.0,2.0,1,5.051084098989924,1.1025767360207,1,1,1.0
complex_queries,Q187,898,1822.1808,1485.6298,2478.7937,3,OK,,"SELECT l_partkey, p_name, p_brand, MIN(o_orderdate)  AS first_ordered, MAX(o_orderdate)  AS last_ordered, DATEDIFF(MAX(o",10.0,5.0,0.0,1.0,0.0,1.0,3.0,3.0,1.0,0.0,1.3333333333333333,148470.0,148465.0,49490.0,11.908144931958773,100.0,100.0,1.0,1.0,1.0,0.0,0.0,0.0,0.0,0.0,1.0,1,7.5083379469414036,12.945886660843255,1,1,0.9814292929292929
complex_queries,Q188,899,1177.9854,1158.6083,1209.143,3,OK,,"SELECT c_mktsegment, avg_distinct_parts, avg_distinct_brands, avg_distinct_types, COUNT(*) AS customer_count FROM ( SELE",11.0,5.6,1.0,1.0,0.0,1.0,5.0,4.0,0.8,0.0,1.2,757092.0,608621.0,151418.4,13.537241378242289,100.0,100.0,1.0,1.0,1.0,0.0,0.0,0.0,1.0,0.0,2.0,1,7.072409517084954,8.369128615847618,1,1,1.0
complex_queries,Q189,900,605.9422,599.1977,612.7892,3,OK,,"SELECT r_name, l_shipmode, shipment_count, total_qty, total_revenue, ROUND(total_revenue / shipment_count, 2) AS revenue",11.0,7.0,1.0,0.0,0.0,1.0,6.0,3.0,0.5,0.0,1.1666666666666667,452422.0,451779.0,75403.66666666667,13.022372861896429,85.0,10.0,1.0,1.0,1.0,1.0,0.0,0.0,1.0,0.0,2.0,1,6.408433564120285,4.30498392048803,1,1,1.0
complex_queries,Q190,901,372.7132,356.0104,406.0296,3,OK,,"SELECT n_name, c_mktsegment, COUNT(*)                                         AS items_at_risk, SUM(l_extendedprice * (1",11.0,4.25,1.0,0.0,0.0,1.0,4.0,3.0,0.75,0.0,1.5,594748.0,594745.0,148687.0,13.29589474678506,75.25,1.0,1.0,1.0,0.0,1.0,0.0,0.0,0.0,0.0,1.0,1,5.923488658318779,2.647982485711738,1,1,1.0
complex_queries,Q191,902,46.3862,45.1531,47.45,3,OK,,"WITH weekly_sales AS ( SELECT YEARWEEK(o_orderdate) AS yr_week, SUM(o_totalprice)      AS weekly_revenue, COUNT(*)      ",11.0,11.0,1.0,0.0,0.0,0.0,3.0,0.0,0.0,1.0,0.3333333333333333,445395.0,148465.0,148465.0,13.006719053073564,100.0,100.0,1.0,1.0,0.0,0.0,0.0,0.0,1.0,0.0,2.0,1,3.8583310470712684,0.3295559298107012,1,1,1.0
complex_queries,Q192,903,827.4177,785.5863,867.4605,3,OK,,"WITH supply AS ( SELECT ps_partkey, SUM(ps_availqty) AS total_supply FROM partsupp GROUP BY ps_partkey ), demand AS ( SE",11.0,7.2,1.0,1.0,0.0,1.0,5.0,4.0,0.8,0.0,1.2,759740.0,594745.0,151948.0,13.5407328647069,90.0,50.0,1.0,1.0,0.0,1.0,0.0,0.0,1.0,0.0,2.0,1,6.719517495782787,5.878481304037231,1,1,1.0
complex_queries,Q193,904,188.9233,187.5319,190.1428,3,OK,,"SELECT c_mktsegment, wallet_tier, COUNT(*) AS customers, AVG(wallet_share_pct) AS avg_wallet_share FROM ( SELECT o_custk",11.0,8.0,1.0,0.0,0.0,1.0,3.0,1.0,0.3333333333333333,0.0,0.6666666666666666,296931.0,148465.0,98977.0,12.601258435341402,100.0,100.0,1.0,1.0,0.0,0.0,0.0,0.0,1.0,0.0,2.0,1,5.2466203064475545,1.3422266491845862,1,1,1.0
complex_queries,Q194,905,967.1589,926.9505,1013.8149,3,OK,,"SELECT ps_partkey, p_name, p_brand, total_stock, avg_monthly_demand, ROUND(total_stock / NULLIF(avg_monthly_demand, 0), ",11.0,7.2,1.0,1.0,0.0,1.0,5.0,4.0,0.8,0.0,1.0,759755.0,594745.0,151951.0,13.540752608082505,100.0,100.0,1.0,1.0,0.0,0.0,0.0,0.0,1.0,0.0,2.0,1,6.875396226697527,6.871288240127344,1,1,1.0
complex_queries,Q195,906,571.586,568.9785,576.5035,3,OK,,"SELECT o_orderpriority, l_shipmode, ROUND(AVG(DATEDIFF(l_shipdate,    o_orderdate)),  1) AS avg_order_to_ship, ROUND(AVG",11.0,7.0,1.0,0.0,0.0,1.0,2.0,1.0,0.5,0.0,1.0,148469.0,148465.0,74234.5,11.908138196614042,100.0,100.0,1.0,1.0,0.0,0.0,0.0,0.0,0.0,0.0,1.0,1,6.350162942487361,4.060896466983272,1,1,1.0
complex_queries,Q196,907,4779.9046,4760.3237,4794.0318,3,OK,,"WITH nation_scores AS ( SELECT n_name, cust_count, supp_count, order_count, total_revenue, avg_balance, (total_revenue -",11.0,8.333333333333334,1.0,0.0,0.0,1.0,6.0,2.0,0.3333333333333333,0.0,0.3333333333333333,440823240.0,220410803.0,73470540.0,19.90415453900474,100.0,100.0,1.0,1.0,0.0,1.0,0.0,0.0,1.0,0.0,2.0,1,8.472385054442498,33.95936517454432,1,1,1.0
complex_queries,Q197,908,642.4319,641.392,642.9769,3,OK,,"SELECT price_tier, discount_tier, COUNT(*)                                       AS transactions, AVG(l_quantity)       ",11.0,11.0,1.0,0.0,0.0,0.0,1.0,0.0,0.0,1.0,0.0,594745.0,594745.0,594745.0,13.295889702627665,100.0,100.0,1.0,1.0,0.0,0.0,0.0,0.0,0.0,0.0,1.0,1,6.466816193930228,4.564229062621112,1,1,1.0
complex_queries,Q198,909,3004.291,2932.7438,3056.7606,3,OK,,"SELECT r1.r_name AS region, total_orders, active_customers, total_revenue, avg_order_value, total_lineitems, avg_items_p",11.0,5.625,1.0,0.0,0.0,1.0,8.0,5.0,0.625,0.0,1.0,763184.0,608621.0,95398.0,13.54525574483502,100.0,100.0,1.0,1.0,0.0,0.0,0.0,0.0,1.0,0.0,2.0,1,8.008129680883084,21.34432037819268,1,1,1.0
complex_queries,Q199,910,1479.8676,1433.077,1509.4572,3,OK,,"SELECT p_type, order_year, annual_revenue, annual_qty, ROUND( annual_revenue / SUM(annual_revenue) OVER (PARTITION BY or",11.0,6.5,1.0,1.0,0.0,1.0,4.0,3.0,0.75,0.0,1.0,757091.0,608621.0,189272.75,13.537240057399723,100.0,100.0,1.0,1.0,1.0,0.0,0.0,0.0,1.0,0.0,2.0,1,7.300383411216773,10.513884364632819,1,1,1.0
complex_queries,Q200,911,1617.6228,1575.6956,1656.7518,3,OK,,"WITH order_metrics AS ( SELECT o_custkey, YEAR(o_orderdate)                        AS yr, COUNT(DISTINCT o_orderkey)    ",11.0,6.75,1.0,0.0,0.0,1.0,8.0,4.0,0.5,0.0,0.875,905572.0,608621.0,113196.5,13.716323171498962,90.0,20.0,1.0,1.0,0.0,1.0,0.0,0.0,1.0,0.0,2.0,1,7.389330943209766,11.49258154229038,1,1,1.0
